title,published_date,category,content,url,source
"Desa Sumberejo Gelar Semarak Selamatan ke-116, Hadirkan Ragam Kesenian dan Ritual Adat Selama 6 Pekan","June 17, 2026","Berita,,,Ragam","Beritamalang.media
– Pemerintah Desa Sumberejo, Kecamatan Batu, Kota Batu, menggelar rangkaian acara “Semarak Selamatan Desa Sumberejo Tahun 2026” dalam rangka memperingati hari jadi desa yang ke-116. Perayaan yang mengusung tema “Nyawiji Ing Roso Guyub Rukun Mbangun Ndeso” ini berlangsung mulai 28 Mei hingga 11 Juli 2026.
Kepala Desa Sumberejo, Drs. Riyanto bersama perangkat desa mengumumkan bahwa, perayaan tahun ini dikemas lebih meriah dengan memadukan kegiatan keagamaan, kerja bakti, kirab budaya, dan pagelaran seni tradisional.
Rangkaian acara dibuka pada Kamis, 28 Mei 2026, dengan pemasangan terop agung, pemasangan penjor dan janur serentak, pembacaan tahlil di masjid dan mushola, serta sambang punden.
Baca Juga:
Polres Batu Gelar Layanan On the Spot di CFD Sambut Hari Bhayangkara ke-80
“Keesokan harinya, Jumat 29 Mei 2026, warga melaksanakan kerja bakti serentak se-Desa Sumberejo, dilanjutkan pembacaan khotmil Qur’an dan do’a lintas agama, serta kirab atur tumpeng bulu bekti. Puncak kegiatan awal digelar Sabtu, 30 Mei 2026, dengan hajatan selamatan desa, cluntang dawet, selamatan Sumber Ngesong, dan pagelaran ludruk Persada Dusun Sumbersari,” terang Riyanto, Rabu (17/6/2026).
Ia jelaskan, memasuki bulan Juni, kemeriahan berlanjut setiap pekan. Pagelaran campursari Denata Ngantang akan memeriahkan Kamis, 4 Juni 2026. Disusul pagelaran pencak silat Harimau Putih Jagir pada 6 Juni, hadrah banjari Al-Rodeo bersama pengajian KH. Zainur Rozikin pada 7 Juni, dan musik eletone Rodeo pada 8 Juni.
“Karang Taruna Santrean akan menampilkan pagelaran tayub pada 11 Juni, sementara turnamen tarik tambang antarwarga digelar 14 Juni di Lapangan Dusun Sumbersari. Puncak hiburan dijadwalkan Senin, 15 Juni 2026, dengan kirab Grebeg Suro, pagelaran campursari, dan penampilan bintang tamu penyanyi dangdut Silvy Kumalasari,” ujar Drs. Riyanto.
Baca Juga:
Cegah Kebutaan Sejak Dini, Klinik Mata Batu Ajak Warga Cek Kesehatan Mata di CFD
Rangkaian acara kemudian dilanjutkan dengan pagelaran ludruk Armada Dampit pada 20 Juni, gala dinner tasyakuran oleh pemuda Dusun Sumberejo pada 26 Juni, serta pagelaran rogo Samboyo Putro pada 27 Juni. Di bulan Juli, warga akan disuguhkan pagelaran ludruk Sumber Budoyo pada 4 Juli, dan ditutup dengan pengajian umum kelompok penggali kubur bersama Gus Sableng, Bardolo, Cak Suro, dan Dalang Cilik Konate pada 11 Juli 2026.
Perayaan ini diharapkan menjadi momentum mempererat tali silaturahmi dan semangat gotong royong seluruh warga Desa Sumberejo. (*)
Baca Juga:
Satlantas Polres Batu Buka Layanan SIM dan Samsat Keliling Spesial di CFD HUT Bhayangkara ke-80",https://beritamalang.media/desa-sumberejo-gelar-semarak-selamatan-ke-116-hadirkan-ragam-kesenian-dan-ritual-adat-selama-6-pekan/,beritamalang_media
Polres Batu Gelar Layanan On the Spot di CFD Sambut Hari Bhayangkara ke-80,"June 14, 2026",Berita,"Beritamalang.media
– Polres Batu Polda Jatim membuka layanan On The Spot di acara Car Free Day (CFD) Jl. Sultan Agung, Kota Batu, Minggu (14/6/2026), dalam rangka Hari Bhayangkara ke-80.
Mengusung tema “80 Tahun Mengabdi POLRI untuk Masyarakat”, kegiatan berlangsung mulai pukul 06.00 WIB hingga selesai.
Kapolres Batu AKBP Dr. Aris Purwanto melalui Kasi Humas Iptu M. Huda Rohman menyampaikan, layanan ini bertujuan memberikan pelayanan prima bagi warga Kota Batu.
Baca Juga:
Desa Sumberejo Gelar Semarak Selamatan ke-116, Hadirkan Ragam Kesenian dan Ritual Adat Selama 6 Pekan
“Masyarakat bisa memanfaatkan berbagai layanan gratis langsung di lokasi CFD,” ujar Iptu Huda.
Layanan yang disediakan meliputi:
• Pemeriksaan kesehatan gratis:
cek kesehatan dasar dan konsultasi dengan tenaga medis tanpa biaya.
• SIM Keliling
: perpanjangan dan pengurusan SIM.
• Samsat Keliling:
pembayaran pajak kendaraan tahunan tanpa perlu ke kantor Samsat.
• Gebyar Bazar Murah:
stand sembako dan kebutuhan pokok dengan harga terjangkau.
Iptu Huda mengajak masyarakat yang hadir di CFD untuk memanfaatkan layanan tersebut.
Baca Juga:
Cegah Kebutaan Sejak Dini, Klinik Mata Batu Ajak Warga Cek Kesehatan Mata di CFD
“Kegiatan ini wujud nyata komitmen Polri untuk selalu dekat dan melayani masyarakat,” pungkasnya. (*)",https://beritamalang.media/polres-batu-gelar-layanan-on-the-spot-di-cfd-sambut-hari-bhayangkara-ke-80/,beritamalang_media
"Cegah Kebutaan Sejak Dini, Klinik Mata Batu Ajak Warga Cek Kesehatan Mata di CFD","June 14, 2026",Berita,"Beritamalang.media
– Klinik Utama Ishk Tolaram Eye Centre memanfaatkan momentum Car Free Day di Kota Batu, untuk mensosialisasikan program kesehatan mata sekaligus memperkenalkan layanannya kepada masyarakat.
Manager Klinik Utama Ishk Tolaram Eye Centre, Kristina Elok Wulandari, menjelaskan bahwa kegiatan ini bertujuan mempublikasikan klinik sekaligus mengedukasi warga tentang program yang sedang berjalan.
“Bulan ini adalah Bulan Kesadaran Katarak. Kami memberikan diskon 40 persen untuk tindakan operasi katarak bagi pasien yang ingin ditangani di tempat kami,” ujar Kristina saat ditemui di lokasi CFD, Minggu (14/6/2026).
Baca Juga:
Desa Sumberejo Gelar Semarak Selamatan ke-116, Hadirkan Ragam Kesenian dan Ritual Adat Selama 6 Pekan
Ia menambahkan, diskon 40 persen berlaku khusus untuk tindakan operasi. Sementara biaya pendaftaran, obat, dan konsultasi dokter tetap dikenakan. Untuk pasien baru, biaya pendaftaran ditetapkan Rp45.000. Adapun biaya obat disesuaikan dengan kebutuhan berdasarkan anjuran dokter.
Selain layanan berbayar, klinik juga memiliki program operasi katarak gratis. Program premium dengan diskon 40 persen ditujukan bagi pasien umum yang menghendaki layanan berbayar.
Kristina menekankan pentingnya deteksi dini gangguan penglihatan, terutama pada anak-anak. Berdasarkan pengalaman klinik, banyak anak datang dengan minus tinggi, bahkan mencapai minus empat dan lima, tanpa disadari orang tua.
Baca Juga:
Polres Batu Gelar Layanan On the Spot di CFD Sambut Hari Bhayangkara ke-80
“Anak-anak sering tidak menyampaikan keluhan ke orang tua. Tahu-tahu saat diminta membaca mereka sudah tidak bisa. Padahal risikonya tinggi karena penggunaan gadget yang berlebihan pada generasi sekarang,” katanya.
Dalam kegiatan CFD, klinik memfasilitasi pemeriksaan mata gratis untuk anak-anak yang hadir. Hal ini sejalan dengan visi Ishk Tolaram Eye Centre untuk mengurangi angka kebutaan yang dapat dicegah.
“Anak-anak yang butuh kacamata jangan sampai terlambat. Pasien katarak juga harus segera ditangani agar tidak berakibat fatal, seperti gangguan saraf mata,” jelas Kristina.
Baca Juga:
Satlantas Polres Batu Buka Layanan SIM dan Samsat Keliling Spesial di CFD HUT Bhayangkara ke-80
Pihak klinik juga aktif memberikan edukasi ke sekolah-sekolah. Anak-anak diimbau untuk tidak terus-menerus bermain handphone, meluangkan waktu istirahat mata, dan melatih melihat objek jarak jauh. Peran orang tua dinilai krusial dalam mengawasi kesehatan mata anak.
Ishk Tolaram Eye Centre berlokasi di Jl. Jack D, Pesanggrahan, Kec. Batu, Kota Batu. (*)
Baca Juga:
31 Anak Terpilih Jadi Anggota Pocil Polres Batu, Siap Wakili Kota Batu di Lomba Polda Juni 2026",https://beritamalang.media/cegah-kebutaan-sejak-dini-klinik-mata-batu-ajak-warga-cek-kesehatan-mata-di-cfd/,beritamalang_media
Satlantas Polres Batu Buka Layanan SIM dan Samsat Keliling Spesial di CFD HUT Bhayangkara ke-80,"June 14, 2026",Berita,"Beritamalang.media
– Dalam rangka memperingati HUT Bhayangkara ke-80, Satlantas Polres Batu menghadirkan layanan spesial SIM Keliling dan Samsat Keliling bagi warga Kota Batu. Layanan yang biasanya libur di hari Minggu ini dibuka khusus di area Car Free Day Jalan Sultan Agung.
Kapolres Batu AKBP Dr. Aris Purwanto melalui Kasatlantas Polres Batu AKP Matheus Jaka Iswantara mengatakan, pembukaan layanan khusus ini merupakan bentuk peningkatan pelayanan kepada masyarakat.
“Biasanya di hari Minggu tidak ada layanan khusus untuk SIMLING maupun SAMLING. Tetapi hari Minggu ini spesial kita adakan. Ternyata banyak juga peminatnya, warga juga sangat antusias mengikuti kegiatan,” ujarnya, Minggu (14/6/2026).
Baca Juga:
Desa Sumberejo Gelar Semarak Selamatan ke-116, Hadirkan Ragam Kesenian dan Ritual Adat Selama 6 Pekan
Layanan yang dibuka meliputi perpanjangan SIM A, B, dan C. Selain itu, Satlantas Polres Batu juga berupaya meningkatkan pelayanan di pagi dan sore hari.
AKP Matheus menambahkan, kegiatan positif serupa akan diperbanyak menyambut HUT Bhayangkara ke-80. Ia berharap masyarakat semakin tertib berlalu lintas dan tertib administrasi kendaraan.
“Kami berharap kepada masyarakat mari tingkatkan tertib lalu lintas dan administrasi,” tutupnya.
Baca Juga:
Polres Batu Gelar Layanan On the Spot di CFD Sambut Hari Bhayangkara ke-80
Antusiasme warga terlihat jelas di lokasi kegiatan yang bertepatan dengan Car Free Day. Banyak yang memanfaatkan kesempatan untuk mengurus perpanjangan SIM tanpa harus menunggu hari kerja. (*)",https://beritamalang.media/satlantas-polres-batu-buka-layanan-sim-dan-samsat-keliling-spesial-di-cfd-hut-bhayangkara-ke-80/,beritamalang_media
"31 Anak Terpilih Jadi Anggota Pocil Polres Batu, Siap Wakili Kota Batu di Lomba Polda Juni 2026","June 14, 2026",Berita,"Salah satu anggota termuda adalah Syafiqa Bilqis Atqiya Pambudi (9 tahun) siswa kelas 3 SD dari MI Miftahul Ulum.
Beritamalang.media
– Sebanyak 31 siswa terpilih resmi menjadi anggota Polisi Cilik (Pocil) Polres Batu setelah melalui seleksi ketat dari 120 pendaftar. Mereka akan mewakili Kota Batu dalam lomba Pocil tingkat Polda Jawa Timur pada 23 Juni 2026 mendatang.
Proses seleksi berlangsung selama 6 bulan, mulai dari rekrutmen hingga rangkaian tes kesehatan meliputi THT, berat badan, tinggi badan, jantung, dan tensi. Selain itu, panitia juga menilai prestasi akademik, kreativitas, dan kedisiplinan para peserta.
Baca Juga:
Desa Sumberejo Gelar Semarak Selamatan ke-116, Hadirkan Ragam Kesenian dan Ritual Adat Selama 6 Pekan
Dari 120 anak yang mendaftar berasal dari 31 sekolah di Kota Batu, hanya 31 peserta dari 16 sekolah yang dinyatakan lolos. Salah satu anggota termuda adalah Syafiqa Bilqis Atqiya Pambudi (9 tahun) siswa kelas 3 SD dari MI Miftahul Ulum.
Koordinator Pelatih Pocil Polres Batu, Fitri, S.H., menyampaikan rasa bangganya atas terpilihnya anak-anak tersebut.
“Orang tua juga bangga karena anak-anak sudah dipilih dari masing-masing sekolah. Itu artinya mereka sudah terpilih dan dipercaya,” ujarnya, Minggu (14/6/2026).
Baca Juga:
Polres Batu Gelar Layanan On the Spot di CFD Sambut Hari Bhayangkara ke-80
Fitri berharap tim Pocil Polres Batu bisa meraih kemenangan di ajang lomba nanti.
“Semoga lombanya nanti menang, dan bisa membawa nama baik Kota Batu, Polres, sekolah, serta nama orang tua,” harapnya.
Pelatihan intensif terus dilakukan untuk mempersiapkan 31 anggota Pocil ini sebelum bertanding di Polda Jawa Timur. (*)
Baca Juga:
Cegah Kebutaan Sejak Dini, Klinik Mata Batu Ajak Warga Cek Kesehatan Mata di CFD",https://beritamalang.media/31-anak-terpilih-jadi-anggota-pocil-polres-batu-siap-wakili-kota-batu-di-lomba-polda-juni-2026/,beritamalang_media
"Sambut HUT Bhayangkara ke-80, Polres Batu Buka Layanan SIM dan Pajak di CFD","June 12, 2026",Berita,"Beritamalang.media
– Dalam rangka memperingati Hari Ulang Tahun Bhayangkara ke-80, Polres Batu menghadirkan layanan publik langsung di tengah warga.
Kasatlantas Polres Batu AKP Matheus Jaka Iswantara menyampaikan, pihaknya membuka layanan SIMING untuk perpanjangan SIM A dan C, serta SAMLING untuk pembayaran pajak kendaraan bermotor, PBB, dan STNK. Kegiatan ini digelar pada Minggu, 14 Juni 2026, mulai pukul 06.00 hingga 10.00 WIB.
Lokasi pelayanan dipusatkan di Jalan Sultan Agung, Kota Batu, bertepatan dengan area Car Free Day. Warga yang berolahraga pagi bisa langsung mengurus administrasi kendaraan tanpa perlu datang ke kantor.
Baca Juga:
Desa Sumberejo Gelar Semarak Selamatan ke-116, Hadirkan Ragam Kesenian dan Ritual Adat Selama 6 Pekan
“80 Tahun Polri Mengabdi kepada Masyarakat. Kami manfaatkan momen ini untuk mendekatkan pelayanan ke warga,” ujar AKP Matheus, Jumat (12/6/2026).
Selain layanan administrasi, Polres Batu juga menyiapkan hiburan. Pengunjung Car Free Day bisa menyaksikan penampilan POCIL, aksi Free Style, dan atraksi Bontas.
Polres Batu mengajak masyarakat memanfaatkan kesempatan ini untuk mengurus dokumen kendaraan sambil menikmati suasana CFD Kota Batu. (*)
Baca Juga:
Polres Batu Gelar Layanan On the Spot di CFD Sambut Hari Bhayangkara ke-80",https://beritamalang.media/sambut-hut-bhayangkara-ke-80-polres-batu-buka-layanan-sim-dan-pajak-di-cfd/,beritamalang_media
"Kebakaran Pabrik di Junrejo Batu Dipadamkan Setelah 3 Jam, Dugaan Awal dari Mesin Produksi Sirup","June 12, 2026",Berita,"Beritamalang.media
– Kebakaran melanda sebuah pabrik di Jalan Semeru 2 No. 9, Desa Pendem, Kecamatan Junrejo, Kota Batu, Kamis malam 11 Juni 2026. Dinas Pemadam Kebakaran dan Penyelamatan Kota Batu mencatat waktu respons tim hanya 12 menit sejak laporan diterima.
Kepala Dinas Pemadam Kebakaran dan Penyelamatan Kota Batu, Agung Sedayu, menyampaikan laporan kejadian. Petugas menerima laporan melalui panggilan darurat kode 65 pada pukul 19.45 WIB. Personel dan armada langsung diberangkatkan ke lokasi kejadian pada pukul 19.47 WIB.
“Tim tiba di Tempat Kejadian Kebakaran pada pukul 19.57 WIB. Proses pemadaman, pendinginan, dan investigasi langsung dilakukan di lokasi. Api baru dinyatakan padam pada pukul 22.25 WIB. Seluruh personel kemudian kembali ke Mako dan tiba pada pukul 22.50 WIB,” terang Agung Sedayu, Jumat (12/6/2026).
Baca Juga:
Desa Sumberejo Gelar Semarak Selamatan ke-116, Hadirkan Ragam Kesenian dan Ritual Adat Selama 6 Pekan
Menurutnya, lokasi yang terbakar merupakan area produksi pabrik dengan pemilik belum teridentifikasi. Berdasarkan keterangan, api diduga muncul pertama kali pada mesin produksi sirup pemanis buatan. Api kemudian merembet ke ruang produksi sablon kaos.
“Untuk memadamkan api, petugas menggunakan cairan foam agar api tidak merembet ke bangunan tetangga di sisi kanan dan kiri. Operasi melibatkan, Regu Jaya,Regu Yudha, dan Kasi Pemadaman. Armada yang dikerahkan terdiri dari, Unit Gajah 3, Unit Gajah 4, dan 2 unit suplai,” ujarnya.
Sejumlah instansi turut terlibat dalam penanganan, meliputi Dinas Damkarmat Kota Batu, PSC Kota Batu, Polres Kota Batu, Arhanud, Relawan Bams, Tagana, Perangkat Desa Pendem, warga, dan Redkar Kota Batu.
Baca Juga:
Polres Batu Gelar Layanan On the Spot di CFD Sambut Hari Bhayangkara ke-80
Laporan kejadian dibuat oleh personel Regu Jaya. Koordinat lokasi kejadian berada di 7.900420, 112.580126. (*)",https://beritamalang.media/kebakaran-pabrik-di-junrejo-batu-dipadamkan-setelah-3-jam-dugaan-awal-dari-mesin-produksi-sirup/,beritamalang_media
Satresnarkoba Polres Batu Gencarkan Edukasi Anti-Narkoba untuk Siswa SD,"June 12, 2026",Berita,"Beritamalang.media
– Satresnarkoba Polres Batu kembali menguatkan benteng pencegahan narkoba di kalangan anak-anak melalui kegiatan pembinaan dan penyuluhan di SDN 2 Bumiaji, Kota Batu, Kamis pagi (11/6/2026).
Kegiatan yang dikemas interaktif dan humanis ini dipimpin langsung oleh Aipda Dhesi Fabiyanti dan Brigpol Stifi Pangestika. Di hadapan siswa dan guru, keduanya menjelaskan jenis-jenis narkoba, dampak buruknya bagi kesehatan fisik dan mental, serta cara menolak bujuk rayu pengedar yang kini mulai menyasar anak sekolah dasar.
Dengan tema
“Kenali Bahaya Sejak Dini”
, petugas menekankan bahwa edukasi sejak kecil adalah kunci pencegahan. Siswa diberi pemahaman dasar tentang dampak narkoba: merusak fungsi otak, menurunkan prestasi belajar, memicu perubahan perilaku ekstrem, hingga menghancurkan masa depan.
Baca Juga:
Desa Sumberejo Gelar Semarak Selamatan ke-116, Hadirkan Ragam Kesenian dan Ritual Adat Selama 6 Pekan
“Jangan mudah menerima makanan, minuman, atau permen dari orang yang tidak dikenal. Modus pengedar narkoba sekarang semakin beragam,” ujar Aipda Desi, Jumat (12/6/2026).
Ia juga mengajak siswa menyalurkan energi ke kegiatan positif seperti olahraga, belajar, dan mengasah bakat untuk membangun pola hidup sehat.
Kapolres Batu AKBP Dr. Aris Purwanto, S.H., S.I.K., M.H., melalui Ps. Kasi Humas Iptu M. Huda Rohman, menyebut sekolah adalah benteng utama melindungi generasi penerus dari bahaya narkoba.
Baca Juga:
Polres Batu Gelar Layanan On the Spot di CFD Sambut Hari Bhayangkara ke-80
“Edukasi ini kami sasar ke tingkat SD sebagai langkah proteksi dini. Anak-anak harus paham sejak awal bahwa narkoba itu berbahaya dan merusak segalanya. Kami ingin tanamkan pola pikir
‘Say No to Drugs’
agar mereka punya daya tangkal kuat,” tegas Iptu Huda.
Program Binluh ini akan terus digalakkan ke sekolah lain di wilayah hukum Polres Batu. Polisi juga mengajak guru dan orang tua aktif mengawasi tumbuh kembang anak demi mewujudkan Kota Batu Bersinar – Bersih Narkoba. (*)
Baca Juga:
Cegah Kebutaan Sejak Dini, Klinik Mata Batu Ajak Warga Cek Kesehatan Mata di CFD",https://beritamalang.media/satresnarkoba-polres-batu-gencarkan-edukasi-anti-narkoba-untuk-siswa-sd/,beritamalang_media
"Ngopi Bareng Media, Kasat Reskrim Batu Bahas Kemitraan Lawan Hoax","June 9, 2026",Berita,"Beritamalang.media
– Suasana akrab terlihat saat Kasat Reskrim Polres Batu AKP Zaenal Arifin, S.H., berbincang santai dengan para jurnalis di Caffe SAE, Mapolres Batu. Kegiatan silaturahmi ini digelar untuk memperkuat kolaborasi antara polisi dan media.
Dalam obrolan tersebut, AKP Zaenal menekankan pentingnya peran media sebagai penyalur informasi, yang kredibel ke masyarakat. Ia menilai komunikasi dua arah bisa menekan potensi kesimpangsiuran berita.
“Kami ingin jalur komunikasi dengan teman-teman media tetap terbuka. Informasi yang sampai ke publik harus cepat, tepat, dan berimbang, apalagi sekarang hoax gampang viral di media sosial,” kata AKP Zaenal, Selasa (9/6/2026).
Baca Juga:
Desa Sumberejo Gelar Semarak Selamatan ke-116, Hadirkan Ragam Kesenian dan Ritual Adat Selama 6 Pekan
Ia juga menyoroti banyaknya informasi belum terverifikasi di ruang digital. Karena itu Polres Batu mengajak awak media bekerja sama untuk melakukan cek fakta, dan edukasi agar masyarakat lebih kritis terhadap berita yang beredar.
Para wartawan yang hadir menyambut baik inisiatif ini. Mereka menilai dialog langsung seperti ini membantu kelancaran akses informasi di lapangan sekaligus memperkuat transparansi kepolisian.
AKP Zaenal berharap kegiatan serupa bisa diagendakan rutin demi menjaga kondusivitas Kota Batu, dan meminimalisir penyebaran disinformasi. (*)
Baca Juga:
Polres Batu Gelar Layanan On the Spot di CFD Sambut Hari Bhayangkara ke-80",https://beritamalang.media/ngopi-bareng-media-kasat-reskrim-batu-bahas-kemitraan-lawan-hoax/,beritamalang_media
AKP Kevin Ibrahim Pamit dari Polres Batu: Tinggalkan Kenangan dan Harapan Lalu Lintas Lancar,"June 3, 2026",Berita,"Beritamalang.media
– Masa tugas AKP Kevin Ibrahim, S.Tr.K., S.I.K. sebagai Kasat Lantas Polres Batu resmi berakhir. Selama 1 tahun 5 bulan 10 hari bertugas, ia mengaku merasakan kekeluargaan yang kental antara pimpinan dan anggota.
“Polres Batu ini kekeluargaannya tinggi, baik antar pimpinan maupun anggota. Banyak kenangan dan cerita selama saya berdinas di sini,” ujar Kevin.
Sepanjang masa jabatannya, ia dua kali memimpin Operasi Lilin dan dua kali Operasi Ketupat. Momen paling menonjol terjadi saat penanganan kecelakaan bus yang lalu. Beruntung, kasus itu bisa ditangani dengan baik.
Baca Juga:
Desa Sumberejo Gelar Semarak Selamatan ke-116, Hadirkan Ragam Kesenian dan Ritual Adat Selama 6 Pekan
Menjelang serah terima jabatan, Kevin menitipkan pesan untuk penggantinya. Ia berharap Kasat Lantas baru bisa melanjutkan program yang sudah berjalan, terutama saat operasi besar dan akhir pekan.
“Harapan saya Kota Batu tetap tidak macet. Dinamika wisatawan di sini tinggi, tapi saya yakin Kasat Lantas, yang baru mampu memimpin anggota dengan baik. Jadi wisatawan yang berlibur ke Batu tetap merasa nyaman, aman, dan tidak terjebak macet,” pesannya.
Dari sisi data, selama kepemimpinannya angka kecelakaan lalu lintas berdasarkan anev tahunan tercatat menurun. Sementara jumlah pelanggaran justru naik. Penyebabnya, Satlantas tidak lagi menggelar tilang manual dan hanya mengandalkan tilang elektronik.
Baca Juga:
Polres Batu Gelar Layanan On the Spot di CFD Sambut Hari Bhayangkara ke-80
“Kesadaran masyarakat untuk tertib lalu lintas masih kurang karena tidak ada tilang manual,” jelasnya. (*)",https://beritamalang.media/akp-kevin-ibrahim-pamit-dari-polres-batu-tinggalkan-kenangan-dan-harapan-lalu-lintas-lancar/,beritamalang_media
"Sertijab Pejabat Utama Polres Batu, AKBP Aris Pesan Kamtibmas Kota Wisata Harus Siaga","June 3, 2026",Berita,"Beritamalang.media
– Polres Batu Polda Jatim menggelar upacara Serah Terima Jabatan Pejabat Utama dan Kapolsek jajaran di Mapolres Batu, Rabu 3/6/2026. Kapolres Batu AKBP Dr. Aris Purwanto, S.H., S.I.K., M.H. memimpin langsung prosesi tersebut, Rabu (3/6/2026).
Mutasi ini merujuk Surat Telegram Kapolda Jatim No: ST/579/V/KEP./2026 tanggal 19 Mei 2026. Kapolres menyebut rotasi jabatan hal wajar di Polri untuk penyegaran dan meningkatkan kinerja.
Usai pengambilan sumpah dan penandatanganan pakta integritas, Kapolres menekankan pentingnya menjaga Kamtibmas di Kota Batu, yang dinamis serta memperkuat sinergi dengan instansi dan masyarakat.
Baca Juga:
Desa Sumberejo Gelar Semarak Selamatan ke-116, Hadirkan Ragam Kesenian dan Ritual Adat Selama 6 Pekan
“Mutasi untuk meningkatkan kualitas pelayanan publik. Terima kasih pejabat lama atas dedikasinya. Untuk pejabat baru, segera adaptasi karena Batu kota wisata yang menuntut kesigapan tinggi,” ujar AKBP Aris.
Jabatan yang diserahterimakan:
• Kabag SDM:
Kompol Mustakim ke Kompol Suwarno
• Kasatlantas
: AKP Kevin Ibrahim ke AKP Matheus Jaka Iswantara
• Kasatreskrim
: AKP Joko Suprianto ke AKP Zaenal Arifin
• Kapolsek Kasembon
: AKP Daguk Lasetiyo Budi ke AKP Sugihartono
• Kapolsek Pujon
: AKP Sugihartono ke AKP Rudy Hidajanto
Acara ditutup dengan ucapan selamat dari Kapolres dan pejabat yang hadir. (*)
Baca Juga:
Polres Batu Gelar Layanan On the Spot di CFD Sambut Hari Bhayangkara ke-80",https://beritamalang.media/sertijab-pejabat-utama-polres-batu-akbp-aris-pesan-kamtibmas-kota-wisata-harus-siaga/,beritamalang_media
Fasilitas Baru Dongkrak Kunjungan Selecta Tembus 5.700 Orang Sehari,"June 2, 2026","Berita,,,Bisnis,,,Kuliner,,,Wisata","Beritamalang.media –
Geliat pariwisata Kota Batu kembali terasa. Taman Rekreasi Selecta menjadi salah satu destinasi yang paling diburu wisatawan saat long weekend kali ini.
Sejak Rabu pagi, gerbang Selecta sudah ramai antrean kendaraan pelat luar kota. Suasana makin padat menjelang Minggu. Puncaknya, tercatat 5.700 wisatawan membanjiri taman bersejarah peninggalan Belanda itu dalam sehari.
“Rabu 2.000 orang, Kamis 2.000 orang, Jumat 1.000 orang. Tapi puncaknya Minggu kemarin, 5.700 pengunjung,” kata Direktur Taman Rekreasi Selecta, Pramono, saat ditemui di lokasi, Selasa (2/6/2026).
Baca Juga:
Desa Sumberejo Gelar Semarak Selamatan ke-116, Hadirkan Ragam Kesenian dan Ritual Adat Selama 6 Pekan
Lonjakan ini, menurut Pramono, bukan kebetulan. Sejak manajemen menghadirkan wahana baru seperti Dino Ranch, kolam renang tematik, hingga pertunjukan dino kostum, Selecta seperti dapat “napas baru”.
“Kami memang sengaja menambah fasilitas. Tujuannya supaya wisatawan yang datang tidak hanya lihat taman bunga, tapi juga dapat pengalaman baru,” jelasnya.
Menurutnya, strategi digital juga jadi kunci. Promosi lewat media sosial bikin Selecta kembali viral. Video atraksi dinosaurus dan pemandangan taman bunga banyak dibagikan warganet, sehingga jangkauannya meluas sampai luar Jawa Timur.
Baca Juga:
Polres Batu Gelar Layanan On the Spot di CFD Sambut Hari Bhayangkara ke-80
“Yang kami sajikan sekarang lebih terekspos. Wisatawan jadi penasaran dan akhirnya datang langsung ke sini,” tambah Pramono.
Dengan cuaca cerah dan udara sejuk khas pegunungan, Selecta memang masih jadi pilihan utama keluarga untuk melepas penat. Dan tampaknya, kombinasi nostalgia dan inovasi baru ini berhasil bikin Selecta tetap relevan di tengah ketatnya persaingan wisata Batu. (Kharis)
Baca Juga:
Cegah Kebutaan Sejak Dini, Klinik Mata Batu Ajak Warga Cek Kesehatan Mata di CFD",https://beritamalang.media/fasilitas-baru-dongkrak-kunjungan-selecta-tembus-5-700-orang-sehari/,beritamalang_media
"7 Cafe Batu Hadirkan Kopi + Pitutur Jawa, Ramai Dikunjungi 150 Orang Per Hari","May 31, 2026","Berita,,,Bisnis,,,Kuliner","Beritamalang.media –
Kuliner kopi di Kota Batu terus tumbuh. Salah satunya 7 Cafe yang berlokasi di Jalan. Panglima Sudirman No. 82-80, Ngaglik, Batu. Berdiri sekitar 2 tahun lalu, kafe ini kini jadi tujuan nongkrong malam warga dan wisatawan.
Owner 7 Cafe, Totorori, menyebut nama “7 Cafe” terinspirasi dari 7 pitutur Jawa. Mulai dari
Urip iku Urup
hingga
Gusti Paring Dalan Kanggo Wong Kang Gelem Dalan
. Filosofi itu juga dituangkan ke menu: 7 varian kopi dengan harga Rp8 ribu – Rp18 ribu.
“Menu kopi kami sesuaikan ada 7 jenis. Harganya terjangkau untuk semua kalangan. Buka jam 16.00-01.00 WIB,” ujar Toto, Sabtu 30/5/2026.
Baca Juga:
Desa Sumberejo Gelar Semarak Selamatan ke-116, Hadirkan Ragam Kesenian dan Ritual Adat Selama 6 Pekan
Varian terlarisnya ada Kopi Jomblow Tubruk Rp8K, Kopi Pitu House Blend Rp10K, dan Suspen serta Mami Rp18K. Selain kopi dan teh, tersedia camilan ringan.
Fasilitas parkir luas untuk 40 motor dan 10 mobil, plus toilet bersih. Tiap hari, kafe ini dikunjungi 150+ orang.
“7 Cafe jadi magnet tersendiri bagi penikmat kopi. Semoga ikut dongkrak ekonomi Kota Wisata Batu,” kata Mamad, pengunjung asal Bumiaji. (*)
Baca Juga:
Polres Batu Gelar Layanan On the Spot di CFD Sambut Hari Bhayangkara ke-80",https://beritamalang.media/7-cafe-batu-hadirkan-kopi-pitutur-jawa-ramai-dikunjungi-150-orang-per-hari/,beritamalang_media
"Wisata ke Kota Batu Aman, Polres Gencar Patroli + Sosialisasi Call 110","May 30, 2026",Berita,"Beritamalang.media
– Menyambut libur panjang, Polres Batu memperketat pengamanan di titik rawan macet dan kawasan wisata. Langkah ini ditandai dengan peninjauan langsung ke lokasi strategis yang dipimpin Kabag Ops AKP Hendro Utaryo bersama Pamapta, Sabtu (30/5/2026).
Fokus patroli, memantau arus lalu lintas, memetakan titik rawan, serta memastikan kesiapan personel agar wisatawan dan warga merasa aman selama beraktivitas di Kota Batu.
Selain patroli, petugas juga berdialog langsung dengan pengelola wisata dan pengunjung. Materi utamanya: sosialisasi Call Center 110 sebagai layanan darurat kepolisian.
Baca Juga:
Desa Sumberejo Gelar Semarak Selamatan ke-116, Hadirkan Ragam Kesenian dan Ritual Adat Selama 6 Pekan
“Target kami jelas. Warga dan wisatawan harus tahu ke mana melapor saat darurat. Call Center 110 gratis, aktif 24 jam. Silakan manfaatkan dengan bijak,” tegas AKP Hendro di sela patroli.
Polres Batu berharap lewat sosialisasi ini masyarakat ikut menjaga kondusivitas. Wisatawan diimbau tertib lalu lintas, dan patuh arahan petugas demi kelancaran liburan di Kota Wisata Batu. (*)
Baca Juga:
Polres Batu Gelar Layanan On the Spot di CFD Sambut Hari Bhayangkara ke-80",https://beritamalang.media/wisata-ke-kota-batu-aman-polres-gencar-patroli-sosialisasi-call-110/,beritamalang_media
"Lippo Plaza Batu Peduli, 320 Paket Daging Kurban Dibagikan kepada Warga dan Driver Ojol","May 28, 2026","Berita,,,Ragam","Beritamalang.media
– Dalam rangka memperingati Hari Raya Idul Adha 1447 H, Lippo Plaza Batu membagikan daging kurban kepada warga sekitar dan para driver ojek online di Kota Batu pada Kamis (28/5/2026).
Mall Director Lippo Plaza Batu, Agus Saputera, menyampaikan bahwa kegiatan ini bertujuan untuk berbagi kebahagiaan Idul Adha sekaligus memberikan dampak langsung bagi masyarakat sekitar, termasuk para driver ojol yang selama ini bersinergi dengan pihak mall.
“Kami juga berbagi dengan ojol karena mereka berhubungan langsung dengan kami dan membantu perekonomian kami, mengantarkan makanan dan barang dari sini ke pelanggan. Jadi kami libatkan mereka agar bisa ikut merasakan,” ujar Agus.
Baca Juga:
Desa Sumberejo Gelar Semarak Selamatan ke-116, Hadirkan Ragam Kesenian dan Ritual Adat Selama 6 Pekan
Dalam pembagian tersebut, pihak mall menyiapkan 320 pack daging sapi murni tanpa tulang. Selain daging, paket bantuan juga berisi minyak goreng. Warga penerima berasal dari Kelurahan Temas dan sekitarnya.
“Daging ini pilihan murni tanpa tulang. Kami siapkan agar ketika mereka pulang, langsung bisa memasak dagingnya,” tambah Agus.
Pihak Lippo Plaza Batu berharap kegiatan serupa dapat digelar dengan jumlah yang lebih besar pada tahun depan, sehingga lebih banyak masyarakat dan driver ojol yang bisa merasakan semangat berbagi di Hari Raya Idul Adha. (*)
Baca Juga:
Polres Batu Gelar Layanan On the Spot di CFD Sambut Hari Bhayangkara ke-80",https://beritamalang.media/lippo-plaza-batu-peduli-320-paket-daging-kurban-dibagikan-kepada-warga-dan-driver-ojol/,beritamalang_media
DPC PDI Perjuangan Kota Batu Terima 5 Ekor Sapi Kurban dari DPD Jatim,"May 27, 2026",Berita,"Beritamalang.media
– DPC PDI Perjuangan Kota Batu menerima bantuan 5 ekor sapi kurban dari DPD PDI Perjuangan Jawa Timur menjelang Idul Adha 1447 H.
Penyerahan dilakukan secara simbolis. Hewan kurban tersebut akan disembelih, dan didistribusikan langsung kepada masyarakat yang membutuhkan di wilayah Kota Batu.
Kegiatan ini merupakan bagian dari gerakan serentak yang diinisiasi DPD PDI Perjuangan Jawa Timur. Tahun ini, DPD Jatim mendistribusikan hampir 500 ekor sapi ke seluruh DPC se-Jawa Timur.
Baca Juga:
Desa Sumberejo Gelar Semarak Selamatan ke-116, Hadirkan Ragam Kesenian dan Ritual Adat Selama 6 Pekan
Ketua DPC PDI Perjuangan Kota Batu, Saifudin Zuhri, S.H.I., menyampaikan apresiasi atas gotong royong yang dilakukan struktur partai di tingkat provinsi.
“Di Hari Raya Idul Adha tahun ini, kami ingin berbagi dengan masyarakat. Dari 5 ekor sapi yang kami terima, 2 ekor dari DPD, 1 ekor dari Pak Ahmad Basarah, 1 ekor dari Pak Andreas, dan 1 ekor dari Pak Punjul. Rencananya, penyembelihan akan dilakukan besok di Masjid Nurul Huda,” ujarnya kepada awak media, Selasa (26/5/2026) malam.
Saifudin memastikan pendistribusian akan dikelola bersama panitia kurban agar tepat sasaran, terutama untuk warga kurang mampu dan masyarakat sekitar kantor DPC.
Baca Juga:
Polres Batu Gelar Layanan On the Spot di CFD Sambut Hari Bhayangkara ke-80
“Idul Adha adalah momentum memperkuat solidaritas sosial. Kami pastikan daging kurban ini langsung tersalurkan kepada masyarakat Kota Batu yang berhak menerima,” tegasnya.
Langkah DPD Jatim yang menyalurkan ratusan hewan kurban ini, menurutnya, menunjukkan komitmen partai untuk hadir tidak hanya dalam urusan politik, tetapi juga dalam perayaan hari besar keagamaan dan kegiatan kemanusiaan.
Sekretaris DPC PDI Perjuangan Kota Batu, H. Khamim Tohari, S.Sos., menambahkan bahwa kurban adalah wujud ketaatan, syukur, dan kepedulian sosial.
Baca Juga:
Cegah Kebutaan Sejak Dini, Klinik Mata Batu Ajak Warga Cek Kesehatan Mata di CFD
“Momen ini mengajarkan nilai keikhlasan, kesabaran, dan syukur. Maknanya berakar dari ketaatan Nabi Ibrahim AS yang bersedia mengorbankan putranya, Nabi Ismail AS. Dengan berkurban, kita juga mempererat silaturahmi melalui berbagi kebahagiaan dengan sesama,” katanya.
Sebagai informasi, dari hasil gotong royong kader, DPC PDI Perjuangan Kota Batu akan mendistribusikan daging kurban kepada masyarakat, pesantren, dan panti asuhan di Kota Batu. (*)
Baca Juga:
Satlantas Polres Batu Buka Layanan SIM dan Samsat Keliling Spesial di CFD HUT Bhayangkara ke-80",https://beritamalang.media/dpc-pdi-perjuangan-kota-batu-terima-5-ekor-sapi-kurban-dari-dpd-jatim/,beritamalang_media
"Polres Batu Sembelih 39 Hewan Kurban, Distribusikan ke Warga dan Ponpes Sekitar","May 27, 2026",Berita,"Beritamalang.media
– Polres Batu menyembelih dan mendistribusikan 39 ekor hewan kurban pada Hari Raya Idul Adha 1447 H/2026. Rinciannya terdiri dari 4 ekor sapi dan 35 ekor kambing.
Penyembelihan dipusatkan di Mapolres Batu. Sebanyak 3 ekor sapi dan 4 ekor kambing dipotong langsung di lokasi. Dagingnya kemudian disalurkan kepada warga sekitar yang berhak menerima, sebagian juga dibagikan kepada personel Polres Batu.
“Sisanya kami salurkan dalam bentuk hewan hidup kepada pondok pesantren, takmir masjid, dan musala di lingkungan sekitar agar distribusinya lebih merata,” ujar Kapolres Batu AKBP Dr. Aris Purwanto, S.H., S.I.K., M.H., Rabu (27/5/2026).
Baca Juga:
Desa Sumberejo Gelar Semarak Selamatan ke-116, Hadirkan Ragam Kesenian dan Ritual Adat Selama 6 Pekan
Kapolres menjelaskan pembagian lokasi penyembelihan dilakukan untuk efisiensi distribusi. Ia juga menyampaikan terima kasih kepada para donatur yang mempercayakan hewan kurbannya kepada Polres Batu.
“Kami sampaikan apresiasi kepada para shohibul kurban. Semoga daging kurban ini bermanfaat dan menjadi berkah bagi penerima,” katanya.
Di sela kegiatan, AKBP Aris juga mengajak masyarakat menjaga kondusivitas Kota Batu.
Baca Juga:
Polres Batu Gelar Layanan On the Spot di CFD Sambut Hari Bhayangkara ke-80
“Mari bersama-sama kita jaga Kota Batu agar tetap aman, tertib, dan damai,” pesannya.
Pendistribusian hewan kurban ini disebut sebagai bentuk nyata kepedulian sosial Polri kepada masyarakat.
“Polri hadir di tengah masyarakat untuk mempererat silaturahmi dengan warga Kota Batu,” pungkasnya. (*)
Baca Juga:
Cegah Kebutaan Sejak Dini, Klinik Mata Batu Ajak Warga Cek Kesehatan Mata di CFD",https://beritamalang.media/polres-batu-sembelih-39-hewan-kurban-distribusikan-ke-warga-dan-ponpes-sekitar/,beritamalang_media
Polda Jawa Timur Matangkan Komunikasi Publik Lewat Rakernis Humas,"May 21, 2026",Berita,"Beritamalang.media
– Bidang Humas Polda Jawa Timur (Jatim) menyoroti ancaman hoaks dan penyebaran narasi negatif di era digital dalam Rapat Kerja Teknis (Rakernis) Bidhumas Polda Jatim Tahun 2026 di Surabaya, Kamis (21/5/2026).
Kepala Bidang Humas (Kabid Humas) Polda Jatim, Kombes Pol Jules Abraham Abast menjelaskan Artificial Intelligence (AI) membuat arus informasi bergerak sangat cepat, termasuk penyebaran informasi palsu di media sosial.
“Informasi palsu, hoaks, dan narasi negatif sekarang bisa menyebar dalam hitungan menit dan berpotensi memengaruhi situasi kamtibmas,” ujar Kombes Abast.
Baca Juga:
Desa Sumberejo Gelar Semarak Selamatan ke-116, Hadirkan Ragam Kesenian dan Ritual Adat Selama 6 Pekan
Menurut Kombes Abast, kondisi tersebut mengharuskan fungsi Humas Polri tidak lagi sekadar menyampaikan informasi kepada publik, tetapi juga menjaga kepercayaan masyarakat terhadap institusi Polri.
“Humas harus berdiri sebagai sumber informasi kebenaran tunggal yang meluruskan disinformasi secara cepat melalui data, dan fakta-fakta hukum yang valid,” ujar Kombes Abast.
Kabid Humas Polda Jatim menyebut, perkembangan media digital dan AI, menjadi tantangan besar bagi institusi Polri, terutama saat menghadapi isu viral yang berkembang cepat di ruang publik.
Baca Juga:
Polres Batu Gelar Layanan On the Spot di CFD Sambut Hari Bhayangkara ke-80
Kombes Pol Abast menilai keterlambatan penanganan informasi dapat memicu opini negatif terhadap institusi.
“Peristiwa yang viral dan tidak segera dikelola dalam ‘golden time’ bisa membentuk opini publik yang negatif dan menurunkan tingkat kepercayaan masyarakat,” tegas Kombes Abast.
Kabid Humas Polda Jatim juga meminta seluruh personel Polri ikut menjaga citra institusi dengan tidak menyebarkan informasi yang belum terverifikasi.
Baca Juga:
Cegah Kebutaan Sejak Dini, Klinik Mata Batu Ajak Warga Cek Kesehatan Mata di CFD
Hal itu sesuai Peraturan Kepolisian Nomor 6 Tahun 2023 tentang penyelenggaraan kehumasan di lingkungan Polri.
“Setiap insan Polri memiliki tanggung jawab menjaga citra institusi dan memberikan respons positif terhadap informasi yang benar,” ujar Kombes Abast.
Selain memperkuat komunikasi digital, Polda Jatim juga mendorong sinergi dengan media massa sebagai mitra strategis dalam menjaga stabilitas informasi publik.
Baca Juga:
Satlantas Polres Batu Buka Layanan SIM dan Samsat Keliling Spesial di CFD HUT Bhayangkara ke-80
Rakernis Bidhumas Polda Jatim 2026 mengusung tema ‘Optimalisasi Komunikasi Publik, dan Manajemen Media Guna Mendukung Program Kerja Polri serta Pemerintah Dalam Mewujudkan Asta Cita Presiden RI’.
Kegiatan tersebut diharapkan menjadi langkah penguatan humas Polri yang lebih modern, adaptif, dan dipercaya masyarakat. (*)
Baca Juga:
31 Anak Terpilih Jadi Anggota Pocil Polres Batu, Siap Wakili Kota Batu di Lomba Polda Juni 2026",https://beritamalang.media/polda-jawa-timur-matangkan-komunikasi-publik-lewat-rakernis-humas/,beritamalang_media
"Kekerasan Terhadap Jurnalis Saat Liputan, Pengacara Desak Penangkapan Pelaku","May 20, 2026","Berita,,,Kriminal,,,Malang Raya","Beritamalang.media –
Peristiwa kekerasan terhadap jurnalis kembali terjadi. Rahma Yulinda Tan, reporter media Chibernews.id, mengaku diintimidasi oleh beberapa oknum preman ponselnya dirampas, dan dipukul saat meliput acara budaya makan di Kalipare, Kabupaten Malang, pada Kamis (7/6/2026).
Kejadian brutal itu langsung dilaporkan ke Polres Malang. Didampingi kuasa hukumnya yang geram, Rahmat Hidayat, S.H., korban datang memberikan keterangan lengkap di Unit 3 Reserse Kriminal Polres Malang.
“Kami tidak akan diam! Ini jelas pelanggaran berat terhadap kebebasan pers,” tegas Rahmat, Selasa (19/6/2026).
Baca Juga:
Desa Sumberejo Gelar Semarak Selamatan ke-116, Hadirkan Ragam Kesenian dan Ritual Adat Selama 6 Pekan
Ia menyebut pelaku bisa dijerat Pasal 18 ayat 1 UU Pers Nomor 40 Tahun 1999. Ancaman hukumannya bukan main-main, penjara 2 tahun atau denda Rp500 juta bagi siapa pun yang berani menghalangi kerja jurnalistik.
Rahmat mendesak polisi bergerak cepat. “Setelah BAP selesai, terduga pelaku harus segera diamankan. Jangan sampai ada korban berikutnya. Kami minta keadilan ditegakkan,” pinta Rahmat Hidayat, S.H.
Pemeriksaan di Polres Malang disebut berjalan lancar. “Kini bola panas ada di tangan polisi, akankah pelaku segera ditangkap, atau kasus ini bakal menguap begitu saja?,” tandasnya. (*)
Baca Juga:
Polres Batu Gelar Layanan On the Spot di CFD Sambut Hari Bhayangkara ke-80",https://beritamalang.media/kekerasan-terhadap-jurnalis-saat-liputan-pengacara-desak-penangkapan-pelaku/,beritamalang_media
"Kasus Dugaan Penganiayaan di Kalipare Diproses, Kuasa Hukum Apresiasi Kerja Satreskrim Polres Malang","May 20, 2026","Berita,,,Kriminal,,,Malang Raya","Beritamalang.media
– Kuasa hukum pelapor, Muslimin S.H., M.Hum., memenuhi panggilan Unit 3 Satreskrim Polres Malang pada Selasa (19/5/2026) untuk dimintai keterangan terkait dugaan penganiayaan di Kecamatan Kalipare, Kabupaten Malang.
Muslimin mengapresiasi respons cepat dan profesional Unit 3 Satreskrim dalam menangani laporan kliennya, Tukiran, Nimin, dan Rahma Yulinda Tan.
“Penyidik bekerja profesional, cepat, dan tepat. Klien kami sudah memberikan keterangan sesuai fakta di lapangan,” kata Muslimin.
Baca Juga:
Desa Sumberejo Gelar Semarak Selamatan ke-116, Hadirkan Ragam Kesenian dan Ritual Adat Selama 6 Pekan
Ia yakin kasus ini akan ditindaklanjuti tegas terhadap para terduga pelaku yang meresahkan warga. Menurutnya, proses berjalan sesuai prosedur hukum tanpa ada laporan yang diabaikan.
“Semua perkara diproses. Kami sudah sampaikan pasal dan undang-undang yang berlaku. Tahapannya akan berlanjut sampai pelimpahan ke kejaksaan dan pengadilan,” jelasnya.
Muslimin juga mengimbau masyarakat mempercayakan penanganan kasus ini sepenuhnya kepada Unit 3 Satreskrim Polres Malang. Ia berharap komitmen aparat dalam menegakkan hukum di Kabupaten Malang tetap terjaga. (*)
Baca Juga:
Polres Batu Gelar Layanan On the Spot di CFD Sambut Hari Bhayangkara ke-80",https://beritamalang.media/kasus-dugaan-penganiayaan-di-kalipare-diproses-kuasa-hukum-apresiasi-kerja-satreskrim-polres-malang/,beritamalang_media
"Polres Batu dan Dinas PUPR Jatim Bangun Pagar Pengaman di Jembatan Cangar, Cegah Aksi Bunuh Diri","May 4, 2026",Berita,"Kasat Reskrim Polres Batu, AKP Joko Suprianto bersama Dinas PUPR Provinsi Jawa Timur saat meninjau Jembatan Cangar
Beritamalang.media
– Polres Batu bersama Dinas Pekerjaan Umum dan Penataan Ruang (PUPR) Provinsi Jawa Timur sepakat membangun pagar pelindung di Jembatan Cangar 1, dan Jembatan Cangar 2. Langkah ini diambil untuk mengantisipasi dan mencegah kembali terjadinya kasus bunuh diri di lokasi tersebut.
Kapolres Batu AKBP Aris Purwanto, melalui Kasat Reskrim Polres Batu, AKP Joko Suprianto, S.M., M.M, mengatakan pembangunan akan dimulai bulan ini.
Baca Juga:
Desa Sumberejo Gelar Semarak Selamatan ke-116, Hadirkan Ragam Kesenian dan Ritual Adat Selama 6 Pekan
“Pekerjaan akan dilakukan di bulan ini dengan membangun pelindung dari jeruji besi setinggi 2,5 meter,” ujarnya, Senin (4/5/2026).
Selain pagar setinggi 2,5 meter berbahan jeruji besi, pihak kepolisian dan Dinas PUPR juga akan melengkapi jembatan dengan CCTV serta menambah penerangan di sepanjang jembatan.
AKP Joko Suprianto menambahkan, desain pengaman akan dibuat sebaik mungkin.
Baca Juga:
Polres Batu Gelar Layanan On the Spot di CFD Sambut Hari Bhayangkara ke-80
“Akan mendesain sebaik mungkin agar kesan seram di Jembatan Cangar hilang,” tegasnya.
Ia jelaskan, pembangunan pengamanan ini merupakan langkah positif hasil koordinasi Polres Batu dengan tim PUPR Provinsi Jatim.
“Kedua instansi saat ini masih intens membahas detail teknis pembangunan agar bisa segera terealisasi,” terangnya.
Baca Juga:
Cegah Kebutaan Sejak Dini, Klinik Mata Batu Ajak Warga Cek Kesehatan Mata di CFD
Menurutnya, jembatan Cangar selama ini dikenal rawan dan kerap menjadi lokasi aksi bunuh diri.
“Dengan adanya pagar pengaman, CCTV, dan penerangan tambahan, diharapkan dapat menekan angka kejadian serupa di masa mendatang,” tandasnya. (*)
Baca Juga:
Satlantas Polres Batu Buka Layanan SIM dan Samsat Keliling Spesial di CFD HUT Bhayangkara ke-80",https://beritamalang.media/polres-batu-dan-dinas-pupr-jatim-bangun-pagar-pengaman-di-jembatan-cangar-cegah-aksi-bunuh-diri/,beritamalang_media
Mengenal Tatanan Jenggolo Manik: Filosofi Jawa yang Hidup Lewat Cerita Lisan,"April 27, 2026","Berita,,,Ragam","Beritamalang.media –
Tatanan Jenggolo Manik kembali jadi sorotan pemerhati budaya Jawa. Istilah ini diyakini menyimpan makna filosofis dan jejak sejarah yang diwariskan lewat tutur lisan.
*Arti dan Filosofi*
“Jenggolo” berarti tempat, sementara “manik” berarti tahu atau memahami. Dalam budaya Jawa, “manik” juga terkait payuwitan ungkapan syukur. Jadi, Tatanan Jenggolo Manik dimaknai sebagai tatanan yang berdasar kesadaran, pengetahuan, dan rasa syukur.
Peninggalan yang diyakini masyarakat berupa tulisan di batu: “Wowoto boboto tonopo tanah jawa wiwiting babating, tanah jawa wiwite babate, ndul e ngandong.” Kalimat ini dianggap simbol awal mula tanah Jawa.
Baca Juga:
Desa Sumberejo Gelar Semarak Selamatan ke-116, Hadirkan Ragam Kesenian dan Ritual Adat Selama 6 Pekan
*Kisah Tokoh-Tokoh Lokal*
Cerita ini terhubung dengan Sultan Ngadirin yang disebut menjelajah hingga Mongol dan Campa sebelum kembali ke Jepara. Ia lalu merintis kehidupan di Kali Gapura dan Kali Sima bersama Mbok Reno.
Pada masa kolonial, muncul kisah Mbah Ndul dan istilah “nedud” yang berarti sumber kehidupan. “Karetan nedud” disebut sebagai awal penanaman karet di wilayah itu. Ada pula Mbah Loreng/Wareng di Arjowilangun yang makamnya masih diziarahi di wilayah “Ipek”.
*Perlu Kajian Lanjutan*
Para sejarawan menegaskan kisah ini masih berstatus sejarah lisan dan perlu diverifikasi lewat data tertulis atau arkeologi. Namun bagi warga, “Tatanan Jenggolo Manik” adalah identitas budaya yang sarat nilai spiritual.
Baca Juga:
Polres Batu Gelar Layanan On the Spot di CFD Sambut Hari Bhayangkara ke-80
Terlepas dari perdebatan historis, warisan cerita ini tetap hidup sebagai pengingat tentang asal-usul, pengetahuan, dan syukur. (*)",https://beritamalang.media/mengenal-tatanan-jenggolo-manik-filosofi-jawa-yang-hidup-lewat-cerita-lisan/,beritamalang_media
"Kasat Reskrim Polres Batu: Kasus Judi Online Lanjut, Tersangka Wajib Lapor","April 26, 2026","Berita,,,Kriminal","Beritmalang.media
– Kasus judi online yang menjerat warga Kota Batu dipastikan terus bergulir sesuai prosedur. Kapolres Batu AKBP Aris Purwanto melalui Kasat Reskrim Polres Batu, AKP Joko Suprianto, S.M., M.M, menegaskan penanganan kasus berjalan sesuai SOP dan tidak ada praktik transaksional.
“Tidak ada transaksional. Kasus tetap lanjut sesuai SOP,” kata AKP Joko, Minggu (26/4/2026).
Ia menambahkan, tersangka tidak ditahan namun dikenakan wajib lapor setiap Senin dan Kamis.
Baca Juga:
Desa Sumberejo Gelar Semarak Selamatan ke-116, Hadirkan Ragam Kesenian dan Ritual Adat Selama 6 Pekan
Tersangka adalah AR (35), karyawan swasta beralamat di Desa Pesanggrahan, Kecamatan Batu, Kota Batu. Dalam keterangannya, Ahmad mengakui bermain judi online menggunakan ponsel pribadi merek Oppo.
“Saya melakukan aktivitas judi online berulang kali dalam kurun waktu enam bulan. Aktivitas tersebut murni saya lakukan sendiri tanpa melibatkan pihak lain,” terang AR dalam pernyataannya.
AR juga menegaskan tidak pernah memberikan atau mentransfer uang ke Polres Batu.
Baca Juga:
Polres Batu Gelar Layanan On the Spot di CFD Sambut Hari Bhayangkara ke-80
“Pernyataan ini saya buat dengan sebenarnya tanpa ada paksaan dari pihak manapun, dan saya bersedia mempertanggungjawabkan keterangan saya sesuai hukum yang berlaku,” tegasnya.
Polres Batu menyatakan kasus ini masih dalam proses penyidikan lebih lanjut. (*)
Baca Juga:
Cegah Kebutaan Sejak Dini, Klinik Mata Batu Ajak Warga Cek Kesehatan Mata di CFD",https://beritamalang.media/kasat-reskrim-polres-batu-kasus-judi-online-lanjut-tersangka-wajib-lapor/,beritamalang_media
GEBER Malang Hijaukan Lawang: Ratusan Pohon Ditanam Lintas Elemen,"April 24, 2026","Berita,,,Malang Raya","Gerakan Bersama Menjaga Alam dan Lingkungan Malang (GEBER Malang) melakukan aksi penghijauan, menanam ratusan pohon di Lawang.(FB ARELA)
Beritamalang.media
– Ratusan pohon ditanam dalam aksi penghijauan yang diinisiasi Gerakan Bersama Menjaga Alam dan Lingkungan Malang (GEBER Malang) di Kecamatan Lawang, Kabupaten Malang, Jumat (24/4/2026).
Aksi ini melibatkan Muspika Lawang, seluruh Kepala Desa dan Lurah se-Kecamatan Lawang, instansi terkait, tokoh agama, tokoh masyarakat, hingga perusahaan setempat sebagai bentuk kolaborasi menjaga bumi untuk Indonesia Asri.
Baca Juga:
Desa Sumberejo Gelar Semarak Selamatan ke-116, Hadirkan Ragam Kesenian dan Ritual Adat Selama 6 Pekan
GEBER Malang sendiri adalah gerakan lingkungan yang merangkul berbagai unsur masyarakat untuk melestarikan alam lewat penanaman pohon secara langsung.
Selain melestarikan lingkungan, kegiatan ini menargetkan peningkatan mutu udara, pencegahan erosi dan banjir, penambahan nilai estetika serta kesejukan kawasan, dan edukasi publik tentang pentingnya merawat alam.
Luluk Axel, Relawan Arek Lawang (ARELA) Official yang ikut menanam, berharap kegiatan ini membawa dampak berkelanjutan.
Baca Juga:
Polres Batu Gelar Layanan On the Spot di CFD Sambut Hari Bhayangkara ke-80
“Semoga kegiatan ini dapat memberikan manfaat jangka panjang bagi lingkungan dan masyarakat sekitar. Semoga Lawang semakin guyub, rukun, damai, dan sejahtera,” kata Luluk.
Penanaman pohon ini menegaskan sinergi lintas sektor di Lawang dalam mendukung Indonesia Asri dan mempererat persatuan warga. (*)
Baca Juga:
Cegah Kebutaan Sejak Dini, Klinik Mata Batu Ajak Warga Cek Kesehatan Mata di CFD",https://beritamalang.media/geber-malang-hijaukan-lawang-ratusan-pohon-ditanam-lintas-elemen/,beritamalang_media
Pelatihan Karyawan AUMKes Kota Malang: Perkuat Ideologi dan Komitmen Dakwah di Era Disrupsi,"April 24, 2026","Berita,,,Malang Raya","Simbolis penyerahan cinderamata kepada narasumber
Beritamalang.media
– Pelatihan dan pengkaderan dalam sebuah organisasi menjadi hal penting untuk menjaga ideologi, loyalitas, dan profesionalisme di tengah tantangan era disrupsi dan pesatnya perkembangan teknologi.
Terkait hal ini Rumah Sakit Islam (RSI) Aisyiyah Malang dan Majelis Pembinaan Kader dan Sumber Daya Insani Pimpinan Daerah Muhammadiyah (MPKSDI PDM) Kota Malang, menggelar kegiatan Baitul Arqam, yang merupakan sistem pembinaan dan perkaderan intensif di lingkungan Muhammadiyah, berorientasi pada penguatan ideologi keislaman, kepemimpinan, dan nilai-nilai Al-Islam Kemuhammadiyahan (AIK). Latar belakang kegiatan ini berangkat dari kebutuhan memperkuat komitmen kader Muhammadiyah di bidang pelayanan kesehatan agar tidak sekadar unggul secara profesional, tetapi juga berakhlak mulia dan berjiwa dakwah.
Baca Juga:
Desa Sumberejo Gelar Semarak Selamatan ke-116, Hadirkan Ragam Kesenian dan Ritual Adat Selama 6 Pekan
Kegiatan ini menjadi kunci bagi Amal Usaha Muhammadiyah Kesehatan (AUMKes) Kota Malang untuk menjaga ideologi, loyalitas, dan profesionalisme di tengah tantangan era disrupsi dan pesatnya perkembangan teknologi. Melalui Baitul Arqam, AUMKes berupaya melahirkan civitas hospitalia yang unggul, berkemajuan, sekaligus kokoh dalam komitmen dakwah.
Kegiatan berlangsung Kamis–Jumat, 23–24 April 2026, di Gedung BBGTK Jawa Timur. Mengusung tema: Meneguhkan Komitmen Bermuhammadiyah menuju Civitas Hospitalia yang Unggul dan Berkemajuan. Acara ini diikuti ratusan karyawan AUMKes se-Kota Malang.
Pembukaan dilakukan langsung oleh PDM Kota Malang sebagai wujud komitmen persyarikatan. Ketua panitia, Jemi Anggara, M.Pd.I, menegaskan makna pengkaderan bagi karyawan AUM.
Baca Juga:
Polres Batu Gelar Layanan On the Spot di CFD Sambut Hari Bhayangkara ke-80
“Kami ingin menanamkan pemahaman bahwa bekerja di AUM bukan sekadar aktivitas profesional, tetapi juga bagian dari ibadah dan ladang dakwah Muhammadiyah,” ujar Jemi.
Selama dua hari, peserta mendapat pembekalan dari para narasumber. Prof. Dr. Khozin, M.Si. menyampaikan materi penguatan ideologi. Dr. dr. Thontowi Djauhari, M.Kes. membahas pengembangan wawasan Risalah Islam Berkemajuan di AUMKes. Prof. Dr. Ahsan, M.Kep. memaparkan kesalehan dan profesionalisme kader Muhammadiyah. Dr. Suyoto, M.Si. mengulas cara membumikan teologi Al-Ma’un.
Peserta juga dibekali materi peneguhan loyalitas ideologis karyawan AUMKes sebagai pilar dakwah Muhammadiyah. Suasana kegiatan semakin dinamis dengan sesi outbound ceria yang dipandu instruktur internal RSI Aisyiyah Malang.
Baca Juga:
Cegah Kebutaan Sejak Dini, Klinik Mata Batu Ajak Warga Cek Kesehatan Mata di CFD
Sebagai penutup, dr. Rini Krisnawati, M.Kes., FISQua menekankan peran sumber daya insani dalam menghadapi pelayanan kesehatan di era digital. Adaptasi terhadap teknologi menjadi kunci agar pelayanan tetap unggul tanpa meninggalkan nilai-nilai persyarikatan. (*)",https://beritamalang.media/pelatihan-karyawan-aumkes-kota-malang-perkuat-ideologi-dan-komitmen-dakwah-di-era-disrupsi/,beritamalang_media
Inovasi Hijau: Tiga PTN Bersatu Kembangkan Pelindung Siku dan Lutut dari Serat Rami dan Limbah Sawit,"April 23, 2026","Berita,,,Bisnis,,,Malang Raya","Tim penelitian berfoto bersama dengan bahan baku produk revolusioner produk pelindung tubuh seperti kneepad dan elbowpad, dengan memanfaatkan serat rami dan tandan kosong kelapa sawit sebagai bahan utama.
Beritamalang.media
– Produk pelindung tubuh seperti kneepad dan elbowpad selama ini didominasi polimer sintetis yang sulit terurai. Kondisi itu menimbulkan masalah lingkungan sekaligus ketergantungan pada material berbasis fosil. Di tengah kebutuhan akan alternatif ramah lingkungan, penelitian kini diarahkan pada pemanfaatan serat rami dan tandan kosong kelapa sawit sebagai bahan utama.
Kneepad adalah pelindung lutut berbentuk bantalan tebal yang diikat melingkar di sekitar lutut. Fungsinya mencegah cedera saat jatuh, terbentur, atau sering bertumpu di lutut. Elbowpad memiliki fungsi serupa, tetapi dipakai di siku untuk melindungi dari benturan, gesekan, atau luka lecet. Kedua alat ini lazim digunakan dalam olahraga seperti skateboard, sepeda BMX, sepatu roda, voli, basket, hingga motor trail. Atlet voli, misalnya, memakai kneepad agar aman saat melakukan diving. Selain itu, pelindung ini juga dipakai pekerja bangunan, mekanik, teknisi, serta hobi outdoor seperti panjat tebing atau berkebun. Intinya, kneepad dan elbowpad adalah gear pengaman agar sendi lutut dan siku tidak langsung terkena benturan.
Baca Juga:
Desa Sumberejo Gelar Semarak Selamatan ke-116, Hadirkan Ragam Kesenian dan Ritual Adat Selama 6 Pekan
Penelitian pengembangan versi ramah lingkungan dari alat protektif ini berlangsung sepanjang 2025–2026 dengan dukungan Asosiasi Lembaga Penelitian dan Pengabdian kepada Masyarakat PTNBH. Tiga perguruan tinggi negeri berbadan hukum (PTNBH) terlibat dalam riset tersebut. Universitas Negeri Malang bertugas merancang desain produk dan melakukan analisis numerik menggunakan perangkat lunak ANSYS untuk memvalidasi kinerja mekanik prototipe. Universitas Negeri Yogyakarta menjadi pusat eksperimen dengan fokus pada variasi fraksi volume serta perlakuan kimia pada serat rami. Sementara Universitas Hasanuddin melakukan pengujian kekuatan komposit dengan memanfaatkan tandan kosong kelapa sawit sebagai penguat.
Ketua tim peneliti, Dr. Ir. Retno Wulandari, S.T., M.T., menyatakan, “Selama ini produk pengaman seperti kneepad didominasi polimer sintetis yang sulit terurai. Padahal, Indonesia memiliki serat rami dan limbah sawit yang melimpah, terbarukan, ringan, dan berpotensi memberikan perlindungan mekanik setara bahan sintetis.”
Peneliti lain, Ir. Ahmad Atif Fikri, Ph.D., menambahkan bahwa metode Finite Element Method (FEM) memungkinkan prediksi respons material terhadap tekanan dan benturan sebelum prototipe fisik diproduksi. “Metode FEM mempercepat proses pengembangan sekaligus menekan biaya,” ujarnya.
Baca Juga:
Polres Batu Gelar Layanan On the Spot di CFD Sambut Hari Bhayangkara ke-80
Selain berorientasi pada publikasi internasional, penelitian ini dirancang mendukung tiga target Sustainable Development Goals (SDGs). SDG 9 tentang industri, inovasi, dan infrastruktur diwujudkan melalui penciptaan material baru berbasis hayati. SDG 12 tentang konsumsi dan produksi bertanggung jawab tercermin dari pemanfaatan limbah sawit dan serat alam lokal yang berkelanjutan. SDG 13 tentang penanganan perubahan iklim diwujudkan dengan mengurangi ketergantungan pada material sintetis berbasis fosil.
Luaran penelitian ditargetkan berupa data komprehensif performa mekanik komposit serat rami dan tandan kosong kelapa sawit, prototipe kneepad dan elbowpad siap uji produk, serta publikasi internasional terindeks Scopus. Dr. Retno menambahkan, “Kami ingin produk ini tidak hanya ramah lingkungan, tetapi juga ekonomis dan mudah diadopsi oleh industri kecil maupun besar. Ini adalah langkah nyata hilirisasi dari riset ke pasar.”
Penelitian dijadwalkan berakhir pada akhir 2026, dengan uji coba produk direncanakan berlangsung pertengahan tahun. Inovasi ini diharapkan menjadi solusi atas masalah limbah sekaligus membuka peluang industri baru berbasis material alam. Kneepad dan elbowpad dari serat rami dan limbah sawit bukan hanya sekadar perlengkapan protektif, tetapi juga simbol transformasi menuju masa depan yang lebih hijau, berkelanjutan, dan berpihak pada solidaritas sosial.
Baca Juga:
Cegah Kebutaan Sejak Dini, Klinik Mata Batu Ajak Warga Cek Kesehatan Mata di CFD
Pewarta: Hadi Triswanto
Editor: Kharisma",https://beritamalang.media/inovasi-hijau-tiga-ptn-bersatu-kembangkan-pelindung-siku-dan-lutut-dari-serat-rami-dan-limbah-sawit/,beritamalang_media
"Dibilang Nepotisme, GP Parmusi: Kepala DLH Kabupaten Malang Punya Rekam Jejak Jelas","April 23, 2026","Berita,,,Malang Raya","Ketua Gerakan Pemuda Parmusi (GP Parmusi) Kabupaten Malang, Rudy Hamza
Beritamalang.media – Kabupaten Malang  –
Pelantikan Ahmad Dzulfikar Nurrahman sebagai Kepala Dinas Lingkungan Hidup (DLH) Kabupaten Malang pada 13 April 2026 menuai pro-kontra. Putra Bupati Malang HM Sanusi ini dinilai sejumlah akademisi sah secara aturan, namun disorot dari sisi etika publik karena dianggap berpotensi menimbulkan kesan nepotisme.
Menanggapi hal itu, Ketua Gerakan Pemuda Parmusi (GP Parmusi) Kabupaten Malang, Rudy Hamza, menegaskan bahwa pelantikan tersebut sudah mencerminkan prinsip meritokrasi. Menurutnya, jabatan strategis harus diisi figur dengan kompetensi, rekam jejak, dan kualifikasi akademik yang memadai.
Baca Juga:
Desa Sumberejo Gelar Semarak Selamatan ke-116, Hadirkan Ragam Kesenian dan Ritual Adat Selama 6 Pekan
“Dzulfikar bukan hanya memenuhi syarat administratif ASN, tetapi juga memiliki latar belakang akademik kuat dengan gelar doktor Ilmu Lingkungan cum laude dari Universitas Brawijaya. Ini bukti penunjukan berbasis merit, bukan faktor keluarga,” kata Rudy Hamza, Kamis (24/4/2026).
Ia meminta publik menilai pelantikan ini dari sisi kapasitas dan profesionalitas.
“Meritokrasi adalah menempatkan orang sesuai kemampuan dan prestasi. Jika memang layak, status keluarga tidak boleh jadi penghalang. Kuncinya transparansi proses dan kualitas pejabat,” tegasnya.
Baca Juga:
Polres Batu Gelar Layanan On the Spot di CFD Sambut Hari Bhayangkara ke-80
GP Parmusi Kabupaten Malang menyatakan dukungannya terhadap upaya pemda menjaga integritas birokrasi. Rudy menekankan, setiap pengisian jabatan harus tetap berbasis kompetensi dan kebutuhan organisasi demi pelayanan publik yang optimal dan profesional. (*)",https://beritamalang.media/dibilang-nepotisme-gp-parmusi-kepala-dlh-kabupaten-malang-punya-rekam-jejak-jelas/,beritamalang_media
"Jalan Tebu Maut di Kalipare: Warga Geram, Pengendara Sudah Jatuh, 10 Tahun Tak Disentuh","April 22, 2026","Berita,,,Malang Raya","Beritamalang.media, Kabupaten Malang –
Julukan “jeglongan maut” kini melekat di Jalan Sumbersuko, Dusun lotekol, Desa Arjowilangun, Kecamatan Kalipare, Kabupaten Malang. Lebih dari 10 tahun dibiarkan rusak, jalan itu berubah jadi kubangan lumpur setiap hujan.
Pemicunya, daun dan potongan tebu yang berserakan di badan jalan. Saat basah, tumpukan itu membuat jalan licin seperti dilumuri oli. Warga menyebut sudah ada pengendara motor yang terjatuh karena terpeleset.
Kerusakan jalan bukan masalah baru. Warga mengaku sudah melapor berulang kali, namun hingga kini belum ada perbaikan permanen. Lubang menganga, drainase buruk, ditambah ceceran tebu saat musim panen membuat kondisi makin parah. Aktivitas warga terganggu, terutama anak sekolah dan pekerja yang melintas pagi hari.
Baca Juga:
Desa Sumberejo Gelar Semarak Selamatan ke-116, Hadirkan Ragam Kesenian dan Ritual Adat Selama 6 Pekan
“Setiap hujan pasti ada yang jatuh. Anak saya sendiri pernah terpeleset pas berangkat sekolah. Sudah 10 tahun lebih begini terus,” kata salah satu warga yang enggan disebut namanya, Rabu (22/4/2026).
Warga mendesak Pemerintah Desa Arjowilangun dan Pemkab Malang segera turun tangan. Tuntutan mereka jelas, perbaiki jalan yang rusak dan tertibkan truk pengangkut tebu agar daun dan potongan tebu tidak berserakan di jalan. Warga setempat juga menegaskan, jangan tunggu korban jiwa baru ada tindakan. (Tim)
Baca Juga:
Polres Batu Gelar Layanan On the Spot di CFD Sambut Hari Bhayangkara ke-80",https://beritamalang.media/jalan-tebu-maut-di-kalipare-warga-geram-pengendara-sudah-jatuh-10-tahun-tak-disentuh/,beritamalang_media
Kopi Embongan Batu Jadi Wadah Baru Musisi Disabilitas Berkarya,"April 21, 2026","Berita,,,Bisnis,,,Kuliner,,,Ragam","Pembina Rumah Inklusi Kota Batu yang juga musisi disabilitas, Mardi Setianingsih, S.H saat tengah bermusik dan bernyanyi bersama di Kopi Embongan.
Beritamalang.media
– Kehadiran Kopi Embongan di Jalan Raya Punten, Kecamatan Batu, Kota Batu mendapat apresiasi dari komunitas disabilitas setempat.
Kafe ini tidak hanya menyajikan aneka kopi, soto, dan gorengan dengan harga terjangkau, tetapi juga menyediakan seperangkat alat musik band lengkap yang bisa digunakan pengunjung.
Baca Juga:
Desa Sumberejo Gelar Semarak Selamatan ke-116, Hadirkan Ragam Kesenian dan Ritual Adat Selama 6 Pekan
Pembina Rumah Inklusi Kota Batu, Mardi Setianingsih, S.H, mendukung penuh keberadaan Kopi Embongan.
“Sebagai bagian dari musisi penyandang disabilitas, saya sangat mensupport. Tempat ini bisa jadi wadah menyalurkan bakat dan minat teman-teman disabilitas seperti saya,” kata Mbak Ning, sapaan akrabnya, Selasa (21/4/2026).
Menurutnya, Kopi Embongan membuat komunitas disabilitas di Kota Batu bangga karena menjadi ruang berkumpul, berdiskusi, dan bermusik bersama.
Baca Juga:
Polres Batu Gelar Layanan On the Spot di CFD Sambut Hari Bhayangkara ke-80
“Di sini jalinan silaturahmi musisi disabilitas tetap terjaga. Kami jadi lebih kompak dan solid,” ujarnya.
Musisi yang bersuara merdu dan piawai bermain gitar itu berharap seluruh komunitas disabilitas di Kota Batu tetap guyub.
“Kita harus selalu kompak. Dengan begitu kita bisa terus berkarya dan bermusik bersama,” pesan Mbak Ning.
Baca Juga:
Cegah Kebutaan Sejak Dini, Klinik Mata Batu Ajak Warga Cek Kesehatan Mata di CFD
Di sisi lain, pengunjung Kopi Embongan, Marlena, mengaku terhibur dengan adanya live musik.
“Saya suka musik, jadi sengaja datang ke sini untuk nyanyi, nongkrong, ngopi, sambil request lagu,” kata warga Sukorembug, Desa Sidomulyo, Kecamatan Batu.
Ia berharap Kopi Embongan juga diapresiasi warga sekitar karena turut menghibur wisatawan.
Baca Juga:
Satlantas Polres Batu Buka Layanan SIM dan Samsat Keliling Spesial di CFD HUT Bhayangkara ke-80
“Kalau ramai, otomatis perekonomian pengelola ikut terdongkrak naik,” tandasnya. (*)",https://beritamalang.media/kopi-embongan-batu-jadi-wadah-baru-musisi-disabilitas-berkarya/,beritamalang_media
Camat Bumiaji: Kopi Embongan Wadah Keren Musisi Disabilitas,"April 21, 2026","Berita,,,Bisnis,,,Kuliner,,,Ragam","Camat Bumiaji, Thomas Maido saat bermain musik bersama musisi penyandang disabilitas di Kopi Embongan.
Beritamalang.media
– Keberadaan Kopi Embongan di Jalan Raya Punten, Kecamatan Bumiaji, Kota Batu, mendapat apresiasi langsung dari Camat Bumiaji, Thomas Maido, S.Sos.
Selain menyajikan aneka kopi, soto, dan gorengan dengan harga terjangkau, kedai ini juga menyediakan alat musik band lengkap untuk umum.
Baca Juga:
Desa Sumberejo Gelar Semarak Selamatan ke-116, Hadirkan Ragam Kesenian dan Ritual Adat Selama 6 Pekan
“Terus terang saya mengapresiasi sekaligus mendukung. Tempat ini jadi wadah untuk menyalurkan bakat, minat, dan kreasi para musisi penyandang disabilitas di Kota Batu,” ujar Thomas kepada awak media, Selasa (21/4/2026).
Menurutnya, Kopi Embongan kini berfungsi sebagai sarana berkumpul, berdiskusi, dan bermusik bersama antara pengunjung dan musisi disabilitas.
“Pengunjung bisa request lagu dan bernyanyi bersama saudara-saudara kita penyandang disabilitas, sambil menikmati kopi dengan suguhan live music yang menghibur,” tambahnya.
Baca Juga:
Polres Batu Gelar Layanan On the Spot di CFD Sambut Hari Bhayangkara ke-80
*Harapkan Kolaborasi Musisi Kota Batu*
Thomas berharap Kopi Embongan bisa menjadi jembatan kolaborasi antara musisi disabilitas dengan musisi lain di Kota Batu.
“Tentunya saudara kita penyandang disabilitas dapat berkolaborasi bersama musisi-musisi Kota Batu dengan berkunjung ke Kopi Embongan, sehingga terjalin silaturahmi,” terangnya.
Baca Juga:
Cegah Kebutaan Sejak Dini, Klinik Mata Batu Ajak Warga Cek Kesehatan Mata di CFD
Thomas yang juga mengaku menyukai musik lintas genre sempat ikut bermain musik dan bernyanyi bersama.
“Kebetulan saya juga suka main musik. Tadi semangat sekali bisa berkolaborasi bersama mereka,” katanya.
*Dikelola Musisi Disabilitas Binaan Shindi*
Baca Juga:
Satlantas Polres Batu Buka Layanan SIM dan Samsat Keliling Spesial di CFD HUT Bhayangkara ke-80
Kopi Embongan dikelola Gatot Supriyanto alias Bemmo, musisi penyandang disabilitas sekaligus anggota Shining Disabilitas (Shindi) Kota Batu binaan Camat Bumiaji.
“Alhamdulillah, tempat ini saya difasilitasi Perhutani untuk dirawat dan dijaga. Saya manfaatkan untuk berjualan kopi dan gorengan. Ini semua juga berkat bantuan Pak Thomas Maido,” ungkap Bemmo.
Ia berterima kasih kepada Camat Bumiaji dan Perhutani atas fasilitas yang diberikan. “Semoga kebaikan beliau-beliau dibalas Allah SWT. Amin ya rabbal alamin,” ucapnya.
Baca Juga:
31 Anak Terpilih Jadi Anggota Pocil Polres Batu, Siap Wakili Kota Batu di Lomba Polda Juni 2026
*Diapresiasi Band Punk Rock Brain Wash*
Dukungan juga datang dari band underground punk rock asal Kota Batu, Brain Wash. Vokalis sekaligus gitarisnya, Kurowo, mengaku bangga dengan kekompakan musisi disabilitas di Kopi Embongan.
Selama ini Kurowo rutin menyantuni penyandang disabilitas dari hasil penjualan merchandise kaos bandnya.
Baca Juga:
Sambut HUT Bhayangkara ke-80, Polres Batu Buka Layanan SIM dan Pajak di CFD
“Tanpa sekat, tanpa iri dan dengki. Mereka patut kita pedulikan. Mereka tidak butuh dikasihani, tapi cukup kita dukung. Semoga apa yang saya lakukan bisa diikuti masyarakat Kota Batu,” pungkasnya haru.
*Wisatawan Ikut Terhibur*
Laksamana, wisatawan asal Gondanglegi, Kabupaten Malang, mengaku terhibur dengan live music di Kopi Embongan.
Baca Juga:
Kebakaran Pabrik di Junrejo Batu Dipadamkan Setelah 3 Jam, Dugaan Awal dari Mesin Produksi Sirup
“Wah, tempatnya bagus, makanan dan minuman murah dan enak. Apalagi ada live music tadi istri saya juga ikut nyanyi. Semoga pengunjungnya makin ramai,” tandas pengusaha jual beli mobil itu, sambil berjanji akan kembali berkunjung. (*)",https://beritamalang.media/camat-bumiaji-kopi-embongan-wadah-keren-musisi-disabilitas/,beritamalang_media
