title,published_date,scraped_at,author,category,content,url,source,image_url,excerpt
"Nekat Lewat Jalur Ilegal, 13 Pendaki Gunung Semeru Diamankan",2026-06-16,2026-06-29T07:32:57.888115+00:00,,,"Malang - Balai Besar Taman Nasional Bromo Tengger Semeru (BB TNBTS) berhasil mengamankan 13 orang yang melakukan pendakian ilegal ke Gunung Semeru. Belasan pendaki tersebut ditangkap dalam dua operasi pengawasan dan penindakan terpisah yang digelar di wilayah Kabupaten Lumajang dan Kabupaten Malang. Kepala BB TNBTS Rudijanta Tjahja Nugraha menjelaskan, penindakan ini merupakan komitmen tegas pihak taman nasional dalam menjaga kawasan konservasi, sekaligus mengantisipasi bahaya keselamatan bagi pendaki. Aktivitas pendakian menuju area yang ditutup, termasuk menuju puncak Gunung Semeru, merupakan pelanggaran terhadap ketentuan pengelolaan kawasan konservasi dan berpotensi membahayakan keselamatan pelaku. SCROLL TO CONTINUE WITH CONTENT ""Oleh karena itu, kami mengimbau masyarakat untuk mematuhi seluruh peraturan yang berlaku, serta tidak melakukan aktivitas pendakian melalui jalur ilegal maupun memasuki kawasan yang sedang ditutup,"" ujar Rudijanta kepada wartawan, Selasa (16/6/2026). Operasi pengawasan dan penindakan pertama dilakukan di wilayah Resort Pengelolaan Taman Nasional (RPTN) Ranupani, Kabupaten Lumajang. Di lokasi ini, petugas mengamankan 2 orang pelaku. Berdasarkan hasil pemeriksaan, keduanya nekat mendaki secara ilegal melalui jalur Ayek-Ayek pada 13 Juni 2026. Salah satu dari mereka bahkan diketahui telah melakukan survei jalur terlebih dahulu pada Mei 2026. Pelarian keduanya berakhir setelah mereka mencoba menghindari Pendamping Pendakian Gunung Semeru Terdaftar (PPGST) saat perjalanan turun. Mereka sempat kabur ke kebun warga sebelum akhirnya ditangkap masyarakat setempat dan diserahkan ke petugas. Sementara itu, operasi kedua bergeser ke wilayah RPTN Taman Satriyan, tepatnya di kawasan daerah purbakala, Desa Mulyoasri, Kecamatan Ampelgading, Kabupaten Malang. Melalui patroli dan penyisiran intensif selama beberapa hari di jalur-jalur rawan, petugas berhasil mengamankan 11 orang. Secara keseluruhan, rombongan yang melalui jalur Taman Satriyan ini berjumlah 15 orang, yang terdiri dari 12 pendaki, dua pemandu, dan satu porter. Dari jumlah tersebut, baru 11 orang yang berhasil diamankan dan diarahkan turun untuk pemeriksaan. Hingga saat ini, empat orang lainnya masih dalam proses pencarian oleh petugas. Mereka yang dalam pencarian itu diduga termasuk dua orang yang berperan sebagai guide dan satu orang porter yang diperkirakan masih bersembunyi di sekitar kawasan. Tim gabungan hingga kini tetap disiagakan di lapangan untuk melakukan pemantauan dan penelusuran lebih lanjut. Sementara 13 pelaku yang sudah diamankan kini harus bersiap menghadapi konsekuensi hukum. Mereka akan menjalani pemeriksaan mendalam dan proses Berita Acara Pemeriksaan (BAP) oleh Balai Penegakan Hukum Kehutanan Jawa Bali Nusa Tenggara (Gakkum LHK) Kementerian Kehutanan. ""Proses ini dilakukan guna mendalami dugaan pelanggaran serta menentukan sanksi lanjutan sesuai dengan peraturan perundang-undangan yang berlaku,"" pungkas Rudijanta. Video: Gunung Semeru Erupsi, Masyarakat Diminta Waspada (irb/hil) gunung semeru pendaki ilegal taman nasional bromo tengger semeru operasi pengawasan pelanggaran hukum konservasi alam kabupaten lumajang kabupaten malang",https://www.detik.com/jatim/wisata/d-8534025/nekat-lewat-jalur-ilegal-13-pendaki-gunung-semeru-diamankan,detik_jatim,https://akcdn.detik.net.id/community/media/visual/2026/06/16/belasan-pendaki-ilegal-gunung-semeru-diamankan-petugas-1781587571770_43.jpeg?w=300&q=80,Balai Besar Taman Nasional Bromo Tengger Semeru mengamankan 13 pendaki ilegal. Penindakan ini untuk menjaga kawasan konservasi dan keselamatan pendaki.
"Pesona Desa Wisata Peniwen Malang, Wisata Religi Kenaikan Yesus Kristus",2026-05-12,2026-06-29T07:32:58.204559+00:00,,,"Menjelang libur Kenaikan Yesus Kristus, masyarakat bisa mengunjungi sejumlah destinasi wisata religi di Malang. Salah satunya yakni Desa Wisata Peniwen yang dikenal memiliki suasana tenang dengan nuansa religius dan budaya yang masih terjaga. Desa wisata ini menawarkan pemandangan indah dengan suasana pedesaan yang asri. Selain itu terdapat sejumlah daya tarik yang bisa dinikmati oleh para pengunjung. Yuk, simak selengkapnya mengenai Desa Peniwen di bawah ini. Lokasi Desa Peniwen Malang Desa Peniwen ini berlokasi di Jalan Raya Peniwen Nomor 15 Desa Peniwen, Kecamatan Kromengan, Kabupaten Malang. SCROLL TO CONTINUE WITH CONTENT Dari Stasiun Malang Kota Baru, jaraknya sekitar 36 kilometer dengan waktu tempuh kurang lebih satu jam perjalanan. Untuk menuju lokasi, wisatawan disarankan menggunakan kendaraan pribadi atau sewa kendaraan agar perjalanan lebih mudah. Sejarah Desa Peniwen Malang Mengutip Matic Malangkab, Desa Peniwen merupakan salah satu desa dengan mayoritas penduduk Kristen di Jawa Timur. Desa ini menyimpan jejak sejarah panjang yang bermula sejak tahun 1880, ketika dibangun oleh 20 orang yang dipimpin Kiai Sakejus. Dalam perkembangannya, Peniwen kemudian menjadi pusat Gereja Kristen Jawi Wetan (GKJW). Perkembangan tersebut ditandai dengan berdirinya GKJW Peniwen pada masa kolonial, tepatnya tahun 1930. Gereja ini kemudian menjadi salah satu ikon religius sekaligus bagian penting dalam sejarah perjalanan masyarakat Peniwen. Desa Peniwen juga memiliki warisan budaya berupa Babad Peniwen, yakni cerita sejarah dan kearifan lokal yang diwariskan masyarakat setempat. Kisah tersebut dikenalkan melalui pertunjukan gamelan dan wayang. Dalam cerita Babad Peniwen, terdapat sosok Zangkioes Kasanawi yang disebut berperan besar dalam lahirnya Desa Peniwen pada tahun 1830. Ia dikisahkan sebagai tokoh yang menyebarkan ajaran Kristen di wilayah tersebut, sekaligus menjadi sosok penting berdirinya gereja pertama di Peniwen. Meski mayoritas penduduknya beragama Kristen, masyarakat Peniwen hidup berdampingan dengan pemeluk agama lain seperti Islam dan Hindu. Kehidupan masyarakat yang rukun dalam keberagaman menjadi salah satu ciri khas desa ini. Tak hanya kaya sejarah religi, Desa Peniwen juga dikenal melalui Monumen Peniwen Affair 19 Februari 1949. Monumen ini dibangun untuk mengenang peristiwa serangan milisi Belanda terhadap anggota Palang Merah Remaja (PMR) dan warga desa. Dalam peristiwa tersebut, sebanyak 12 anggota PMR dan lima warga gugur saat menghadapi penjajah Belanda pada Februari 1949. Peristiwa ini menjadi salah satu catatan penting perjuangan masyarakat Peniwen di masa revolusi. Panorama dan Daya Tarik Desa Peniwen Malang Desa seluas 38.62 kilometer ini menawarkan panorama pedesaan yang asri dengan hamparan sawah dan terasering seluas sekitar 233 hektare. Suasana desa yang sejuk dan tenang menjadi daya tarik tersendiri bagi wisatawan yang ingin menikmati nuansa alam khas pedesaan di Kabupaten Malang. Selain panorama alam, Desa Peniwen juga memiliki tradisi budaya yang masih dilestarikan, seperti tradisi unduh-unduh, dan Festival Wisata Budaya Pasar Sorbon yang digelar di bawah rindangnya kebun cokelat. Kegiatan tersebut menjadi daya tarik wisata budaya yang memperkenalkan kearifan lokal. Harga Tiket dan Paket Wisata Desa Peniwen Malang Pengelolaan wisata desa ini berada di bawah BUMDes Peniwen Sejahtera. Desa Wisata Peniwen menawarkan paket wisata edukasi dan budaya dengan harga tiket sebesar Rp 60 ribu per orang. Paket tersebut mencakup berbagai aktivitas wisata khas pedesaan yang dapat dinikmati pengunjung. Di antaranya sebagai berikut. Menikmagi sunrise Belajar menanam padi Belajar alat musik gamelan dan menari Mengikuti tour desa untuk mengenal kehidupan masyarakat setempat Desa Wisata Peniwen menjadi salah satu destinasi menarik di Kabupaten Malang. Tidak hanya menawarkan suasana pedesaan yang asri, desa ini juga menghadirkan pengalaman wisata edukasi dan budaya yang kental dengan nilai kebersamaan serta keberagaman masyarakatnya. Video: 10 Ribu Kendaraan Melintas dari Jakarta ke Puncak Siang Ini (irb/hil) peniwen malang desa peniwen malang wisata religi kenaikan yesus kristus kabupaten malang wisata malang panorama alam",https://www.detik.com/jatim/wisata/d-8485618/pesona-desa-wisata-peniwen-malang-wisata-religi-kenaikan-yesus-kristus,detik_jatim,https://akcdn.detik.net.id/community/media/visual/2026/05/12/gkjw-peniwen-malang-1778563331193_43.jpeg?w=300&q=80,"Desa Wisata Peniwen di Malang menawarkan suasana tenang dan nuansa religius. Nikmati keindahan alam, budaya, dan paket wisata edukasi yang menarik."
"Bupati Malang Lantik Anak Kandung Jadi Kadis LH, Ini Penjelasan BKPSDM",2026-04-20,2026-06-29T07:32:58.967490+00:00,,,"Jakarta - Badan Kepegawaian dan Pengembangan Sumber Daya Manusia (BKPSDM) Kabupaten Malang buka suara terkait pengangkatan Ahmad Dzulfikar Nurrahman sebagai Kepala Dinas Lingkungan Hidup (Kadis LH) Kabupaten Malang yang jadi sorotan. Dia memastikan pengangkatan telah melewati mekanisme seleksi terbuka atau open bidding yang sangat ketat dan transparan. Nurman mengatakan segala macam masalah kepegawaian saat ini dipantau secara langsung oleh Badan Kepegawaian Negara (BKN) RI. Dia menjelaskan seluruh tahapan dari perencanaan hingga pelaporan hasil akhir, wajib diunggah secara real-time melalui sistem aplikasi terintegrasi sehingga tidak ada celah bagi pelaggaran norma dan standar prosedur. ""Penting untuk dipahami bahwa masalah kepegawaian bukanlah hal yang sepenuhnya diotonomikan secara bebas oleh daerah. Ada regulasi ketat dari pusat yang harus dipatuhi. Jika ditemukan ketidaksesuaian prosedur atau pelanggaran norma standar, pusat memiliki kewenangan untuk membatalkan hasil seleksi,"" ujar Nurman dilansir detikJatim, Senin (20/4/2026). SCROLL TO CONTINUE WITH CONTENT Dia memastikan proses penetapan hingga pelantikan, Dzulfikar sesui dengan standar operasional prosedur (SOP). Dzulfikar sendiri merupakan anak dari Bupati Malang, M Sanusi. ""Artinya, proses yang berjalan saat ini dipastikan telah memenuhi standar operasional prosedur atau SOP yang berlaku,"" ucapnya.. Dalam menjaga objektivitas penilaian, lanjut Nurman, Pemerintah Kabupaten Malang melibatkan tim panitia seleksi (Pansel). Beberapa di antaranya adalah Rektor Universitas Negeri Malang (UM) Prof Haryono, serta Rektor Universitas Islam Malang (Unisma) dan Rektor Universitas Brawijaya (UB). Nurman meyakini bahwa dengan komposisi penguji setingkat profesor, praktik nepotisme atau 'main mata' dalam proses seleksi sangat mustahil terjadi mengingat kapasitas dan integritas para panelis tersebut. ""Dalam pansel kita melibatkan para rektor. Sudah strata profesor, rasanya kok, jangan lah kita ini kemudian meragukan kredibilitasnya misalnya ada yang meragukan,"" tegasnya. Nurman mengungkap salah satu poin yang menjadi penentu Dzulfikar lebih unggul dibandingkan dengan pelamar lain. Yakni dari rekam jejak akademik dan kompetensi yang menonjol di bidang lingkungan. Baca selengkapnya di sini. (dek/lir) bkpsdm kadis lh kabupaten malang bupati malang",https://news.detik.com/berita/d-8453548/bupati-malang-lantik-anak-kandung-jadi-kadis-lh-ini-penjelasan-bkpsdm,detik_jatim,https://akcdn.detik.net.id/community/media/visual/2026/04/16/bupati-malang-sanusi-melantik-anak-kandungnya-sebagai-kepala-dinas-lingkungan-hidup-1776328301592_43.jpeg?w=300&q=80,"BKPSDM Kabupaten Malang mengatakan pengangkatan Ahmad Dzulfikar sebagai Kadis LH. Proses seleksi terbuka dan transparan, melibatkan tim pansel dari universitas."
Kata PDIP Soal Bupati Malang Lantik Anak Kandung Jadi Kepala Dinas LH,2026-04-17,2026-06-29T07:32:59.244771+00:00,,,"Malang - Deddy Sitorus, Ketua DPP PDIP menanggapi tentang Bupati Malang M Sanusi yang sedang jadi sorotan karena melantik putra kandungnya, Ahmad Dzulfikar Nurrahman sebagai Kepala Dinas Lingkungan Hidup (DLH). Deddy mengatakan setiap orang punya hak yang sama dalam suatu jabatan sepanjang tak melanggar mekanisme. ""Siapa pun punya hak yang sama untuk duduk dalam suatu jabatan, sepanjang memenuhi segala prasyarat administrasi dan syarat-syarat kecakapan teknis, mental dan pengetahuan serta melalui prosedur dan mekanisme yang berlaku,"" kata Deddy Sitorus kepada wartawan, Jumat (17/4/2026). Deddy menilai jabatan yang diemban akan salah jika bertentangan dengan aturan yang ada. Deddy Sitorus menyadari jika pelantikan anak Bupati Malang tersebut akan mendapat tudingan sebagai bagian dari nepotisme. SCROLL TO CONTINUE WITH CONTENT ""Yang tidak boleh itu apabila jabatan itu didapatkan karena hubungan kekerabatan, perkoncoan, dan memanfaatkan kekuasaan dengan cara yang bertentangan dengan aturan serta mekanisme yang ada,"" ujar Deddy. ""Memang secara etik akan sulit untuk mengelak dari tudingan nepotisme, untuk itu mungkin perlu dipertanggungjawabkan dan diaudit secara benar,"" katanya. Anggota Komisi II DPR RI tersebut memandang bila mekanisme yang dilakukan sudah benar maka tidak baik menghalangi hak seseorang. Deddy mempersilakan Badan Kepegawaian Negara (BKN) hingga KemenPAN RB mengecek kebenaran dari proses pelantikan putra Bupati Malang itu. ""Tetapi jika semuanya sudah sesuai norma dan aturan, tidak adil menghalangi hak seseorang yang sudah didapat sesuai mekanisme yang ada. Jadi silakan saja diperiksa oleh yang berwenang seperti BKN atau KemenpanRB,"" ujarnya. Bupati Malang M Sanusi diketahui melantik 447 pejabat di lingkungan Pemkab Malang. Salah satunya adalah Ahmad Dzulfikar Nurrahman, putra kandung Bupati, yang dilantik menjadi Kepala DLH. Prosesi pengukuhan dan pelantikan jabatan pimpinan tinggi pratama (JPTP), administrator, pengawas, hingga jabatan fungsional ini berlangsung khidmat di Pendopo Agung Kabupaten Malang, Senin (13/4). Selain Dzulfikar, Sanusi melantik tiga pejabat eselon II lainnya, yakni Nurrahman sebagai Kepala Satpol PP, Sujarwo Ady Wijayanto sebagai Kepala Dinas Pemberdayaan Masyarakat dan Desa, serta Astri Lutfiatunnisa, yang menjabat Kepala Dinas Perindustrian dan Perdagangan. Dalam arahannya, Bupati Sanusi menekankan bahwa mutasi dan pelantikan ini merupakan langkah strategis untuk memperkuat tata kelola pemerintahan yang baik. Ia meminta seluruh pejabat yang baru dilantik memegang teguh pakta integritas yang telah diikrarkan. ""Ini merupakan bagian dari komitmen Pemerintah Kabupaten Malang untuk menjalankan sistem manajemen kepegawaian dalam tata kelola pemerintahan yang baik,"" ujar Sanusi dalam sambutannya. Baca selengkapnya di sini. Video Pohon Tumbang Timpa Sejumlah Kendaraan di Malang, 2 Orang Tewas (irb/dpe) bupati malang nepotisme kepala dinas lingkungan hidup kabupaten malang",https://www.detik.com/jatim/berita/d-8448466/kata-pdip-soal-bupati-malang-lantik-anak-kandung-jadi-kepala-dinas-lh,detik_jatim,https://akcdn.detik.net.id/community/media/visual/2025/02/12/deddy-sitorus_43.jpeg?w=300&q=80,Deddy Sitorus menanggapi pelantikan putra Bupati Malang sebagai Kepala Dinas. Ia menekankan hak jabatan harus sesuai mekanisme dan tidak melanggar aturan.
"Longsor Terjang Dusun Sengon Malang, Jalan Sempat Lumpuh Total",2026-04-08,2026-06-29T07:32:59.533829+00:00,,,"Malang - Hujan deras yang mengguyur wilayah Kabupaten Malang memicu bencana tanah longsor di Desa Dalisodo, Kecamatan Wagir. Akibatnya, akses jalan di Dusun Sengon sempat lumpuh total setelah tertimbun material tanah dari tiga titik longsoran yang berbeda. Kabid Kedaruratan dan Logistik BPBD Kabupaten Malang, Sadono Irawan, mengungkapkan bahwa peristiwa tersebut bermula saat cuaca ekstrem melanda kawasan tersebut sekitar pukul 14.00 hingga 15.00 WIB. Intensitas hujan yang tinggi membuat kondisi tanah menjadi labil hingga akhirnya longsor di tiga titik sekaligus. SCROLL TO CONTINUE WITH CONTENT ""Terpantau cuaca hujan sedang hingga deras di wilayah Desa Dalisodo dan sekitarnya yang mengakibatkan tanah longsor pada tiga titik,"" ujar Sadono Irawan kepada wartawan, Rabu (8/4/2026) sore. Berdasarkan data BPBD, titik longsor pertama memiliki dimensi panjang 3 meter dengan tinggi 3 meter, sementara titik kedua memiliki panjang 2 meter dan tinggi 3 meter. Titik ketiga menjadi yang paling parah dengan bentangan longsor mencapai panjang 8 meter dan ketinggian tebing mencapai 15 meter yang menutup badan jalan serta saluran drainase. Sadono memastikan bahwa dalam peristiwa ini tidak ada korban jiwa yang dilaporkan. Namun, dampak utamanya adalah terganggunya akses transportasi warga desa. ""Akses jalan dusun di Desa Dalisodo sementara tertutup tanah longsor pada tiga titik longsoran. Untuk prakiraan nilai kerugian dan korban jiwa nihil,"" tambahnya. Merespons kejadian tersebut, tim TRC BPBD Kabupaten Malang langsung diterjunkan ke lokasi untuk melakukan pendataan dan koordinasi dengan Pemerintah Desa serta Muspika setempat. Proses evakuasi dilakukan dengan melibatkan alat berat untuk mempercepat pembersihan jalan. ""Tim bergerak ke lokasi untuk pendataan dan penanganan. Untuk material pada titik satu dan dua sudah dibersihkan oleh kerja bakti warga. Sementara titik ketiga yang menutup badan jalan dan drainase telah selesai dilaksanakan pembersihan menggunakan excavator,"" jelas Sadono. Saat ini, kondisi di lokasi kejadian dipastikan sudah kembali normal. Jalur yang sempat tertutup material tanah kini sudah bisa dilalui kembali oleh kendaraan setelah proses pembersihan tuntas dilakukan oleh petugas dan warga. ""Untuk saat ini penanganan longsor sudah selesai,"" pungkasnya. Video: Sempat Bertahan Hidup Sebelum Akhirnya Tewas Tertimbun Longsor di Sukabumi (auh/abq) longsor dusun sengon bencana alam tanah longsor kabupaten malang",https://www.detik.com/jatim/berita/d-8435257/longsor-terjang-dusun-sengon-malang-jalan-sempat-lumpuh-total,detik_jatim,https://akcdn.detik.net.id/community/media/visual/2026/04/08/longsor-di-wagir-kabupaten-malang-akibat-curah-hujan-deras-1775645139958_43.jpeg?w=300&q=80,"Hujan deras di Kabupaten Malang menyebabkan tanah longsor di Desa Dalisodo, menutup akses jalan. Tim BPBD telah melakukan pembersihan dan situasi kini normal."
Gus Ipul Ajak Kades Se-Malang Hidupkan Puskesos dan Mutakhirkan Data,2026-03-30,2026-06-29T07:32:59.980100+00:00,,,"Jakarta - Menteri Sosial (Mensos), Saifullah Yusuf atau Gus Ipul mengajak pemerintah daerah Kabupaten Malang khususnya kepala desa, operator data, dan pilar-pilar sosial untuk fokus pada layanan sosial, yaitu dengan menghidupkan Pusat Kesejahteraan Sosial (Puskesos) dan ikut memutakhirkan Data Tunggal Sosial Ekonomi Nasional (DTSEN). ""Fokus kepada layanan, terutama layanan sosial. Jadi begini Pak Kades, saya ingin para Kades ini menghidupkan Puskesos atau Pusat Kesejahteraan Sosial,"" kata Gus Ipul dalam keterangannya, Senin (30/3/2026). Hal itu ia katakan saat memberikan arahan dalam acara Kolaborasi Program Prioritas Presiden di Pendopo Kabupaten Malang, Jawa Timur, Senin (30/3). SCROLL TO CONTINUE WITH CONTENT Adapun Gus Ipul hadir di lokasi pukul 09.00 WIB, disambut oleh penampilan dari siswa Sekolah Rakyat Terintegrasi (SRT) 47 Malang, di antaranya menampilkan pidato, paduan suara, dan pembacaan puisi. Para siswa terlihat percaya diri tampil di hadapan ratusan peserta yang hadir, bahkan ada yang sampai terbawa suasana ikut bernyanyi dan bertepuk tangan bersama. Dalam momen ini, Gus Ipul menyoroti peran strategis pemerintah daerah, mulai dari Bupati/Wali Kota, Dinas Sosial, kepala desa, bahkan hingga RT/RW dalam proses pemutakhiran data untuk menjaga keakuratan data, sehingga program bisa tepat sasaran. ""Ini adalah jalur formal, sangat strategis. Jadi peran RT, RW strategis, peran Operator SIKS-NG strategis, peran Kepala Desa sangat strategis. Karena Kepala Desa beserta jajaranya bisa mencoret dan bisa juga mengusulkan warganya yang layak untuk mendapatkan bantuan dengan kriteria yang telah ditentukan oleh BPS,"" ungkapnya. Maka dari itu, keterlibatan pemerintah daerah sangat diperlukan dalam proses pemutakhiran DTSEN lewat jalur formal, disamping proses pemutakhiran lewat jalur partisipasi melalui kanal-kanal yang telah disediakan Kemensos seperti aplikasi cek bansos, call center dan whatsApp center. ""Masyarakat bisa berpartisipasi lewat mana? Lewat jalur aplikasi cek bansos. Ini aplikasi khusus untuk masyarakat. Kalau operator itu aplikasinya SIKS-NG,"" ujarnya. Disamping lewat kanal-kanal dari Kemensos, Gus Ipul juga mengajak kepala desa untuk mengaktifkan Puskesos, sebagai salah satu saluran bagi masyarakat untuk berpartisipasi dalam memberikan usulan dan sanggahan terkait layanan sosial dan data. ""Ini Pak Bupati, Puskesos ini penting. Pusat Kesejahteraan Sosial. Nanti salah satu yang ada di dalam itu adalah operator desa itu. Nah ini untuk menampung keluhan warga,"" imbuhnya. Puskesos tidak hanya menampung keluhan masyarakat, namun juga menindaklanjuti keluhan-keluhan tersebut melalui Sistem Layanan Rujukan Terpadu (SLRT). ""Ada sistemnya namanya SLRT, artinya keluhan-keluhan itu harus ditindaklanjuti,"" kata Gus Ipul. Lebih lanjut, Gus Ipul menjelaskan Presiden Prabowo Subianto melalui Inpres No. 4 Tahun 2025 tentang DTSEN, ingin memastikan seluruh warga Indonesia yang seharusnya mendapatkan perlindungan sosial, bisa dijangkau oleh program-program prioritas. ""Anak-anak Sekolah Rakyat yang tadi tampil di atas panggung ini adalah mereka-mereka dari keluarga The Invisible People. Mereka-mereka yang keluarganya sudah tidak sanggup menyekolahkan anaknya,"" ujarnya. Sementara itu, Bupati Malang, Sanusi menyampaikan rasa kagumnya atas penampilan siswa (SRT) 47 Malang. Menurutnya memberikan akses pendidikan gratis bagi anak-anak dari keluarga miskin dan miskin ekstrem adalah salah satu bentuk memberikan manfaat bagi sesama. ""Kalau punya pengetahuan, punya kemampuan, sedekahkan kemampuannya kepada yang membutuhkan. Seperti pendidikan-pendidikan pada Sekolah Rakyat. Tadi luar biasa Sekolah rakyat kita, sudah bisa berpidato dua bahasa,"" kata Sanusi. Sebagai informasi, dalam kegiatan ini, turut hadir Wakil Bupati Malang, Lathifah Shohib; Sekretaris Daerah dan Forkopimda Kabupaten Malang, jajaran Pejabat Tinggi Madya Kemensos, serta stakeholder terkait lainnya. Lihat juga Video: Mensos RI: ""Ayo Jihad Data"" [Gambas:Video 20detik] (ega/ega) puskesos gus ipul kabupaten malang dtsen pemutakhiran data",https://news.detik.com/berita/d-8421921/gus-ipul-ajak-kades-se-malang-hidupkan-puskesos-dan-mutakhirkan-data,detik_jatim,https://akcdn.detik.net.id/community/media/visual/2026/03/30/gus-ipul-ajak-kades-se-malang-hidupkan-puskesos-dan-mutakhirkan-data-1774861082805_43.jpeg?w=300&q=80,"Mensos Gus Ipul mengajak pemerintah daerah di Malang untuk fokus pada layanan sosial, menghidupkan Puskesos, dan memutakhirkan DTSEN demi keakuratan data."
Hujan Angin di Malang Bikin Pohon Tumbang Timpa Rumah dan Warung,2026-03-28,2026-06-29T07:33:00.287580+00:00,,,"Malang - Cuaca ekstrem berupa hujan deras disertai angin kencang melanda wilayah Kecamatan Pakisaji, Kabupaten Malang, Sabtu (28/3/2026). Fenomena hidrometeorologi yang terjadi siang tadi mengakibatkan pohon tumbang di dua titik lokasi berbeda, yakni di Desa Karangnongko dan Desa Sutojayan. Kejadian pertama berada terjadi di Desa Karangnongko, tepatnya di area Flamboyan Jiwo, RT12/RW03. Sebuah pohon jati dengan diameter sekitar 30 sentimeter dan tinggi 12 meter tumbang akibat terjangan angin. Pohon tersebut menimpa atap rumah kos milik warga bernama Pak Jilak. Akibatnya, lima kamar kos mengalami kerusakan ringan pada bagian atap dan jaringan kabel listrik di area tersebut turut tertimpa material pohon. SCROLL TO CONTINUE WITH CONTENT Titik kedua berada di Jalan Raya Panji Pulang Jiwo, RT08/RW01, Desa Sutojayan. Di lokasi ini, sebuah pohon jati berdiameter 20 sentimeter dengan tinggi 8 meter roboh menimpa atap bagian samping warung milik Ibu Lia. Sama seperti di lokasi pertama, tumbangnya pohon ini juga berdampak pada kabel listrik di sekitar area pemukiman warga. Kepala Bidang Kedaruratan dan Logistik BPBD Kabupaten Malang, Sadono Irawan, mengonfirmasi bahwa tim reaksi cepat telah dikerahkan ke lokasi sesaat setelah menerima laporan dari warga. Sadono mengaku, penanganan dilakukan secara kolaboratif bersama sejumlah pihak untuk memastikan akses jalan dan keamanan warga segera pulih. Tim TRC PB bersama PMI dan unsur Forkopimcam Pakisaji ke lokasi kejadian untuk melakukan pendataan serta evakuasi. ""Fokus utama petugas adalah pembersihan material pohon menggunakan gergaji mesin agar mobilitas warga tidak terganggu dan potensi bahaya dari kabel listrik yang tertimpa bisa segera diminimalisir,"" ujar Sadono Irawan kepada wartawan, Sabtu (28/3/2026), sore. Hingga pukul 15.20 WIB, proses pembersihan dan pemotongan pohon di kedua lokasi dinyatakan selesai. Meski sempat terjadi kendala pada jaringan listrik, pihak PLN telah berada di lapangan untuk melakukan perbaikan kabel. Selain BPBD dan TNI-Polri, unsur dari Marva Telekomunikasi serta Buana Solusindo juga turut membantu proses normalisasi di lokasi terdampak. Sadono Irawan juga memastikan bahwa tidak ada korban jiwa maupun luka-luka dalam peristiwa ini. Berdasarkan hasil assement di lapangan, nilai kerugian materiil masih dalam kategori nihil karena kerusakan pada bangunan tergolong ringan dan langsung diperbaiki secara mandiri oleh pemiliknya. ""Masyarakat diimbau untuk tetap waspada mengingat saat ini masih berada dalam masa tanggap darurat bencana hidrometeorologi,"" pungkasnya. Video Prospek Cuaca hingga 5 Februari: Babel, Jateng & Jatim Hujan Lebat (auh/abq) hujan deras angin kencang pohon tumbang bencana alam kabupaten malang",https://www.detik.com/jatim/berita/d-8419507/hujan-angin-di-malang-bikin-pohon-tumbang-timpa-rumah-dan-warung,detik_jatim,https://akcdn.detik.net.id/community/media/visual/2026/03/28/pohon-jati-tumbang-akibat-cuaca-ekstrem-menimpa-rumah-kos-di-malang-1774694867872_43.jpeg?w=300&q=80,"Hujan deras dan angin kencang melanda Malang, menyebabkan pohon tumbang menimpa rumah dan warung. Tim BPBD segera tangani situasi tanpa korban jiwa."
"Lebaran Pertama, Ribuan Kendaraan Serbu Malang-Batu Lewat Exit Tol Singosari",2026-03-21,2026-06-29T07:33:00.561455+00:00,,,"Malang - Arus lalu lintas di gerbang tol Singosari, Kabupaten Malang, mengalami peningkatan volume kendaraan pada hari pertama Idul Fitri 1447 Hijriyah.Meski ada lonjakan, lalu lintas yang mengarah ke Kota Malang maupun Kota Batu terpantau masih lancar terkendali. Kanit Turjawali Satlantas Polres Malang, Iptu Andi Agung mengungkapkan bahwa pergerakan kendaraan mulai terlihat memadat pada pagi hingga siang hari. Berdasarkan data kepolisian, ribuan kendaraan terpantau keluar masuk wilayah Malang melalui gerbang tol utama tersebut. SCROLL TO CONTINUE WITH CONTENT ""Ada peningkatan tapi masih lancar, kendaraan dari exit tol Singosari menuju Kota Batu dan Kota Malang,"" ujar Andi kepada detikJatim, Sabtu (21/3/2026). Andi menjelaskan bahwa kepadatan kendaraan yang keluar dari gerbang tol Singosari terjadi dalam rentang waktu empat jam. Wisatawan mulai membanjiri wilayah Malang Raya sejak pagi hari. ""Kendaraan terbanyak keluar mulai pukul 09.00 WIB sampai dengan pukul 13.00 WIB,"" jelasnya. Berdasarkan data Satlantas Polres Malang mulai pukul 00.00 WIB sampai pukul 14.00 WIB, tercatat sebanyak 6.937 unit kendaraan keluar melalui gerbang tol Singosari. Sementara itu, untuk kendaraan yang masuk ke arah tol berjumlah 7.189 unit. Sementara itu, kondisi arus lalu lintas di wilayah Kota Batu yang biasanya menjadi titik kemacetan (troublespot ) justru terpantau lebih landai pada hari ini. Beberapa titik yang biasanya padat, seperti Simpang 4 Arhanud, Simpang 3 Pendem, hingga kawasan wisata Jatim Park (Mikutopia), masih bisa dilalui dengan lancar. ""Alhamdulillah hari ini masih lancar terkendali di beberapa titik yang biasanya troublespot maupun di lokasi wisata,"" ungkap Kanit Turjawali Satlantas Polres Batu Ipda Gema Indra Winaryan dikonfirmasi terpisah. Pihak kepolisian tetap mengimbau para pengendara untuk selalu waspada dan mematuhi rambu-rambu lalu lintas demi kenyamanan bersama selama masa libur Lebaran tahun 2026 ini. Video Pohon Tumbang Timpa Sejumlah Kendaraan di Malang, 2 Orang Tewas (ihc/abq) gerbang tol singosari kabupaten malang wisata malang lalu lintas malang simpang karanglo",https://www.detik.com/jatim/berita/d-8410180/lebaran-pertama-ribuan-kendaraan-serbu-malang-batu-lewat-exit-tol-singosari,detik_jatim,https://akcdn.detik.net.id/community/media/visual/2026/03/21/kondisi-lalu-lintas-di-simpang-karanglo-1774081221256_43.jpeg?w=300&q=80,"Arus lalu lintas di gerbang tol Singosari, Malang, meningkat pada Idul Fitri 1447 Hijriyah. Meski padat, lalu lintas tetap lancar menuju Kota Malang dan Batu."
"Cuaca Ekstrem Terjang Malang, 24 Bencana Terjadi dalam 4 Hari",2026-03-05,2026-06-29T07:33:00.860221+00:00,,,"Malang - Cuaca ekstrem melanda wilayah Kabupaten Malang dalam beberapa hari terakhir memicu rentetan bencana. Badan Penanggulangan Bencana Daerah (BPBD) mencatat, ada puluhan kejadian bencana hidrometeorologi yang tersebar di berbagai titik selama periode 1 hingga 4 Maret 2026. Berdasarkan data BPBD Kabupaten Malang, tercatat total ada 24 kejadian bencana. Angka tersebut didominasi oleh tanah longsor dan cuaca ekstrem yang berdampak pada rusaknya puluhan rumah warga. ""Dalam kurun waktu empat hari ini kami mencatat ada 24 kejadian bencana hidrometeorologi di wilayah Kabupaten Malang,"" ujar Kabid Kedaruratan dan Logistik BPBD Kabupaten Malang Sadono Irawan saat dikonfirmasi, Kamis (5/3/2026). SCROLL TO CONTINUE WITH CONTENT Dari sekian banyak titik bencana, Kecamatan Kasembon menjadi wilayah yang paling babak belur. Terhitung ada 10 kejadian yang terjadi di sana, mulai dari longsor, banjir, hingga cuaca ekstrem. ""Di Kasembon saja ada empat kejadian tanah longsor dan empat kejadian cuaca ekstrem. Dampaknya cukup signifikan terhadap pemukiman warga di Desa Pait, Kasembon, hingga Wonoagung,"" jelas Sadono. Selain Kasembon, beberapa kecamatan lain yang juga melaporkan kejadian bencana antara lain Kecamatan Singosari tiga kejadian longsor serta banjir. Lalu, di Kecamatan Poncokusumo ada dua kejadian longsor dan cuaca ekstrem, serta Kecamatan Pakis dua kejadian yakni banjir dan longsor. Terakhir, di Kecamatan Ngantang, Pujon, Lawang, Tajinan, dan Kepanjen masing-masing satu kejadian. Sadono menyebut, dampak dari cuaca buruk ini tidak main-main. BPBD mencatat sebanyak 79 unit rumah mengalami kerusakan dan 10 rumah tergenang banjir. Selain pemukiman, fasilitas umum (fasum) dan infrastruktur juga dilaporkan mengalami kerusakan. ""Total ada 79 rumah rusak, 1 infrastruktur rusak, dan 3 fasilitas umum yang terdampak. Kami juga terus memantau beberapa titik akses jalan yang sempat terhambat akibat pohon tumbang dan material longsor,"" tambah Sadono. Secara rinci, jenis bencana yang terjadi selama empat hari tersebut adalah tanah longsor sebanyak 10 kejadian, cuaca ekstrem 8 kejadian, banjir 3 kejadian dan pohon tumbang 3 kejadian. Pihak BPBD mengimbau masyarakat, terutama yang tinggal di lereng perbukitan dan dekat aliran sungai, untuk tetap waspada. Mengingat potensi cuaca ekstrem masih mungkin terjadi dalam beberapa hari ke depan. ""Kami meminta warga tetap tenang namun waspada. Segera lapor ke perangkat desa atau BPBD jika melihat tanda-tanda potensi longsor atau pergerakan tanah di lingkungannya,"" pungkas Sadono. Video: Gelombang Panas Ekstrem Landa Eropa, Rekor Suhu Terpanas Pecah (auh/hil) cuaca ekstrem bencana alam bpbd tanah longsor kabupaten malang",https://www.detik.com/jatim/berita/d-8385737/cuaca-ekstrem-terjang-malang-24-bencana-terjadi-dalam-4-hari,detik_jatim,https://akcdn.detik.net.id/community/media/visual/2025/11/02/sebuah-pohon-tumbang-menimpa-mobil-di-malang-1762086334411_43.jpeg?w=300&q=80,"Cuaca ekstrem di Kabupaten Malang menyebabkan 24 bencana hidrometeorologi, termasuk tanah longsor dan banjir, merusak 79 rumah. Warga diimbau waspada."
