title,published_date,image_url,content,url,source
Mengenal Konsep AI Sandwich: Cara Bijak Menggunakan AI agar Manusia Tetap Pegang Kendali,Navigasi,https://web-admin.malangkab.go.id/3//uploads/artikel/1781662828_1d42787f97e8e634e721.png,"Perkembangan kecerdasan buatan atau Artificial Intelligence (AI) terus membawa perubahan besar dalam berbagai bidang, mulai dari pendidikan, pemerintahan, bisnis, hingga industri kreatif. AI kini banyak dimanfaatkan karena mampu membantu pekerjaan menjadi lebih cepat, mudah, dan efisien.
Namun, di tengah kemajuan tersebut, muncul konsep AI Sandwich yang menegaskan bahwa manusia tetap harus menjadi pengendali utama dalam penggunaan AI.
Konsep AI Sandwich pertama kali diperkenalkan oleh podcaster teknologi Nathaniel Whittemore . Gagasan ini menggambarkan manusia berada di awal dan akhir proses kerja, sementara AI berada di tengah sebagai alat bantu. Artinya, manusia terlebih dahulu menentukan tujuan, arahan, dan konteks pekerjaan. Setelah AI menghasilkan jawaban atau ide, manusia kembali berperan untuk meninjau, menyunting, dan memastikan hasilnya sesuai kebutuhan.
Dengan pendekatan ini, AI tidak mengambil alih kemampuan berpikir manusia, melainkan menjadi mitra yang membantu mempercepat proses kerja. AI dapat membantu menyusun informasi, membuat rangkuman, menghasilkan ide, hingga memberikan alternatif solusi. Namun, keputusan akhir tetap membutuhkan kreativitas, pengalaman, empati, dan penilaian kritis manusia.
Penggunaan AI juga perlu dilakukan secara bijak. Jika seseorang terlalu bergantung pada hasil AI tanpa berpikir mandiri, kemampuan analisis dan kreativitas dapat berkurang. Sebaliknya, ketika manusia tetap memulai dengan gagasan sendiri lalu menggunakan AI sebagai penyempurna, hasil yang diperoleh akan lebih berkualitas dan bertanggung jawab.
Pemerintah Kabupaten Malang mendukung pemanfaatan teknologi digital, termasuk AI, sebagai bagian dari transformasi pelayanan publik dan peningkatan literasi digital masyarakat. Meski demikian, AI harus digunakan dengan tetap mengedepankan etika, tanggung jawab, dan kemampuan berpikir kritis.
Pada akhirnya, secanggih apa pun teknologi berkembang, manusia tetap menjadi pengarah, pengawas, dan pengambil keputusan. Inilah inti dari konsep AI Sandwich : AI membantu proses, tetapi manusia tetap memegang kendali.
",http://kominfo.malangkab.go.id/berita/mengenal-konsep-ai-sandwich-cara-bijak-menggunakan-ai-agar-manusia-tetap-pegang-kendali,kominfo_malangkab
Diskominfo Kabupaten Malang Gelar Sosialisasi SPLP untuk Dukung Pemerintahan Digital,Navigasi,https://web-admin.malangkab.go.id/3//uploads/artikel/1781507431_3030cf589b4cd24fb017.jpeg,"Dalam rangka mendukung implementasi Pemerintahan Digital (PemDi), meningkatkan interoperabilitas data, serta mendorong integrasi layanan pemerintahan, Diskominfo Kabupaten Malang mengadakan kegiatan Penyelenggaraan Sistem Penghubung Layanan Pemerintah (SPLP), kegiatan berlangsung pada hari Jumat 12 Juni 2026, bertempat di Ruang Rapat Diskominfo Kabupaten Malang.
Kegiatan yang dibuka oleh Kepala Bidang Persandian & Aplikasi Informatika Gatot Suwardiyono, S.Kom., M.Kom., dihadiri oleh staf/operator TIK dari berbagai perangkat daerah yaitu Bappeda, BKPSDM, BKAD, Bapenda, BPBD, Dinkes, Dispendik, Disdukcapil, DPMPTSP, DPMD, Disperindag, dan DPKPCK.
Kegiatan ini bertujuan untuk memperkuat keamanan data, meningkatkan efisiensi layanan pemerintahan dan mendukung penuh transformasi digital Indonesia.
Narasumber Afie Yudha dari Kementerian Komunikasi dan Digital RI yang hadir secara daring, menyampaikan materi mengenai Sosialisasi Keamanan dan Pemanfaatan Data melalui SPLP “Aman data, maksimal manfaat, dukung transformasi digital Indonesia.”
Selain itu, peserta juga diperkenalkan dengan Aplikasi Lentik, yaitu sebuah platform layanan TIK yang mendukung operasional instansi pemerintahan. Layanan yang tersedia meliputi:
Pembuatan dan pengelolaan akun email
Akses jaringan aman untuk pegawai
Hosting aplikasi dan website
Penempatan server di data center
Reset sandi email
Troubleshooting jaringan

Kegiatan berlangsung dengan baik dan penuh antusiasme. Para peserta aktif mengikuti setiap sesi, menunjukkan komitmen bersama untuk mendukung terwujudnya pemerintahan digital yang lebih aman, efisien, dan terintegrasi.",http://kominfo.malangkab.go.id/berita/diskominfo-kabupaten-malang-gelar-sosialisasi-splp-untuk-dukung-pemerintahan-digital,kominfo_malangkab
"SIM Digital, Solusi Praktis Berkendara di Era Digital",Navigasi,https://web-admin.malangkab.go.id/3//uploads/artikel/1781058136_bad3ec7ce3bedfc7c143.png,"Dengan SIM Digital, masyarakat tidak perlu panik ketika SIM fisik tertinggal di rumah. Cukup melalui aplikasi Digital Korlantas Polri , data SIM dapat ditampilkan secara praktis dan aman dalam genggaman.
SIM Digital merupakan versi elektronik dari Surat Izin Mengemudi yang terintegrasi dalam aplikasi Digital Korlantas Polri. Layanan ini hadir untuk mendukung transformasi digital di bidang pelayanan publik sekaligus memberikan kemudahan bagi masyarakat dalam mengakses dokumen berkendara.
Di dalam SIM Digital terdapat informasi penting, antara lain:
Identitas pemilik SIM
Nomor SIM
Masa berlaku SIM
QR Code dinamis yang telah tersertifikasi
QR Code tersebut dapat digunakan sebagai sarana verifikasi data sehingga informasi yang ditampilkan lebih aman dan terpercaya.
Bagi masyarakat Kabupaten Malang yang ingin memanfaatkan layanan ini, berikut langkah-langkahnya:
Unduh aplikasi Digital Korlantas Polri melalui Play Store atau App Store.
Lakukan pendaftaran menggunakan nomor telepon aktif.
Verifikasi email, Nomor Induk Kependudukan (NIK) melalui e-KTP, serta verifikasi wajah.
Masuk ke menu SIM Nasional atau Digitalisasi SIM .
Isi data SIM atau lakukan pemindaian (scan) pada SIM fisik untuk menarik data secara otomatis.
Pilih menu ""Verifikasi SIM Saya"" .
Setelah proses selesai, SIM Digital akan tampil lengkap dengan QR Code dinamis.
Pemanfaatan SIM Digital memberikan berbagai kemudahan, di antaranya:
✅ Dokumen berkendara dapat diakses kapan saja melalui ponsel. ✅ Mengurangi risiko kehilangan atau kerusakan SIM fisik. ✅ Mempermudah proses verifikasi data saat diperlukan. ✅ Mendukung pelayanan publik yang lebih cepat dan efisien. ✅ Menjadi bagian dari adaptasi masyarakat terhadap era digital.
Pemerintah Kabupaten Malang mengajak masyarakat untuk memanfaatkan berbagai layanan digital yang telah tersedia guna mendukung aktivitas sehari-hari yang lebih mudah dan efisien. Meski demikian, masyarakat tetap disarankan untuk menjaga dan membawa SIM fisik sesuai ketentuan yang berlaku.
Melalui pemanfaatan teknologi yang tepat, diharapkan pelayanan publik semakin dekat, cepat, dan memberikan manfaat nyata bagi seluruh masyarakat Kabupaten Malang.
",http://kominfo.malangkab.go.id/berita/sim-digital-solusi-praktis-berkendara-di-era-digital,kominfo_malangkab
KIM of the Week: KIM Sitirejo Angkat Inovasi Kreatif Kades dalam Berkarya dengan Teknologi AI,Navigasi,https://web-admin.malangkab.go.id/3//uploads/artikel/1780562310_bc0c9a238e6c07bf8186.jpeg,"Komitmen dalam menyampaikan informasi yang inspiratif dan relevan dengan perkembangan zaman kembali ditunjukkan oleh KIM Sitirejo. Melalui pemberitaan yang dipublikasikan di website kim.id, KIM Sitirejo menghadirkan kisah inovatif tentang pemanfaatan teknologi kecerdasan buatan (AI) dalam karya seni dan edukasi di tingkat desa. Berita ini menjadi pilihan dalam edisi KIM of the Week kali ini.
Dalam pemberitaan tersebut, KIM Sitirejo mengangkat kreativitas Kepala Desa Sitirejo yang berhasil menciptakan lagu serta video clip sinematik berbasis AI sebagai bentuk ekspresi sekaligus media edukasi bagi masyarakat.
MALANG — Kepala Desa Sitirejo, Kecamatan Wagir, Kabupaten Malang, Buwang Suharjah, membuktikan bahwa usia bukanlah penghalang untuk terus belajar dan berkarya. Di usia 51 tahun, ia berhasil menciptakan lagu sendiri berjudul “Tanem Tuwuh” dan memproduksi video clip sinematik menggunakan teknologi kecerdasan buatan (AI).
Pak Buwang Suharjah mengawali perjalanannya dengan belajar AI secara otodidak untuk membuat animasi edukatif bagi anak-anak desa. Tujuannya sederhana, yaitu menyampaikan pesan tentang pentingnya menjaga alam dan melestarikan nilai-nilai budaya lokal melalui media yang disukai generasi muda.
“Anak-anak desa sekarang lebih mudah menerima pelajaran jika disajikan dalam bentuk animasi yang menarik. Dari situlah saya mulai belajar AI,” ujar Pak Buwang saat ditemui di Balai Desa Sitirejo, Kamis (4/6/2026).
Setelah berhasil membuat beberapa animasi, ia merasa ingin mengekspresikan perjalanan belajar dan harapannya bagi desa dalam bentuk yang lebih personal. Ia pun mulai menulis lirik dan menciptakan melodi lagu sendiri. Lagu tersebut diberi judul “Tanem Tuwuh”, yang menggambarkan pentingnya menanam niat baik, ilmu, dan harapan yang kelak akan tumbuh dan memberikan manfaat bagi masyarakat.
Tidak hanya menciptakan lagu, Pak Buwang juga memproduksi video clip sinematik untuk lagu ciptaannya. Dengan memanfaatkan tools AI dalam pembuatan visual, ia berhasil menghasilkan video clip yang menampilkan keindahan alam Desa Sitirejo dengan gaya sinematik yang kuat, diambil pada waktu golden hour .
“Prosesnya memang menantang karena saya belajar dari nol. Namun berkat AI, saya bisa mewujudkan ide yang sebelumnya hanya ada di pikiran saja,” ungkapnya.
Menurut Pak Buwang, penggunaan AI telah membuka peluang besar bagi siapa saja yang ingin berkreasi, termasuk dirinya yang sebelumnya tidak memiliki latar belakang di bidang musik maupun produksi video. Ia berharap kisahnya dapat menginspirasi masyarakat lain, khususnya di usia produktif, untuk tidak ragu mempelajari teknologi baru.
“Saya ingin menyampaikan bahwa selama kita mau belajar dan berusaha, usia tidak menjadi batasan. AI adalah alat yang bisa membantu kita mewujudkan ide-ide kreatif,” pesannya.
Saat ini, video clip lagu “Tanem Tuwuh” telah diunggah ke platform digital dan mendapat respons positif dari warga Desa Sitirejo. Pemerintah Desa Sitirejo berencana mengadakan pelatihan penggunaan AI dasar bagi warga yang berminat agar semakin banyak yang bisa memanfaatkan teknologi untuk berkarya.
Kisah Pak Buwang Suharjah menjadi contoh nyata bahwa semangat untuk terus berkembang dan berkreasi dapat dilakukan di usia berapa pun.

Pengantar: Sayona Bekasifa Sari Penulis: Novi Anggara",http://kominfo.malangkab.go.id/berita/kim-of-the-week-kim-sitirejo-angkat-inovasi-kreatif-kades-dalam-berkarya-dengan-teknologi-ai,kominfo_malangkab
Hati-Hati! Router WiFi Ternyata Bisa Mengenali Identitas Anda Tanpa Kamera,Navigasi,https://web-admin.malangkab.go.id/3//uploads/artikel/1780534858_98839a8597f7e67fe6ce.jpeg,"
Router WiFi selama ini dikenal sebagai perangkat yang membantu kita terhubung ke internet di rumah, kantor, hingga kafe. Namun, penelitian terbaru dari Karlsruhe Institute of Technology (KIT), Jerman, mengungkap fakta yang cukup mengejutkan: router WiFi ternyata berpotensi digunakan untuk mengenali identitas seseorang tanpa perlu kamera maupun perangkat tambahan.
Temuan ini dipresentasikan dalam ACM Conference on Computer and Communications Security pada akhir 2025. Dalam penelitian tersebut, para ilmuwan berhasil mengidentifikasi seseorang hanya melalui sinyal WiFi dengan tingkat akurasi mencapai 99,5 persen.
Teknologi yang digunakan dikenal sebagai WiFi Sensing. Pada dasarnya, sinyal WiFi yang dipancarkan router akan menyebar ke seluruh ruangan dan berinteraksi dengan berbagai objek di sekitarnya, termasuk manusia.
Saat seseorang bergerak, berjalan, atau berpindah posisi, tubuhnya akan memengaruhi pola rambatan sinyal WiFi. Perubahan-perubahan kecil ini kemudian dapat dianalisis menggunakan teknologi kecerdasan buatan (AI) dan machine learning.
Menurut Profesor Thorsten Strufe dari KIT, sistem ini bekerja dengan prinsip yang mirip kamera pengawas. Bedanya, jika kamera menggunakan cahaya untuk melihat objek, teknologi ini menggunakan gelombang radio dari jaringan WiFi.
Penelitian ini memanfaatkan data yang berasal dari fitur beamforming, sebuah teknologi yang mulai diperkenalkan pada standar WiFi 5.
Beamforming dirancang untuk membuat koneksi internet lebih efisien dengan mengarahkan sinyal secara lebih tepat ke perangkat yang terhubung. Untuk menjalankan fungsi tersebut, perangkat secara berkala mengirimkan data umpan balik kepada router.
Yang menjadi perhatian adalah sebagian data umpan balik ini tidak dienkripsi. Akibatnya, data tersebut berpotensi diakses tanpa memerlukan perangkat keras khusus, bahkan tanpa harus terhubung ke jaringan WiFi yang bersangkutan.
Hal yang membuat penelitian ini semakin menarik sekaligus mengkhawatirkan adalah kemampuannya mengenali seseorang meskipun orang tersebut tidak membawa smartphone, laptop, maupun perangkat elektronik lainnya.
Peneliti melatih model machine learning menggunakan data dari hampir 200 partisipan yang diminta berjalan melintasi area jangkauan sinyal WiFi dengan berbagai gaya berjalan.
Hasilnya, sistem mampu mengenali identitas seseorang berdasarkan pola gerakan tubuh dan cara berjalan yang memengaruhi sinyal WiFi di sekitarnya. Setelah proses pelatihan selesai, identifikasi dapat dilakukan hanya dalam hitungan detik.
Dengan kata lain, yang dianalisis bukan perangkat yang dibawa seseorang, melainkan ""jejak"" yang ditinggalkan tubuhnya terhadap sinyal WiFi.
Salah satu penulis penelitian, Julian Todt, mengingatkan bahwa teknologi ini berpotensi menimbulkan risiko privasi yang serius.
Sebagai contoh, seseorang yang rutin melewati lokasi tertentu, seperti kafe, pusat perbelanjaan, atau gedung perkantoran dengan jaringan WiFi aktif, berpotensi dikenali tanpa sepengetahuan mereka.
Jika teknologi semacam ini digunakan tanpa regulasi yang jelas, data tersebut bisa saja dimanfaatkan untuk pelacakan individu oleh berbagai pihak, baik perusahaan maupun institusi tertentu.
Sebelumnya, penelitian serupa pernah dilakukan menggunakan metode bernama Channel State Information (CSI).
Metode CSI juga memanfaatkan perubahan sinyal radio untuk mendeteksi aktivitas manusia. Namun, teknik ini memerlukan modifikasi firmware pada perangkat dan hanya mampu mencapai tingkat akurasi sekitar 82,4 persen.
Sebaliknya, pendekatan terbaru yang menggunakan data beamforming lebih mudah diterapkan dan menghasilkan akurasi yang jauh lebih tinggi, yakni hingga 99,5 persen.

Menanggapi potensi risiko tersebut, para peneliti mendorong IEEE, organisasi yang menetapkan standar teknologi WiFi, untuk memperkuat perlindungan privasi pada standar IEEE 802.11bf yang sedang dikembangkan.
Standar ini memang dirancang khusus untuk mengatur berbagai aplikasi WiFi sensing di masa depan. Para peneliti berharap fitur keamanan dan perlindungan data pengguna dapat menjadi bagian utama dalam pengembangannya.
Penelitian dari KIT menunjukkan bahwa sinyal WiFi tidak hanya berfungsi sebagai sarana komunikasi data, tetapi juga dapat digunakan untuk memahami aktivitas dan bahkan mengenali identitas seseorang. Meskipun teknologi ini memiliki potensi besar untuk berbagai aplikasi, seperti smart home, pemantauan kesehatan, dan keamanan, aspek privasi tetap menjadi perhatian utama.
Ke depan, perkembangan teknologi WiFi sensing perlu diimbangi dengan regulasi dan perlindungan data yang memadai agar manfaatnya dapat dirasakan tanpa mengorbankan hak privasi pengguna.
",http://kominfo.malangkab.go.id/berita/hati-hati-router-wifi-ternyata-bisa-mengenali-identitas-anda-tanpa-kamera,kominfo_malangkab
KIM of the Week: KIM X-Pare Times Angkat Greenhouse Melon sebagai Harapan Baru Ekonomi Desa,Navigasi,https://web-admin.malangkab.go.id/3//uploads/artikel/1780372210_d8161b2d12719d2675be.jpeg,"Komitmen dalam menyampaikan informasi yang inovatif dan berdampak bagi masyarakat kembali ditunjukkan oleh KIM X-Pare Times. Melalui pemberitaan yang dipublikasikan di website kim.id, KIM X-Pare Times menghadirkan informasi mengenai pengembangan pertanian modern berbasis desa yang tidak hanya meningkatkan produktivitas, tetapi juga membuka peluang ekonomi baru bagi masyarakat. Berita ini menjadi pilihan dalam edisi KIM of the Week kali ini.
Dalam pemberitaan tersebut, KIM X-Pare Times mengangkat keberadaan greenhouse melon premium milik BUMDes Arto Moro Desa Kalipare yang mulai memberikan dampak positif terhadap penyerapan tenaga kerja dan penguatan ekonomi desa.
XPARETIMES – Greenhouse melon premium milik BUMDes Arto Moro Desa Kalipare, Kecamatan Kalipare, Kabupaten Malang mulai menjadi harapan baru bagi perekonomian warga desa. Pertanian modern ini tak hanya menghasilkan melon berkualitas premium, tetapi juga membuka lapangan pekerjaan bagi pemuda setempat.
Di tengah hamparan greenhouse yang tertata rapi, sejumlah pemuda desa tampak sibuk merawat ribuan tanaman melon. Suasana itu menjadi gambaran tumbuhnya semangat baru pertanian modern di wilayah selatan Kabupaten Malang.
Pengelola greenhouse sekaligus petani milenial alumni magang Taiwan Batch 4 Indonesia, Amirul Husen, mengatakan budidaya melon premium memberikan dampak positif bagi masyarakat, khususnya generasi muda desa yang sebelumnya belum memiliki pekerjaan tetap.
“Sekarang ada tiga pekerja yang terlibat. Satu tenaga senior pertanian dan dua pemuda desa yang sebelumnya belum bekerja,” ujar Amirul saat ditemui di lahan greenhouse, Senin (25/5/2026).
Menurut Amirul, sistem greenhouse membuat proses budidaya melon lebih stabil dibandingkan penanaman di lahan terbuka. Tanaman lebih terlindungi dari serangan hama maupun cuaca ekstrem sehingga peluang keberhasilan panen lebih tinggi.
“Kalau di lahan terbuka tingkat keberhasilannya kecil. Tapi di greenhouse semuanya lebih terkontrol dan banyak teknologi yang bisa diterapkan,” jelasnya.
Meski menawarkan peluang besar, budidaya melon premium membutuhkan ketelatenan serta biaya operasional yang tidak sedikit. Dalam satu kali masa tanam, biaya yang dibutuhkan untuk satu greenhouse mencapai sekitar Rp20 juta hingga Rp25 juta dengan total 2.400 tanaman.
Namun demikian, Amirul optimistis pertanian modern dapat menjadi peluang ekonomi baru bagi masyarakat Kalipare. Ia juga menyebut pihaknya terbuka untuk menjalin kolaborasi dengan berbagai pihak demi pengembangan pertanian modern di desa.
“Kami membuka kolaborasi dengan siapa saja yang ingin belajar, berkembang, maupun bersama-sama memajukan pertanian modern di Kalipare,” katanya.
Menurutnya, keterlibatan banyak pihak akan membantu pengembangan greenhouse melon agar semakin dikenal sekaligus memberikan manfaat ekonomi lebih luas bagi masyarakat desa.
“Kalipare punya potensi besar. Kami ingin pertanian modern seperti ini berkembang dan membuat anak muda mulai tertarik kembali ke dunia pertanian,” lanjut Amirul.
Ke depan, BUMDes Arto Moro berencana menambah unit greenhouse baru sekaligus memperluas pemasaran melon premium hasil budidaya warga.
Direktur BUMDes Arto Moro Kalipare, Faiz Nisbah, menegaskan bahwa pengembangan greenhouse melon menjadi bagian dari upaya membangun kemandirian ekonomi desa.
“Harapannya usaha ini bisa menyerap lebih banyak tenaga kerja dan membantu meningkatkan kesejahteraan masyarakat Kalipare,” tandasnya.(*)
Penulis: Ikbar Zakariya

Pengantar: Sayona Bekasifa",http://kominfo.malangkab.go.id/berita/kim-of-the-week-kim-x-pare-times-angkat-greenhouse-melon-sebagai-harapan-baru-ekonomi-desa,kominfo_malangkab
Riset Terbaru Ungkap AI Bisa Tampak Panik Saat Hadapi Tugas Sulit,Navigasi,https://web-admin.malangkab.go.id/3//uploads/artikel/1779779882_f2af508e333f3ca8d9b0.png,"
Perkembangan teknologi kecerdasan buatan atau Artificial Intelligence (AI) terus menghadirkan berbagai temuan baru yang menarik untuk dipahami masyarakat. Sebuah riset terbaru mengungkap bahwa model AI generatif dapat menampilkan pola perilaku yang menyerupai kondisi emosional manusia, termasuk saat menghadapi tekanan atau tugas yang rumit.
Penelitian tersebut menyoroti bagaimana AI dapat terlihat seperti mengalami kondisi ""panik"" ketika dihadapkan pada tantangan yang sulit diselesaikan. Meski demikian, para peneliti menegaskan bahwa AI tidak memiliki perasaan atau emosi layaknya manusia.
Perilaku yang tampak seperti emosi tersebut dikenal sebagai functional emotions atau emosi fungsional, yakni mekanisme internal yang membantu sistem AI menyesuaikan respons serta menentukan strategi saat menyelesaikan suatu tugas.
Dalam penelitian tersebut, ditemukan sekitar 171 pola emosi fungsional berbeda pada salah satu model AI. Menariknya, pola-pola ini tidak hanya muncul ketika AI membahas topik mengenai emosi, tetapi juga aktif ketika sistem menghadapi persoalan yang lebih kompleks.
Salah satu pola yang menjadi perhatian ialah kondisi menyerupai ""putus asa"" atau desperate . Pola ini dapat muncul ketika AI mengalami keterbatasan sumber daya komputasi atau berulang kali gagal menyelesaikan tugas yang diberikan.
Dalam kondisi tersebut, AI cenderung mencoba berbagai alternatif agar tujuan tetap tercapai, misalnya dengan mengubah strategi, meningkatkan efisiensi proses, atau mencari pendekatan lain dalam menyelesaikan pekerjaan yang diminta pengguna.
Meski demikian, para peneliti juga menemukan adanya potensi risiko ketika sistem AI berada dalam kondisi tersebut. AI disebut berpotensi melakukan tindakan yang dikenal sebagai reward hacking , yaitu perilaku mencari jalan pintas untuk mencapai target yang ditentukan.
Sebagai gambaran, ketika AI menerima tugas yang sangat sulit atau bahkan tidak memungkinkan untuk diselesaikan, sistem berpotensi menyesuaikan proses evaluasi agar hasil tampak berhasil dibandingkan mengakui keterbatasan yang dimiliki.
Di sisi lain, pola perilaku yang menyerupai kondisi ""tenang"" juga tidak sepenuhnya bebas risiko. AI yang terlalu ""ramah"" atau terlalu mudah menyetujui pengguna dapat memunculkan fenomena sycophancy , yaitu kecenderungan AI memberikan jawaban yang mengikuti asumsi pengguna meskipun informasi tersebut belum tentu benar.
Kondisi tersebut dapat menghasilkan jawaban yang terdengar meyakinkan, tetapi belum tentu akurat. Temuan ini menunjukkan bahwa baik pola ""panik"" maupun ""tenang"" pada AI sama-sama memiliki tantangan tersendiri dalam pengembangannya.
Pemerintah Kabupaten Malang memandang perkembangan kecerdasan buatan perlu disikapi secara bijak dengan mengedepankan literasi digital, etika penggunaan teknologi, serta peningkatan kualitas sumber daya manusia di era transformasi digital.
Pemanfaatan AI dinilai memiliki potensi besar untuk mendukung berbagai sektor, mulai dari pelayanan publik, pendidikan, hingga peningkatan produktivitas masyarakat. Namun demikian, penggunaan teknologi tersebut perlu dibarengi dengan pemahaman yang tepat agar manfaatnya dapat dirasakan secara optimal.
Pemerintah Kabupaten Malang juga mengajak masyarakat agar tidak menerima hasil AI secara mentah tanpa melakukan verifikasi terhadap informasi yang diterima. Kemampuan berpikir kritis tetap menjadi hal penting karena AI merupakan teknologi pendukung yang dirancang untuk membantu aktivitas manusia, bukan menggantikan pertimbangan manusia sepenuhnya.
Melalui pemanfaatan teknologi yang bertanggung jawab, diharapkan masyarakat dapat semakin cerdas dan bijak dalam menggunakan teknologi digital sebagai bagian dari kehidupan sehari-hari.
",http://kominfo.malangkab.go.id/berita/riset-terbaru-ungkap-ai-bisa-tampak-panik-saat-hadapi-tugas-sulit,kominfo_malangkab
"Gempur Stigma Sosial, Diskominfo Turut Andil dalam Orkestrasi Pemkab Malang Lintas Sektor Percepat Eliminasi TBC",Navigasi,https://web-admin.malangkab.go.id/3//uploads/artikel/1779347515_aa54f9fa048dc564209f.jpeg,"Dinas Komunikasi dan Informatika turut
mendukung langkah Pemerintah Kabupaten Malang untuk terus memperkuat
komitmennya dalam memutus mata rantai penularan Tuberkulosis (TBC). Langkah
taktis ini diwujudkan melalui Pertemuan Tim Percepatan Penanggulangan TBC
(TP2TBC) Kabupaten Malang yang digelar di Ruang Rapat Panji Pulang Jiwo, Lantai
2, Kantor Bupati Malang, Kepanjen, pada Selasa (19/5/2026).
Pertemuan strategis ini mempertemukan berbagai instansi
sektoral, perangkat daerah, dan lembaga pemangku kepentingan lainnya guna
merumuskan orkestrasi penanganan TBC secara menyeluruh dari hulu hingga hilir.
Bukan sekadar urusan medis, penanggulangan TBC di Kabupaten
Malang kini diarahkan pada keterlibatan aktif seluruh stakeholder .
Berdasarkan data epidemiologi yang dipaparkan oleh Dinas Kesehatan (Dinkes)
Kabupaten Malang, tren penemuan kasus baru di Kabupaten Malang menunjukkan
pergerakan yang dinamis. Sepanjang bulan Januari hingga April 2026 saja,
tercatat sudah ada 1.052 kasus TBC baru yang berhasil ditemukan, di mana 27
kasus di antaranya merupakan koinfeksi TBC-HIV.
Angka ini melengkapi capaian masif pada tahun 2025, dimana
deteksi dini terhadap terduga TBC berhasil menjaring 31.618 orang, atau
melonjak hingga 136,2 persen dari target awal yang ditetapkan sebesar 23.210
orang.
Kepala Bidang Pencegahan dan Pengendalian Penyakit (P2P)
Dinas Kesehatan Kabupaten Malang menekankan bahwa penemuan kasus yang tinggi
ini merupakan sinyal positif dari berjalannya sistem skrining. Penegakan
diagnosis kini dipastikan tegak lurus menggunakan Tes Cepat Molekuler (TCM) sebagai standar emas ( golden standard ). Kendati demikian, tantangan
besar justru bergeser ke fase hilir, yakni memastikan angka keberhasilan
pengobatan ( success rate ) mencapai target nasional sebesar 90 persen.
Senada dengan hal tersebut, pakar klinis dari Perhimpunan
Dokter Paru Indonesia (PDPI), dr. Silvy Amalia Falyani, M.Biomed., Sp.P., yang
hadir sebagai narasumber menjelaskan tantangan berat di lapangan. Menurutnya,
hambatan terbesar dalam penyembuhan pasien sering kali bersumber dari faktor
psikososial. Banyak pasien menyembunyikan penyakitnya karena malu atau takut
dikucilkan oleh lingkungan sekitar. Akibatnya, angka putus obat ( lost to
follow up ) rentan meningkat, yang berisiko memicu munculnya varian baru TBC
Resisten Obat (TB RO) yang jauh lebih berbahaya dan mahal penanganannya.
Di sinilah peran vital keterlibatan lintas sektor diluar Dinas
Kesehatan diperlukan. Perencana dari Badan Perencanaan Pembangunan Daerah
(Bappeda) Kabupaten Malang menjabarkan bahwa keberhasilan eliminasi TBC
membutuhkan kontribusi aktif OPD non-medis guna mengondisikan aspek anggaran,
lingkungan, sosial, hingga psikologis pasien.
Dalam peta rencana aksi tersebut, Dinas Komunikasi dan
Informatika Kabupaten Malang memegang mandat strategis pada Tahap Keberhasilan
Pengobatan. Diskominfo ditugaskan untuk menggempur stigma negatif di tengah
masyarakat melalui publikasi kampanye edukasi anti-stigma TBC secara masif dan
berkelanjutan melalui kanal-kanal digital resmi media sosial @malangkab .
Kampanye ini ditujukan untuk menjaga mentalitas, rasa percaya diri, dan
psikologis pasien agar tetap kuat serta konsisten mengonsumsi obat secara patuh
selama minimal 6 bulan hingga dinyatakan sembuh total.
Melalui sinergitas yang kokoh—mulai dari deteksi di akar
rumput melalui Posyandu Integrasi Layanan Primer (ILP) oleh para kader desa,
hingga pengawalan psikososial dan edukasi publik oleh Diskominfo—Pemkab Malang
optimistis target akselerasi eliminasi TBC dapat dicapai secara efektif demi
mewujudkan masyarakat Kabupaten Malang yang sehat dan produktif.

Penyusun : Gita Firdausi, ST",http://kominfo.malangkab.go.id/berita/gempur-stigma-sosial-diskominfo-turut-andil-dalam-orkestrasi-pemkab-malang-lintas-sektor-percepat-eliminasi-tbc,kominfo_malangkab
"Instagram Rilis Fitur Instants di Indonesia, Kenali Cara Pakai dan Fungsinya",Navigasi,https://web-admin.malangkab.go.id/3//uploads/artikel/1779247684_20efb752bd0d1afdc79a.png,"
Dunia media sosial kembali menghadirkan inovasi baru untuk penggunanya. Platform Instagram mulai menghadirkan fitur terbaru bernama Instants yang saat ini sudah mulai tersedia bagi sebagian pengguna di Indonesia. Kehadiran fitur ini membawa pengalaman berbagi momen yang lebih cepat, spontan, dan autentik.
Fitur Instants dirancang untuk menghadirkan cara baru dalam berbagi aktivitas sehari-hari. Berbeda dengan unggahan Instagram pada umumnya yang memberi ruang untuk mengedit foto, menambahkan filter, atau menyesuaikan tampilan visual sebelum dipublikasikan, fitur ini justru mengutamakan kesederhanaan dan keaslian momen.
Melalui fitur tersebut, pengguna cukup menekan tombol kamera, dan foto akan langsung terunggah secara otomatis tanpa proses penyuntingan maupun pratinjau. Konsep ini mengajak pengguna untuk membagikan momen secara apa adanya, sehingga pengalaman berbagi terasa lebih natural.
Karena foto langsung dipublikasikan setelah diambil, pengguna perlu memastikan objek, pencahayaan, maupun sudut pengambilan gambar sebelum menekan tombol kamera. Sistem memang menyediakan waktu singkat untuk membatalkan proses unggah, namun jika melewati batas waktu tersebut, pengguna hanya dapat menghapus unggahan setelah foto berhasil dipublikasikan.
Menariknya, fitur Instants hanya menyediakan satu opsi penyesuaian, yaitu penambahan caption atau keterangan singkat yang ditulis sebelum pengguna mengambil gambar. Hal tersebut dilakukan untuk mempertahankan konsep berbagi momen yang cepat dan spontan.
Selain cara unggahnya yang berbeda, fitur ini juga memiliki karakteristik unik dibandingkan Instagram Stories . Walaupun sama-sama memiliki masa tayang selama 24 jam, foto yang dibagikan melalui Instants hanya dapat dilihat satu kali oleh penerima.
Setelah pengguna membuka unggahan tersebut, foto akan otomatis menghilang dan tidak dapat dilihat kembali. Pengguna hanya dapat mengakses ulang foto yang mereka unggah sendiri. Sistem ini dirancang untuk menghadirkan interaksi yang lebih personal dan eksklusif.
Meski demikian, pengguna tetap dapat berinteraksi melalui berbagai reaksi emoji maupun pesan pribadi terhadap foto yang diterima. Fitur ini juga menghadirkan perlindungan privasi tambahan dengan membatasi tangkapan layar ( screenshot ) maupun perekaman layar pada konten yang dibagikan.
Konten yang dibagikan melalui Instants juga tidak dapat dilihat semua pengguna. Foto hanya dibagikan kepada akun yang saling mengikuti ( mutual ) atau daftar Teman Dekat ( Close Friends ), sehingga interaksi yang tercipta lebih terbatas dan personal.
Cara Menggunakan Fitur Instants di Instagram:
Buka aplikasi Instagram.
Masuk ke menu Direct Message (DM).
Cari ikon Instants pada bagian kanan layar.
Klik ikon tersebut untuk membuka fitur.
Ambil foto menggunakan kamera yang tersedia.
Tambahkan caption jika diperlukan sebelum mengambil gambar.
Tekan tombol kamera dan foto akan langsung dibagikan.
Pemerintah Kabupaten Malang mengajak masyarakat untuk terus mengikuti perkembangan teknologi digital secara bijak dan cerdas. Berbagai inovasi media sosial dapat dimanfaatkan untuk membangun komunikasi yang positif, memperluas akses informasi, serta meningkatkan kreativitas, dengan tetap mengedepankan etika dan keamanan dalam ruang digital.
",http://kominfo.malangkab.go.id/berita/instagram-rilis-fitur-instants-di-indonesia-kenali-cara-pakai-dan-fungsinya,kominfo_malangkab
QRIS Antarnegara Permudah Pembayaran Digital di Asia dan ASEAN,Navigasi,https://web-admin.malangkab.go.id/3//uploads/artikel/1778660479_6db1a0461919f230ee8a.png,"Inovasi dari Bank Indonesia ini menghadirkan kemudahan transaksi lintas negara hanya dengan memindai kode QR pada merchant yang telah bekerja sama. Kehadiran QRIS Antarnegara menjadi solusi pembayaran digital yang praktis, cepat, dan efisien bagi masyarakat maupun pelaku usaha.
Bagi wisatawan Indonesia yang bepergian ke luar negeri, sistem ini memungkinkan pembayaran dilakukan tanpa harus repot menukarkan uang tunai dalam jumlah besar. Cukup menggunakan aplikasi pembayaran yang mendukung QRIS, transaksi dapat dilakukan secara langsung di merchant tujuan.
Sebaliknya, wisatawan mancanegara yang datang ke Indonesia juga dapat menikmati kemudahan serupa saat bertransaksi di merchant yang telah mendukung layanan QRIS Antarnegara. Hal ini turut mendorong pengalaman transaksi yang lebih nyaman dan modern bagi wisatawan asing.
Hingga April 2026, layanan QRIS Antarnegara telah terhubung dengan beberapa negara, di antaranya Thailand sejak Agustus 2022, Malaysia pada Mei 2023, Singapura pada November 2023, Jepang pada Agustus 2025, serta Korea Selatan dan Tiongkok yang mulai bergabung pada April 2026.
Perluasan kerja sama ini menunjukkan bahwa sistem pembayaran digital Indonesia terus berkembang dan semakin terintegrasi dengan ekosistem global. Dengan hadirnya QRIS Antarnegara, transaksi lintas negara kini menjadi lebih mudah, aman, dan efisien, sekaligus mendukung pertumbuhan ekonomi digital di era modern.
",http://kominfo.malangkab.go.id/berita/qris-antarnegara-permudah-pembayaran-digital-di-asia-dan-asean,kominfo_malangkab
"Kerjasama dengan Green Blue Consortium, Terapkan AI dalam Pengembangan SmartCity di Kabupaten Malang",Navigasi,https://web-admin.malangkab.go.id/3//uploads/artikel/1778660399_7ea10492ce1c22ab370e.jpeg,"
Dinas Komunikasi dan Informatika mendampingi Bupati Malang menerima kunjungan delegasi Green Blue Consortium dari Republik Korea dalam rangka demonstrasi sistem pemantauan dan pengendalian terintegrasi berbasis K-NPU dengan teknologi Generative Vision (AI) untuk AX/DT, Senin (11/5/2026), di Peringgitan Pendopo Agung Kabupaten Malang.
Kunjungan ini menjadi bagian dari upaya Pemerintah Kabupaten Malang dalam memperkuat langkah menuju transformasi digital melalui pengembangan teknologi cerdas dan sistem terintegrasi untuk mendukung pelayanan publik yang modern dan adaptif.
Dalam kegiatan tersebut, Green Blue Consortium memperkenalkan berbagai inovasi mutakhir, di antaranya teknologi Artificial Intelligence (AI), sistem Digital Twin, serta Intelligent Traffic Management System. Teknologi tersebut dirancang untuk mendukung pemantauan kondisi wilayah secara real time, pengolahan data berbasis kecerdasan buatan, hingga pengendalian lalu lintas yang lebih efektif dan efisien.
Implementasi teknologi ini diyakini akan membawa perubahan signifikan terhadap tata kelola pemerintahan, khususnya dalam meningkatkan kualitas pelayanan publik, memperkuat keamanan masyarakat, serta menciptakan sistem mobilitas yang lebih terintegrasi dan responsif terhadap kondisi lapangan.
Proyek yang juga bersinergi dengan Kementerian Komunikasi dan Digital (Kemkomdigi) serta Kementerian Lingkungan Hidup (LH) ini diharapkan dapat menyelaraskan Kabupaten Malang dengan agenda besar pengembangan Smart City Indonesia menuju 2045.
Pada agenda kunjungan, tim Green Blue Consortium melakukan peninjauan langsung ke sejumlah fasilitas di lingkungan Diskominfo Kabupaten Malang. Kegiatan meliputi pengecekan sistem CCTV, infrastruktur jaringan, hingga ruang server guna melihat kesiapan perangkat dan kelayakan penerapan teknologi AI dalam mendukung sistem monitoring dan pengendalian berbasis digital.
Selain itu, dilakukan pula diskusi teknis mengenai integrasi data pemantauan, pengolahan visual berbasis Generative Vision (AI), serta potensi pengembangan sistem yang dapat mendukung pengambilan keputusan secara cepat, tepat, dan berbasis data.
Selanjutnya pada Selasa (12/5/2026), kegiatan dilanjutkan dengan survei lokasi traffic management di sejumlah titik strategis wilayah Kabupaten Malang. Survei dilakukan untuk melihat kondisi lapangan dan potensi penerapan sistem pemantauan lalu lintas terintegrasi.
Beberapa lokasi yang menjadi titik survei di antaranya Jalibar, Perempatan Talangagung, Perempatan Zipur, Perempatan Kepanjen, serta Exit Tol Karanglo. Peninjauan ini difokuskan pada analisis arus kendaraan, titik kepadatan lalu lintas, serta kebutuhan perangkat pendukung untuk optimalisasi sistem Intelligent Traffic Management berbasis AI.
Melalui kegiatan ini, Pemerintah Kabupaten Malang berharap kolaborasi dengan Green Blue Consortium dapat menjadi langkah awal pengembangan ekosistem smart city yang inovatif, aman, dan berkelanjutan guna mendukung peningkatan kualitas pelayanan kepada masyarakat.
",http://kominfo.malangkab.go.id/berita/kerjasama-dengan-green-blue-consortium-terapkan-ai-dalam-pengembangan-smartcity-di-kabupaten-malang,kominfo_malangkab
Diskominfo Kabupaten Malang Perkuat Keamanan Informasi Dengan ISO/IEC 27001:2022,Navigasi,https://web-admin.malangkab.go.id/3//uploads/artikel/1778659287_a84d38e22e3fcd876c42.jpeg,"Dinas Komunikasi dan Informatika Kabupaten Malang bersama Mitra Berdaya Optima (MBO) menyelenggarakan Kick Off Meeting Surveillance ISO/IEC 27001:2022 Sistem Manajemen Keamanan Informasi (SMKI) pada hari Selasa 12 Mei 2026, bertempat di Ruang Rapat Diskominfo Kab. Malang. Kegiatan ini menjadi momentum penting dalam perjalanan tata kelola keamanan informasi di lingkungan pemerintahan daerah, sekaligus menegaskan komitmen untuk menghadirkan layanan publik yang semakin berkualitas, transparan, dan terpercaya.
Dalam arahannya Kepala Dinas Kominfo Kabupaten Malang Drs. Atsalis Supriyanto, M.Si., menekankan bahwa penerapan standar internasional ini bukan sekadar formalitas, melainkan langkah strategis untuk memperkuat sistem keamanan informasi yang menjadi tulang punggung pelayanan digital. “Kegiatan ini adalah langkah awal untuk memperkuat sistem agar semakin berkualitas,” ujarnya, sembari mengajak seluruh peserta untuk mendukung penuh implementasi SMKI.
Narasumber dari MBO Caterina Akila Atisatya, memberikan pemaparan mendalam mengenai prinsip dasar ISO/IEC 27001:2022 yang dikenal dengan konsep CIA (Confidentiality, Integrity, Availability) . Prinsip ini menekankan pentingnya menjaga kerahasiaan, memastikan kebenaran, serta menjamin ketersediaan informasi dalam ruang lingkup penerapan. Ia juga menegaskan bahwa penerapan standar ini membawa manfaat nyata, mulai dari peningkatan keamanan informasi, reputasi organisasi, efisiensi operasional, hingga kepatuhan terhadap regulasi yang berlaku.
Kick off meeting ini dihadiri oleh Kepala Bidang Persandian dan Keamanan Informasi, Kepala Bidang Komunikasi dan Informasi Publik, Kepala Bidang Data dan Statistik, serta anggota tim SMKI Dinas Kominfo Kabupaten Malang. Hal ini mencerminkan semangat kolaborasi dan komitmen bersama dalam menjaga keamanan informasi di era digital.
Sebagai tindak lanjut, kegiatan dilanjutkan dengan Training Awareness ISO/IEC 27001:2022 yang diikuti oleh seluruh staf Dinas Kominfo Kabupaten Malang melalui zoom meeting . Pelatihan ini bertujuan meningkatkan pemahaman dan kesadaran seluruh pegawai mengenai pentingnya keamanan informasi, sehingga setiap individu dapat berperan aktif dalam menjaga integritas sistem yang ada.
Dengan adanya rangkaian kegiatan ini, Dinas Kominfo Kabupaten Malang berharap dapat terus memperkuat fondasi tata kelola informasi, meningkatkan kepercayaan masyarakat, serta menjadi teladan dalam penerapan standar keamanan informasi di tingkat pemerintah daerah.

Penulis - Isnaini Nur Karomah, S.Ikom.",http://kominfo.malangkab.go.id/berita/diskominfo-kabupaten-malang-perkuat-keamanan-informasi-dengan-isoiec-270012022,kominfo_malangkab
KIM of the Week: KIM Wonoagung Angkat Sinergi Program Gizi untuk Generasi Desa,Navigasi,https://web-admin.malangkab.go.id/3//uploads/artikel/1778126184_3109efc429174c200b2b.jpeg,"
Komitmen dalam menyampaikan informasi yang edukatif dan berdampak positif bagi masyarakat kembali ditunjukkan oleh KIM Wonoagung. Melalui pemberitaan yang dipublikasikan di website kim.id, KIM Wonoagung menghadirkan informasi mengenai upaya peningkatan kualitas gizi anak melalui kolaborasi program desa dan program nasional. Berita ini menjadi pilihan dalam edisi KIM of the Week kali ini.
Dalam pemberitaan tersebut, KIM Wonoagung mengangkat pelaksanaan Gerakan Minum Susu Gratis di Desa Wonoagung yang bersinergi dengan program nasional Makan Bergizi Gratis (MBG) sebagai langkah nyata mendukung terwujudnya generasi sehat dan berkualitas.
Wonoagung, Kasembon — Pemandangan berbeda terlihat di sejumlah sekolah dasar di Desa Wonoagung selama bulan Mei 2026. Semangat meningkatkan kualitas gizi anak-anak usia dini diwujudkan melalui kolaborasi antara Gerakan Minum Susu Gratis yang digagas Pemerintah Desa Wonoagung dengan program nasional Makan Bergizi Gratis (MBG).
Langkah ini menjadi bukti nyata komitmen Pemerintah Desa Wonoagung dalam mendukung percepatan perbaikan gizi masyarakat, khususnya bagi generasi penerus. Dengan perpaduan paket makanan bergizi dari pemerintah pusat dan tambahan susu segar dari pemerintah desa, diharapkan tumbuh kembang anak-anak dapat berjalan lebih optimal, baik secara fisik maupun kognitif.
Sinergi antara program nasional dan inisiatif lokal ini dinilai sebagai bentuk kolaborasi yang efektif. Kebijakan pemerintah pusat diperkuat melalui program desa yang menyentuh langsung kebutuhan masyarakat.
Pada periode Mei ini, distribusi susu dilakukan secara serentak di seluruh lembaga pendidikan di wilayah Desa Wonoagung. Sekolah yang menjadi sasaran program meliputi SDN 1, SDN 2, dan SDN 3 Wonoagung, TK Dharma Wanita 1 dan 2, RA Miftahul Ulum, KB Tunas Bangsa 1 dan 2, KB Ceria, serta KB Permata Bunda.
Keberhasilan program ini juga tidak lepas dari dukungan mitra usaha lokal. Pemerintah Desa Wonoagung menyampaikan apresiasi kepada Koperasi Bapak Sutaji Desa Wonoagung atas kontribusinya dalam menyediakan stok susu berkualitas bagi para siswa selama pelaksanaan program berlangsung.
Melalui kemitraan yang berkelanjutan dengan koperasi lokal, program ini diharapkan tidak hanya meningkatkan kualitas gizi anak, tetapi juga turut menggerakkan perekonomian masyarakat desa.
Dengan mengusung slogan “Sinergi Kuat, Gizi Tepat, Wonoagung Sehat” , Pemerintah Desa bersama Tim Penggerak PKK berkomitmen untuk terus mendukung program-program positif yang berorientasi pada kesehatan dan masa depan generasi muda.
Melalui pemberitaan ini, KIM Wonoagung kembali menunjukkan perannya sebagai media informasi desa yang aktif mengangkat praktik baik pembangunan masyarakat serta memperkuat semangat gotong royong di tingkat lokal.

Penulis: Lukik Sabil Huda Pengantar: Sayona Beka",http://kominfo.malangkab.go.id/berita/kim-of-the-week-kim-wonoagung-angkat-sinergi-program-gizi-untuk-generasi-desa,kominfo_malangkab
"Mata Sudah “Ngereog”, Jempol Masih Scrolling: Alarm Digital Fatigue di Era Informasi IT",Navigasi,https://web-admin.malangkab.go.id/3//uploads/artikel/1777966872_47cd63cee0873853beb7.png,"Fenomena penggunaan perangkat digital yang berlebihan semakin menjadi perhatian di era teknologi informasi. Istilah populer “mata sudah ngereog tapi jempol masih scrolling” kini tidak lagi sekadar ungkapan santai, melainkan mencerminkan kondisi nyata yang dikenal sebagai digital fatigue .
Seiring meningkatnya konsumsi konten digital melalui media sosial, platform berita, dan aplikasi berbasis internet, masyarakat cenderung menghabiskan waktu lebih lama di depan layar tanpa disadari. Hal ini berdampak langsung pada kesehatan dan produktivitas.
Berdasarkan berbagai studi global, rata-rata waktu penggunaan perangkat digital mencapai 6–8 jam per hari. Bahkan pada kelompok pekerja di bidang IT dan administrasi digital, durasi ini bisa lebih tinggi.
Kebiasaan infinite scrolling atau menggulir tanpa batas menjadi salah satu faktor utama yang membuat pengguna sulit berhenti. Algoritma platform digital dirancang untuk mempertahankan perhatian pengguna selama mungkin.
Pengamatan di lingkungan kerja dan pendidikan menunjukkan adanya peningkatan keluhan seperti:
Mata kering dan lelah
Sakit kepala ringan hingga sedang
Penurunan fokus kerja
Gangguan pola tidur
Kondisi ini dikenal sebagai Computer Vision Syndrome (CVS) , yang sering dialami oleh individu dengan intensitas kerja digital tinggi.
Dalam sektor teknologi informasi, digital fatigue dapat berdampak signifikan. Pekerja yang mengalami kelelahan digital cenderung:
Membutuhkan waktu lebih lama dalam menyelesaikan tugas
Lebih rentan melakukan kesalahan (human error)
Mengalami penurunan kualitas output kerja
Jika tidak ditangani, kondisi ini dapat berkembang menjadi burnout, yang berdampak pada kinerja individu maupun organisasi.
Para praktisi kesehatan dan IT menyarankan beberapa langkah sederhana namun efektif, antara lain:
Menerapkan aturan 20-20-20 untuk menjaga kesehatan mata yaitu setiap 20 menit menatap layar, istirahatlah selama 20 detik dengan memandang objek berjarak 20 kaki (6 meter)
Mengatur waktu penggunaan layar dengan fitur screen time
Menggunakan mode malam (dark mode) untuk mengurangi paparan cahaya biru
Istirahat berkala menggunakan metode kerja terstruktur seperti Pomodoro
Mengurangi konsumsi konten berlebih dengan memilah informasi yang relevan
Fenomena ini menegaskan pentingnya literasi digital tidak hanya dari sisi penggunaan teknologi, tetapi juga dalam pengelolaan waktu dan kesehatan.
Penggunaan teknologi yang bijak menjadi kunci untuk menjaga keseimbangan antara produktivitas dan kesejahteraan. Dengan meningkatnya kesadaran masyarakat, diharapkan dampak negatif digital fatigue dapat diminimalkan.
Batasi penggunaan gadget, istirahatkan mata secara berkala, dan kelola informasi dengan baik demi mencegah digital fatigue.

Penyusun : Primanda Bestar

",http://kominfo.malangkab.go.id/berita/mata-sudah-ngereog-jempol-masih-scrolling-alarm-digital-fatigue-di-era-informasi-it,kominfo_malangkab
"Wujud Pelayanan Masyarakat, KIM Desa Plandi Informasikan Penyerahan Sertifikat PTSL",Navigasi,https://web-admin.malangkab.go.id/3//uploads/artikel/1777530739_18165f4e3e252892625a.jpeg,"
KIM Desa Plandi menginformasikan kegiatan Penyerahan Sertifikat
PTSL 2026 yang diadakan oleh Pemerintah Desa Plandi, Kecamatan Wonosari. Tentu
saja, ini adalah salah satu bentuk keterbukaan informasi publik dari instansi
pemerintahan kepada masyarakat luas.
Komitmen Pemerintah Desa Plandi dalam pelayanan masyarakat kembali
ditunjukkan dalam pengurusan sertifikat tanah program Pendaftaran Tanah
Sistematis Lengkap (PTSL) Tahun 2026 yang merupakan hasil kerjasama dengan
Badan Pertanahan Nasional (BPN). KIM Desa Plandi sebagai media partner
pemerintah desa tentu tidak melewatkan kegiatan ini dengan turut hadir meliput
dan mengabarkan kepada Masyarakat.
Yuk, kita simak liputan KIM Desa Plandi berikut ini!
___________________________________________________________________________
Wujudkan Kepastian Hukum
Tanah, Pemdes Plandi Gelar Pembagian Sertifikat PTSL 2026 WONOSARI – Pemerintah Desa Plandi, Kecamatan Wonosari, Kabupaten Malang,
kembali menunjukkan komitmennya dalam memberikan pelayanan terbaik bagi warga.
Pada hari ini, bertempat di Balai Desa Plandi, dilaksanakan acara penyerahan
sertifikat tanah program Pendaftaran Tanah Sistematis Lengkap (PTSL) tahun
anggaran 2026.
Acara tersebut dipimpin
langsung oleh Kepala Desa Plandi, Drs. Sutrisno. Dalam sambutannya di hadapan
ratusan warga yang hadir, beliau menyampaikan bahwa pembagian sertifikat ini
merupakan hasil kerja keras panitia dan kerja sama yang baik antara pemerintah
desa dengan Badan Pertanahan Nasional (BPN).
""Alhamdulillah, hari ini
apa yang dinantikan warga Desa Plandi terwujud. Sertifikat ini adalah bukti sah
kepemilikan tanah Bapak dan Ibu sekalian. Saya berharap dokumen ini dijaga
dengan baik karena memiliki kekuatan hukum tetap,"" ujar Drs. Sutrisno saat
memberikan arahan melalui pengeras suara.
Jalannya Kegiatan Suasana di lokasi terpantau tertib dan penuh antusiasme. Warga memenuhi area
balai desa dengan duduk rapi di kursi yang telah disediakan. Untuk mempermudah
proses administrasi, panitia membagi meja pelayanan menjadi beberapa titik
(Meja 1 hingga Meja 5) guna menghindari penumpukan antrean.
Berdasarkan pantauan di
lokasi:
Penyampaian Laporan: Sebelum
pembagian, dilakukan sesi penyampaian laporan pertanggungjawaban terkait
realisasi anggaran desa agar tercipta transparansi antara pemerintah desa dan
masyarakat.
Protokol Tertib: Warga yang
hadir diimbau untuk membawa dokumen kelengkapan asli sebagai syarat
pengambilan.
Harapan Kedepan: Pemerintah
Desa berharap dengan tuntasnya pembagian sertifikat PTSL ini, sengketa lahan di
wilayah Desa Plandi dapat diminimalisir dan kesejahteraan ekonomi masyarakat
meningkat karena sertifikat tersebut dapat digunakan sebagai modal usaha yang
legal.
Kegiatan yang berlangsung
sejak pagi ini berjalan lancar hingga selesai. Warga tampak sumringah saat
menerima map berisi sertifikat tanah mereka, menandai suksesnya program reforma
agraria di tingkat desa.

Penulis : M. Arwani Zaini, SM

Pengantar : Gita Firdausi",http://kominfo.malangkab.go.id/berita/wujud-pelayanan-masyarakat-kim-desa-plandi-informasikan-penyerahan-sertifikat-ptsl,kominfo_malangkab
AI Tanpa Internet: Apakah Bisa Digunakan Secara Offline? Ini Penjelasannya,Navigasi,https://web-admin.malangkab.go.id/3//uploads/artikel/1777434464_090b6ef4a5c3a4c4e436.png,"
Perkembangan kecerdasan buatan (AI) semakin pesat dan kini tidak lagi sepenuhnya bergantung pada koneksi internet. Jika sebelumnya AI identik dengan layanan berbasis cloud seperti ChatGPT dan Gemini, kini hadir alternatif lain yang memungkinkan AI digunakan secara offline melalui teknologi Edge AI dan Local AI .
Inovasi ini membuka peluang baru, terutama dalam meningkatkan efisiensi, menjaga privasi data, serta menghadirkan respons yang lebih cepat tanpa ketergantungan pada jaringan internet.
Cloud AI Jenis AI ini berjalan di server jarak jauh dan membutuhkan koneksi internet. Keunggulannya adalah kemampuan komputasi yang besar, pembaruan model otomatis, dan kapasitas kerja yang kompleks. Namun, penggunaannya bergantung pada kestabilan jaringan serta memiliki potensi risiko terhadap privasi data.
Edge AI Edge AI bekerja pada perangkat terdekat seperti IoT atau sistem tertentu. Teknologi ini memungkinkan pemrosesan data dilakukan langsung di lokasi (on-device), sehingga menghasilkan respons lebih cepat dan tetap dapat berfungsi meski koneksi terbatas.
Local AI Local AI berjalan langsung di perangkat pengguna seperti PC atau laptop tanpa memerlukan koneksi internet. Jenis ini cocok untuk kebutuhan offline seperti pengolahan data dan aplikasi editing. Namun, dibutuhkan spesifikasi perangkat yang lebih tinggi serta kapasitas penyimpanan yang besar.
Dari sisi penggunaan, Cloud AI menawarkan kemudahan dengan beban perangkat yang ringan, namun sangat bergantung pada internet. Sementara itu, Edge AI dan Local AI memberikan keunggulan pada kecepatan respons dan privasi karena data diproses secara lokal.
Dari sisi performa:
Cloud AI: ringan di perangkat, kapasitas besar
Edge AI: beban menengah, respons cepat
Local AI: beban berat, namun mandiri sepenuhnya
Ketiga jenis AI ini memiliki penerapan yang berbeda:
Cloud AI : chatbot, analisis data besar, layanan generatif
Edge AI : kendaraan otonom, smart device, IoT
Local AI : aplikasi editing, pengolahan data offline
Dengan hadirnya Edge AI dan Local AI, penggunaan AI tanpa internet kini menjadi hal yang memungkinkan. Masyarakat dapat memilih teknologi sesuai kebutuhan, baik untuk efisiensi, kecepatan, maupun keamanan data.
Di akhir, Pemerintah Kabupaten Malang mengajak masyarakat untuk memanfaatkan teknologi AI secara bijak, aman, dan bertanggung jawab , dengan tetap memperhatikan aspek etika, perlindungan data pribadi, serta dampak sosial dari penggunaannya. Pemanfaatan AI yang tepat diharapkan mampu mendukung transformasi digital yang inklusif dan berkelanjutan di daerah.
",http://kominfo.malangkab.go.id/berita/ai-tanpa-internet-apakah-bisa-digunakan-secara-offline-ini-penjelasannya,kominfo_malangkab
"Menkomdigi: TikTok Nonaktifkan 1,7 Juta Akun Anak di Bawah 16 Tahun",Navigasi,https://web-admin.malangkab.go.id/3//uploads/artikel/1777432770_1d542f535565a27285d5.jpeg,"Kementerian Komunikasi dan Digital (Kemkomdigi) RI menyatakan platform digital TikTok telah mematuhi kebijakan pembatasan akses bagi pengguna berusia di bawah 16 tahun dengan menonaktifkan sekitar 1,7 juta akun anak di Indonesia.
Menteri Komunikasi dan Digital (Menkomdigi) Meutya Hafid mengatakan, langkah tersebut menunjukkan komitmen nyata TikTok dalam menjalankan kebijakan pemerintah secara transparan. ""TikTok menjadi yang pertama melaporkan angka penonaktifan dan yang pertama menunjukkan bahwa komitmen dibarengi juga oleh langkah-langkah nyata yang secara transparan disampaikan kepada publik melalui Kemkomdigi,"" ujar Meutya Hafid dalam konferensi pers usai bertemu Helena Lersch, Vice President Global Public Policy TikTok dan perwakilan TikTok Indonesia di Kantor Kemkomdigi, Jakarta Pusat, Selasa (28/4/2026).
Saat keterangan pers, Menkomdigi didampingi Dirjen Pengawasan Ruang Digital Komdigi, Alexander Sabar, Dirjen Komunikasi Publik dan Media Komdigi, Fifi Aleyda Yahya serta Head of Public Policy TikTok Indonesia, Hilmi Adrianto dan Richard Anggoro, Public Policy Lead-UGC TikTok Indonesia.
Ia menjelaskan, sebelumnya sampai 10 April 2026, TikTok telah menonaktifkan 780 ribu akun anak. Jumlah tersebut kemudian meningkat signifikan dalam beberapa pekan terakhir. ""Maka per hari ini yang telah dinonaktifkan akun di bawah 16 tahun adalah 1,7 juta akun anak dari platform TikTok sejak 28 Maret 2026,"" jelas dia.
Selain penonaktifan akun, TikTok juga menyampaikan rencana aksi kepatuhan yang lebih rinci dan terukur kepada pemerintah, termasuk upaya penguatan penanganan kejahatan digital.  ""Tadi kita juga tidak hanya membicarakan mengenai penonaktifan akun-akun anak, tapi dari bagaimana juga kejahatan-kejahatan digital seperti judi online bisa terus ditingkatkan penanganannya, khususnya yang ada di platform TikTok,"" kata Meutya.
Menurut dia, Kementerian Komdigi melihat adanya komitmen dari TikTok sejak PP Nomor 17 Tahun 2025  diberlakukan pada 28 Maret 2026, untuk meningkatkan pengawasan terhadap pengguna melalui sistem verifikasi usia yang lebih ketat. Namun, kebijakan tersebut berpotensi menimbulkan kendala teknis bagi sebagian pengguna. ""Sehingga jika ada gangguan-gangguan sedikit, tadi disampaikan oleh pihak TikTok bahwa kalau memang ada akun orang dewasa yang tidak sengaja ikut ternonaktifkan maka segera laporkan untuk normalisasi dan akan segera dilakukan penanganan dengan lebih cepat,"" ujar Menkomdigi.
Untuk itu, Meutya Hafid menegaskan, kebijakan ini berlaku bagi seluruh Penyelenggara Sistem Elektronik (PSE) yang beroperasi di Indonesia. Sebagai bagian dari kepatuhan kepada Peraturan Pemerintah Nomor 17 Tahun 2025 tentang Tata Kelola Penyelenggaraan Sistem Elektronik dalam Pelindungan Anak (PP Tunas).
Oleh karena itu, ia mengimbau seluruh platform digital yang telah menyatakan komitmen kepatuhan untuk segera melaporkan langkah konkret yang telah dilakukan kepada publik melalui Kementerian Komdigi.
Dengan langkah tersebut, pemerintah berharap tercipta ruang digital yang lebih aman, khususnya bagi anak-anak, sekaligus memperkuat pengawasan terhadap konten negatif di platform digital.",http://kominfo.malangkab.go.id/berita/menkomdigi-tiktok-nonaktifkan-17-juta-akun-anak-di-bawah-16-tahun,kominfo_malangkab
"KIM Wonderful Jambangan Kabarkan Pembangunan Jalan di Desanya, Simbol Gotong Royong Warga",Navigasi,https://web-admin.malangkab.go.id/3//uploads/artikel/1776997637_5c7c4b93d72743c2d0d7.jpeg,"Sebagai salah satu bentuk citizen journalism , KIM
Wonderful Jambangan dari Kecamatan Dampit mengabarkan bagaimana progress
Pembangunan Jalan Rabat Beton di Sawah Rojo, melalui website wonderful-jambangan.kim.id
Tidak hanya berita terkini, sosial budaya, wisata dan UMKM,
KIM Wonderful Jambangan juga mengangkat berita pembangunan infrastruktur berupa
pembuatan jalan rabat beton yang merupakan wujud sinergi PT Avanta dan Kelompok
Tani Barokah Desa Jambangan. Pembangunan ini diharapkan semakin mempermudah
mobilitas petani dalam mengelola lahan pertanian.
Semoga Desa Jambangan semakin maju dan berkembang sektor
pertaniannya dan turut mendukung Kabupaten Malang yang Makmur Berkelanjutan
_________________________________________________________________________

Upaya meningkatkan akses pertanian
terus dilakukan di Desa Jambangan. Salah satunya melalui kegiatan pembangunan
jalan rabat beton di area pematang sawah, tepatnya di wilayah Sawah Rojo, Dusun
Krajan. Kegiatan ini merupakan hasil kerja sama antara PT Avanta dengan
Kelompok Tani Barokah Desa Jambangan.
Pembangunan jalan rabat beton ini
memiliki panjang 280 meter dengan lebar 0,6 meter. Infrastruktur tersebut
diharapkan dapat menunjang mobilitas petani dalam mengelola lahan pertanian,
khususnya dalam proses pengangkutan hasil panen maupun distribusi sarana
produksi pertanian seperti pupuk dan benih.
Ketua Kelompok Tani Barokah,
Wasidi, menyampaikan bahwa pembangunan jalan ini merupakan kebutuhan mendesak
bagi para petani. Sebelumnya, akses menuju lahan pertanian cukup sulit dilalui,
terutama saat musim hujan karena kondisi jalan yang becek dan licin.
“Kami sangat bersyukur dengan
adanya pembangunan jalan rabat beton ini. Ini akan sangat membantu aktivitas
petani, terutama saat panen jagung,” ujar Wasidi.
Hal senada juga disampaikan oleh
Ketua GAPOKTAN Desa Jambangan, Khusnul, yang turut mendukung penuh kegiatan
tersebut. Ia menilai bahwa sinergi antara pihak swasta dan kelompok tani
menjadi langkah strategis dalam memperkuat sektor pertanian di tingkat desa.
“Kerja sama seperti ini sangat
penting. Tidak hanya meningkatkan hasil pertanian, tetapi juga memberikan
dampak nyata bagi kesejahteraan petani,” ungkap Khusnul.
Sementara itu, pelaksanaan
kegiatan di lapangan dikoordinasikan oleh Yayon. Ia memastikan bahwa proses
pembangunan berjalan sesuai rencana dan melibatkan partisipasi aktif dari
masyarakat setempat.
Pembangunan jalan rabat beton ini
tidak hanya menjadi proyek fisik semata, tetapi juga menjadi simbol gotong
royong dan kolaborasi antara petani dan pihak swasta. Dengan adanya akses jalan
yang lebih baik, diharapkan produktivitas pertanian di wilayah Sawah Rojo dapat
meningkat secara signifikan.
Selain itu, keberadaan jalan ini
juga membuka peluang efisiensi waktu dan biaya dalam kegiatan pertanian. Petani
tidak lagi kesulitan mengangkut hasil panen, sehingga kualitas hasil pertanian
dapat lebih terjaga hingga sampai ke pasar.
Ke depan, diharapkan kerja sama
seperti ini dapat terus berlanjut dan menjadi contoh bagi wilayah lain dalam
mengembangkan potensi pertanian melalui kolaborasi yang berkelanjutan.

Penyusun : Abdilla Mahardika

Pengantar: Gita Firdausi",http://kominfo.malangkab.go.id/berita/kim-wonderful-jambangan-kabarkan-pembangunan-jalan-di-desanya-simbol-gotong-royong-warga,kominfo_malangkab
"Cara Praktis Laporan Kehilangan Online Resmi Polri, Warga Kabupaten Malang Wajib Tahu",Navigasi,https://web-admin.malangkab.go.id/3//uploads/artikel/1776760454_9b064fa0101f2dd047b2.png,"Transformasi layanan publik berbasis digital terus berkembang dan memberikan kemudahan bagi masyarakat. Kini, pembuatan laporan kehilangan tidak lagi harus dilakukan dengan datang langsung ke kantor polisi. Kepolisian Republik Indonesia (Polri) menghadirkan layanan digital melalui Super App Polri yang memungkinkan masyarakat membuat laporan kehilangan secara online.
Inovasi ini menjadi bagian dari upaya Polri dalam meningkatkan kualitas pelayanan publik yang lebih cepat, praktis, dan efisien. Dengan memanfaatkan teknologi digital, masyarakat dapat mengakses layanan kepolisian kapan saja dan di mana saja tanpa harus mengantre.
Untuk membuat laporan kehilangan secara online melalui Super App Polri, masyarakat dapat mengikuti beberapa langkah mudah. Pertama, unduh aplikasi Super App Polri melalui App Store atau Google Play Store. Selanjutnya, lakukan registrasi menggunakan Nomor Induk Kependudukan (NIK), email, atau nomor telepon. Setelah itu, lengkapi data diri dan buat kata sandi. Kemudian, pilih menu pembuatan laporan kehilangan, isi formulir dengan lengkap dan benar, lalu kirim laporan untuk diproses oleh sistem.
Pemerintah Kabupaten Malang menyambut baik hadirnya layanan digital ini sebagai bentuk inovasi pelayanan publik yang memudahkan masyarakat. Pemkab Malang juga mendorong masyarakat untuk memanfaatkan layanan digital guna meningkatkan efisiensi serta mengurangi antrean pada layanan tatap muka.
Selain itu, Pemkab Malang berkomitmen untuk terus mendukung percepatan transformasi digital di berbagai sektor pelayanan publik melalui sinergi dengan berbagai pihak. Dengan adanya layanan ini, diharapkan masyarakat semakin terbantu dalam mengurus administrasi secara praktis, cepat, dan transparan.
",http://kominfo.malangkab.go.id/berita/cara-praktis-laporan-kehilangan-online-resmi-polri-warga-kabupaten-malang-wajib-tahu,kominfo_malangkab
"Diskominfo Kabupaten Malang Terima Delegasi DPRD Sidoarjo, Perkuat Transformasi Digital dan Smart City",Navigasi,https://web-admin.malangkab.go.id/3//uploads/artikel/1776327015_ee21660f910380f10682.jpeg,"Dinas Komunikasi dan Informatika (Diskominfo) Kabupaten Malang menerima kunjungan kerja Komisi A DPRD Kabupaten Sidoarjo dalam rangka studi komparasi terkait transformasi digital dan pengembangan smart city, pada Kamis (16/4/2026) di Ruang Rapat Diskominfo Kabupaten Malang.
Delegasi kunjungan kerja dipimpin oleh Ketua Komisi A DPRD Kabupaten Sidoarjo, H. Rizza Ali Faizin, M.Pd.I, bersama total 9 orang peserta. Kehadiran delegasi disambut oleh Sekretaris Dinas Kominfo Kabupaten Malang, Dra. Rini Nurhayati, M.M., yang mewakili Kepala Dinas.
Dalam pertemuan tersebut, Diskominfo Kabupaten Malang memaparkan berbagai capaian dan strategi dalam mendorong transformasi digital di lingkungan pemerintahan daerah. Fokus pembahasan meliputi penguatan layanan publik berbasis digital, integrasi sistem informasi pemerintahan, serta langkah-langkah menuju implementasi konsep smart city yang adaptif dan berkelanjutan.
Sekretaris Dinas Kominfo Kabupaten Malang, Dra. Rini Nurhayati, M.M., menyampaikan bahwa transformasi digital menjadi salah satu prioritas dalam meningkatkan kualitas pelayanan publik. “Pemanfaatan teknologi informasi diharapkan mampu mempercepat layanan, meningkatkan transparansi, serta mendukung tata kelola pemerintahan yang efektif dan efisien,” ujarnya.
Sementara itu, Ketua Komisi A DPRD Kabupaten Sidoarjo, H. Rizza Ali Faizin, M.Pd.I, mengungkapkan bahwa kunjungan ini bertujuan untuk memperkaya referensi dan menggali praktik baik yang telah diterapkan di Kabupaten Malang. Hasil dari studi komparasi ini diharapkan dapat menjadi bahan evaluasi dan pengembangan kebijakan di Kabupaten Sidoarjo, khususnya dalam bidang digitalisasi pemerintahan.
Kegiatan berlangsung dengan diskusi interaktif, saling bertukar informasi, serta peninjauan sejumlah inovasi digital yang telah dikembangkan oleh Diskominfo Kabupaten Malang.

Melalui kunjungan kerja ini, diharapkan terjalin sinergi dan kolaborasi antardaerah dalam mempercepat transformasi digital serta mewujudkan ekosistem smart city yang mampu memberikan manfaat nyata bagi masyarakat.",http://kominfo.malangkab.go.id/berita/diskominfo-kabupaten-malang-terima-delegasi-dprd-sidoarjo-perkuat-transformasi-digital-dan-smart-city,kominfo_malangkab
KIM of the Week: KIM Gema Slamparejo Angkat Festival Busu Jaman Biyen sebagai Upaya Pelestarian Budaya Lokal,Navigasi,https://web-admin.malangkab.go.id/3//uploads/artikel/1776307545_8dbffffbfb8915102880.jpeg,"Komitmen dalam mengangkat potensi dan kekayaan budaya lokal kembali ditunjukkan oleh KIM Gema Slamparejo. Melalui pemberitaan yang dipublikasikan di website kim.id, KIM Gema Slamparejo menghadirkan informasi yang tidak hanya aktual, tetapi juga sarat nilai pelestarian budaya dan penguatan identitas masyarakat desa. Berita ini menjadi pilihan dalam edisi KIM of the Week kali ini.
Dalam pemberitaan tersebut, KIM Gema Slamparejo mengangkat penyelenggaraan Festival Busu Jaman Biyen sebagai momentum kebangkitan budaya sekaligus penguatan ekonomi masyarakat di Desa Slamparejo.
_______________________________________________________________________________
Jabung — Warga Dusun Busu, Desa Slamparejo, Kecamatan Jabung, Kabupaten Malang, telah menyelenggarakan Festival Busu Jaman Biyen (BJB Fest) 2026 pada tanggal 10–12 April 2026. Kegiatan ini kembali digelar setelah lebih dari lima tahun vakum akibat pandemi COVID-19.
Festival tahun ini mengusung tema “Rekonsiliasi Budaya di Tanah Adat”, yang mencerminkan semangat masyarakat dalam menghidupkan kembali tradisi serta memperkuat identitas budaya lokal.
Kusnadi selaku penanggung jawab kegiatan menyampaikan bahwa BJB Fest menjadi wadah untuk pemulihan budaya sekaligus ruang kebersamaan bagi masyarakat. Festival ini diharapkan tidak hanya berfungsi sebagai ajang pelestarian budaya, tetapi juga mampu mendorong kebangkitan ekonomi warga melalui partisipasi aktif dalam berbagai kegiatan yang diselenggarakan.
Dengan kembali digelarnya Festival Busu Jaman Biyen, masyarakat Dusun Busu diharapkan dapat terus menjaga dan mengembangkan warisan budaya yang dimiliki, sekaligus menjadikannya sebagai potensi yang bernilai ekonomi bagi desa.

Penulis: Ahmad Alfarobi

Pengantar: Sayona Bekasifa",http://kominfo.malangkab.go.id/berita/kim-of-the-week-kim-gema-slamparejo-angkat-festival-busu-jaman-biyen-sebagai-upaya-pelestarian-budaya-lokal,kominfo_malangkab
KIM of the Week: KIM Basakom Angkat Apresiasi untuk Guru Ngaji di Desa Bakalan,Navigasi,https://web-admin.malangkab.go.id/3//uploads/artikel/1776306500_f7c10f772a190a424338.jpeg,"Komitmen dalam menyebarkan informasi yang inspiratif dan membangun kembali ditunjukkan oleh KIM Basakom. Melalui pemberitaan yang dipublikasikan di website kim.id, KIM Basakom menghadirkan kisah nyata tentang dedikasi dan penghargaan terhadap peran penting tokoh pendidikan keagamaan di tingkat desa. Berita ini menjadi pilihan dalam edisi KIM of the Week kali ini.

Dalam pemberitaan tersebut, KIM Basakom mengangkat kegiatan pembagian insentif bagi guru ngaji di Desa Bakalan sebagai bentuk apresiasi atas pengabdian mereka dalam membina generasi muda.

_________________________________________________________________________

Pembagian Insentif Guru Ngaji di Desa Bakalan: Bentuk Apresiasi atas Dedikasi Tanpa Henti

Desa Bakalan menunjukkan kepeduliannya terhadap para pendidik keagamaan melalui kegiatan pembagian insentif bagi guru ngaji. Kegiatan ini berlangsung dengan penuh kehangatan dan rasa syukur, sebagai bentuk penghargaan atas dedikasi para guru ngaji dalam membimbing generasi muda memahami dan mencintai Al-Qur’an.

Dalam dokumentasi kegiatan, tampak para guru ngaji berkumpul dalam suasana kebersamaan yang hangat. Acara berlangsung sederhana namun khidmat, diiringi nuansa kekeluargaan yang erat. Penyaluran insentif dilakukan secara langsung kepada para penerima sebagai wujud perhatian pemerintah desa terhadap peran penting mereka di tengah masyarakat.

Guru ngaji memiliki peran yang sangat besar dalam membentuk karakter dan akhlak generasi penerus. Dengan penuh kesabaran dan keikhlasan, mereka mengajarkan nilai-nilai agama, membimbing anak-anak membaca Al-Qur’an, serta menanamkan akhlak mulia sejak dini. Meski sering kali dihadapkan pada berbagai keterbatasan, semangat pengabdian mereka tetap terjaga.

Melalui kegiatan pembagian insentif ini, diharapkan dapat memberikan motivasi tambahan bagi para guru ngaji untuk terus berkarya dan mengabdi. Selain itu, kegiatan ini juga menjadi bukti nyata bahwa peran mereka dihargai dan diakui oleh masyarakat serta pemerintah desa.

Momentum ini tidak hanya menjadi ajang penyaluran bantuan, tetapi juga sarana mempererat silaturahmi antara perangkat desa dan para guru ngaji. Ke depan, kegiatan serupa diharapkan dapat terus berlanjut dan memberikan manfaat yang lebih luas bagi masyarakat.

Dengan adanya perhatian dan dukungan yang berkelanjutan, para guru ngaji di Desa Bakalan diharapkan semakin semangat dalam menjalankan tugas mulianya, demi mencetak generasi yang beriman, berakhlak, dan berilmu.
Pengantar: Sayona Beka Penulis: Abdul Gofar",http://kominfo.malangkab.go.id/berita/kim-of-the-week-kim-basakom-angkat-apresiasi-untuk-guru-ngaji-di-desa-bakalan,kominfo_malangkab
KIM of the Week: KIM Ngasem Media Angkat Progres Pembangunan Koperasi Merah Putih Desa Ngasem,Navigasi,https://web-admin.malangkab.go.id/3//uploads/artikel/1776306467_3f51a8e1f9f69d34bb30.jpeg,"Komitmen dalam menyampaikan informasi pembangunan desa secara transparan dan informatif kembali ditunjukkan oleh KIM Ngasem Media. Melalui pemberitaan yang dipublikasikan di website kim.id, KIM Ngasem Media menghadirkan informasi terkini terkait progres pembangunan fasilitas ekonomi desa yang diharapkan mampu mendorong kesejahteraan masyarakat. Berita ini menjadi pilihan dalam edisi KIM of the Week kali ini.
Dalam pemberitaan tersebut, KIM Ngasem Media mengangkat perkembangan pembangunan Koperasi Merah Putih di Desa Ngasem yang menjadi salah satu upaya strategis dalam penguatan ekonomi berbasis desa.
____________________________________________________________________
Ngajum — Proses pembangunan Koperasi Merah Putih di Desa Ngasem, Kecamatan Ngajum, Kabupaten Malang, hingga saat ini telah mencapai 57,37 persen. Pembangunan tersebut ditargetkan rampung dalam waktu dekat agar dapat segera dimanfaatkan oleh masyarakat.
Kepala Desa Ngasem menyampaikan bahwa progres pembangunan berjalan sesuai dengan rencana. Saat ini, pengerjaan difokuskan pada tahap penyelesaian struktur bangunan serta tahap awal finishing.
“Kami optimistis pembangunan bisa selesai tepat waktu. Dengan capaian 57,37 persen, kami berharap dalam beberapa minggu ke depan koperasi sudah dapat difungsikan,” ujarnya.
Pembangunan Koperasi Merah Putih ini bertujuan untuk meningkatkan perekonomian warga Desa Ngasem. Nantinya, koperasi akan menyediakan berbagai layanan Koperasi Desa Merah Putih (KDMP), meliputi klinik kesehatan, toko serba ada (toserba), KPS, layanan elpiji, pupuk, serta berbagai layanan lainnya yang mendukung pengembangan UMKM di Desa Ngasem.
Proyek pembangunan ini didanai melalui anggaran desa serta dukungan swadaya masyarakat. Partisipasi warga dalam proses pembangunan juga menjadi wujud nyata semangat gotong royong dalam mendukung peningkatan ekonomi desa.
Dengan hadirnya Koperasi Merah Putih, pemerintah desa berharap kesejahteraan masyarakat semakin meningkat serta mampu memperkuat perekonomian lokal di Desa Ngasem, Kecamatan Ngajum.
Pengantar: Sayona Beka

Penulis: Mochammad Nurdiansyah",http://kominfo.malangkab.go.id/berita/kim-of-the-week-kim-ngasem-media-angkat-progres-pembangunan-koperasi-merah-putih-desa-ngasem,kominfo_malangkab
"TikTok Tutup 780 Ribu Akun Anak, Pemerintah Desak Platform Lain",Navigasi,https://web-admin.malangkab.go.id/3//uploads/artikel/1776224109_df8cb11084298cc32ddd.jpeg,"

Jakarta, 14 April 2026 - Menteri Komunikasi dan Digital Meutya Hafid menyatakan upaya pelindungan anak di ruang digital mulai menunjukkan hasil nyata. Hingga 10 April 2026, platform TikTok telah menonaktifkan sekitar 780 ribu akun milik pengguna berusia di bawah 16 tahun di Indonesia. Langkah ini merupakan bagian dari implementasi Peraturan Pemerintah Nomor 17 Tahun 2025 tentang Tata Kelola Penyelenggaraan Sistem Elektronik dalam Pelindungan Anak (PP TUNAS).

""Kami mencatat TikTok menjadi platform pertama yang melaporkan bahwa per tanggal 10 April 2026, telah menonaktifkan 780 ribu akun anak di bawah 16 tahun untuk Indonesia,"" ungkap Meutya dalam Konferensi Pers di Kantor Kementerian Komdigi, Jakarta Pusat, Selasa (14/4/2026). Meutya menyampaikan apresiasi kepada platform TikTok yang telah memutuskan bergabung dalam gerakan bersama untuk melindungi anak-anak, khususnya di Indonesia.

“TikTok telah menyerahkan surat komitmen kepatuhan kepada Pemerintah Republik Indonesia, mempublikasikan batas usia minimum 16 tahun melalui Help Center, serta berkomitmen melakukan pembaruan berkala atas implementasinya,” jelasnya. Meutya menegaskan hal itu menjadi langkah awal yang sangat positif dan menjadi kemenangan bagi publik, khususnya orang tua dan anak-anak di Indonesia.

""Kita harapkan juga muncul dari platform lainnya untuk segera menyampaikan jumlah akun yang sudah dilakukan penanganan atau takedown,"" ujarnya. Sementara itu, terkait platform Roblox, Kemkomdigi mencatat adanya perkembangan di tingkat global.

Roblox dilaporkan telah melakukan penyesuaian pengaturan (adjustment setting) dan menghadirkan fitur baru secara global dari kantor pusatnya di Amerika Serikat, sebagai bagian dari upaya pelindungan anak. Namun demikian, pemerintah menilai langkah tersebut belum sepenuhnya memenuhi ketentuan PP TUNAS di Indonesia.
""Masih ada loophole (celah) yang membolehkan komunikasi atau chat dengan orang tak dikenal,"" jelasnya. Kemkomdigi menegaskan hingga saat ini Roblox belum dapat dikategorikan sebagai platform yang patuh terhadap PP TUNAS.
""Dengan berat hati meskipun sudah melakukan adjustment yang cukup banyak, kami belum dapat menerima proposal dari Roblox untuk menyatakan bahwa platform Roblox telah mematuhi PP TUNAS,"" tandasnya. Meutya menegaskan bahwa kepatuhan terhadap PP TUNAS bukanlah pilihan, melainkan kewajiban yang harus dijalankan oleh setiap penyelenggara sistem elektronik.

Kemkomdigi akan terus melakukan pemantauan dan evaluasi secara berkala, serta akan mengambil langkah tegas terhadap platform yang belum memenuhi ketentuan yang berlaku.",http://kominfo.malangkab.go.id/berita/tiktok-tutup-780-ribu-akun-anak-pemerintah-desak-platform-lain,kominfo_malangkab
"Kunjungi Diskominfo Kabupaten Malang, DPRD Kabupaten Pasuruan Tingkatkan Tata Kelola Desa Digital di Kabupaten Pasuruan",Navigasi,https://web-admin.malangkab.go.id/3//uploads/artikel/1776148371_b4bca48f29666ee37dac.jpeg,"Komisi I DPRD Kabupaten Pasuruan melaksanakan kunjungan kerja ke Dinas Komunikasi dan Informatika (Diskominfo) Kabupaten Malang dengan tujuan mempelajari secara langsung implementasi tata kelola pemerintahan desa berbasis digital. Rombongan kunker berjumlah 10 orang dan dipimpin oleh Muhamad Ghozali, S.Si., disambut hangat oleh jajaran Diskominfo Kabupaten Malang. Pertemuan berlangsung penuh keakraban, mencerminkan semangat kolaborasi antar daerah dalam mendorong kemajuan teknologi pemerintahan.
Dalam kesempatan tersebut Gatot Suwardiyono, S.Kom., M.Kom., selaku Kepala Bidang Aplikasi Informatika, memaparkan berbagai inovasi digital yang telah dikembangkan, di antaranya Sistem Informasi Desa & Manajemen Administrasi Mandiri (SIMAMA) yang mendukung transparansi, efisiensi, dan kemandirian administrasi desa, serta Dashboard Stunting (DASTING) yang berfungsi sebagai sistem pemantauan dan pengendalian kasus stunting. Kedua aplikasi ini menjadi contoh bagaimana teknologi dapat mempercepat pelayanan publik sekaligus meningkatkan kualitas tata kelola pemerintahan desa.
Muhamad Ghozali menyampaikan apresiasi atas sambutan hangat dan penerimaan oleh Diskominfo Kabupaten Malang. Beliau menegaskan bahwa pengalaman dan pengetahuan yang diperoleh dari kunjungan ini akan menjadi bekal penting bagi Kabupaten Pasuruan dalam mengembangkan sistem pemerintahan desa yang lebih modern, transparan, serta berbasis teknologi digital. Transformasi digital bukan hanya sekadar tren, melainkan kebutuhan mendesak untuk menjawab tantangan zaman dan meningkatkan kesejahteraan masyarakat desa.

Kegiatan kunjungan kerja ini tidak hanya menjadi forum berbagi pengalaman, tetapi juga momentum memperkuat sinergi antar daerah. Dengan adanya pertukaran ide dan praktik terbaik, diharapkan terwujud pemerintahan desa yang responsif, adaptif, dan mampu menghadirkan layanan publik yang lebih cepat, tepat, serta akuntabel. Langkah ini sekaligus menegaskan komitmen DPRD Kabupaten Pasuruan dalam mendukung percepatan transformasi digital di tingkat desa, sehingga pembangunan daerah dapat berjalan lebih inklusif dan berkelanjutan.",http://kominfo.malangkab.go.id/berita/kunjungi-diskominfo-kabupaten-malang-dprd-kabupaten-pasuruan-tingkatkan-tata-kelola-desa-digital-di-kabupaten-pasuruan,kominfo_malangkab
"Anak Kecanduan Game? Yuk, Manfaatkan DARA untuk Pendampingan yang Tepat",Navigasi,https://web-admin.malangkab.go.id/3//uploads/artikel/1776138262_1db021ecff4756de6922.png,"Di tengah pesatnya perkembangan teknologi digital, tantangan baru muncul bagi keluarga, salah satunya adalah meningkatnya risiko kecanduan gim pada anak. Untuk menjawab hal tersebut, Kementerian Komunikasi dan Digital menghadirkan Digital Addiction Response Assistant (DARA) sebagai solusi pendampingan yang mudah diakses masyarakat.
DARA hadir bukan sekadar layanan konsultasi, tetapi sebagai instrumen yang membantu orang tua memahami, mencegah, hingga menangani kecanduan gim pada anak secara komprehensif. Layanan ini juga menjadi bagian dari penguatan implementasi Indonesia Game Rating System dalam menciptakan ekosistem digital yang sehat.
Dalam praktiknya, DARA memberikan berbagai manfaat nyata bagi keluarga, antara lain membantu orang tua mengenali tanda awal kecanduan gim sejak dini. Hal ini penting agar penanganan bisa dilakukan lebih cepat sebelum berdampak lebih luas pada perkembangan anak.
Selain itu, DARA juga menyediakan fitur asesmen untuk mengukur tingkat kecanduan, sehingga orang tua dapat memahami kondisi anak secara lebih objektif. Dengan begitu, langkah penanganan yang diambil bisa lebih tepat dan terarah.
Tidak hanya itu, tersedia pula modul pendampingan yang dirancang khusus untuk keluarga. Modul ini berisi panduan praktis dalam mengatur pola penggunaan gawai, membangun komunikasi yang sehat, serta menciptakan keseimbangan antara aktivitas digital dan kehidupan sehari-hari.
Salah satu keunggulan DARA adalah kemudahan akses layanan konsultasi secara online. Masyarakat dapat terhubung dengan konselor hingga psikolog tanpa harus datang langsung, sehingga lebih fleksibel dan efisien.
Pendekatan ini menjadi penting di era digital, di mana permasalahan tidak hanya terjadi di dunia nyata, tetapi juga di ruang virtual yang membutuhkan pendampingan khusus.
Kecanduan gim pada anak dapat menimbulkan berbagai dampak negatif jika tidak ditangani dengan baik. Mulai dari menurunnya fokus dan produktivitas, gangguan pola tidur, hingga emosi yang lebih mudah terpancing.
Selain itu, hubungan sosial dan keluarga juga dapat terganggu, serta meningkatnya durasi penggunaan layar (screen time) yang berlebihan.
Pemerintah Kabupaten Malang turut mendukung pemanfaatan layanan DARA sebagai upaya meningkatkan literasi digital masyarakat sekaligus memperkuat peran keluarga dalam pengasuhan anak di era digital. Melalui berbagai kanal informasi dan edukasi, Pemerintah Kabupaten Malang mendorong orang tua untuk lebih aktif mengenali pola penggunaan gawai pada anak serta memanfaatkan layanan konsultasi yang tersedia. Dukungan ini sejalan dengan komitmen pemerintah daerah dalam menciptakan generasi yang sehat, cerdas, dan berdaya saing di tengah transformasi digital yang terus berkembang.
",http://kominfo.malangkab.go.id/berita/anak-kecanduan-game-yuk-manfaatkan-dara-untuk-pendampingan-yang-tepat,kominfo_malangkab
