title,url,published_date,image_url,excerpt,source
Kejari Batu Pulbaket SPPG,https://malangposcomedia.id/kejari-batu-pulbaket-sppg/,2026-06-23T23:27:04+07:00,https://malangposcomedia.id/wp-content/uploads/2026/06/5.webp,"Kejaksaan di Kota Malang Buka Posko  Pengaduan MBG



MALANG POSCO MEDIA-Jajaran Kejaksaan di Malang Raya bergerak mengusut Satuan Pelayanan Pemenuhan Gizi  (SPPG) bermasalah. Salah satunya...",malangposco
"Ngirit, Jatah BBM Kendaraan Pejabat DLH Kota Malang Dihapus Mulai September",https://malangposcomedia.id/ngirit-jatah-bbm-kendaraan-pejabat-dlh-kota-malang-dihapus-mulai-september/,2026-06-23T23:26:32+07:00,https://malangposcomedia.id/wp-content/uploads/2026/06/4.webp,"MALANG POSCO MEDIA, MALANG - Para pejabat hingga staf di Dinas Lingkungan Hidup (DLH) Kota Malang segera tak lagi mengoperasionalkan kendaraan dinasnya.  Kebijakan DLH...",malangposco
Setiap Dinding Dirancang Memiliki Fungsi untuk Bentuk Karakter Siswa,https://malangposcomedia.id/setiap-dinding-dirancang-memiliki-fungsi-untuk-bentuk-karakter-siswa/,2026-06-23T23:12:40+07:00,https://malangposcomedia.id/wp-content/uploads/2026/06/2-Foto-Kaki1-copy.webp,"Ajeng Kusuma Wardani Guru SDN 1 Sumbertempur Wonosari Sulap Ruang Kelas ala Luar Negeri 



Keterbatasan fasilitas bukan halangan untuk maju. Lewat kreativitas, kepedulian, dan...",malangposco
DLH Terus Cari Lokasi PSEL,https://malangposcomedia.id/dlh-terus-cari-lokasi-psel/,2026-06-23T20:38:00+07:00,https://malangposcomedia.id/wp-content/uploads/2026/06/psel-2.webp,"Malang Posco Media, Malang- Pemerintah Kabupaten Malang melalui Dinas Lingkungan Hidup (DLH) terus mencari lokasi untuk pembangunan program Pengolaan Sampah menjadi Energi Listrik (PSEL)....",malangposco
"Desa Argoyuwono Lunas PBB Pertama, Sanusi Beri Hadiah TV",https://malangposcomedia.id/desa-argoyuwono-lunas-pbb-pertama-sanusi-beri-hadiah-tv/,2026-06-23T20:33:00+07:00,https://malangposcomedia.id/wp-content/uploads/2026/06/hadiah-tv-1.webp,"Malang Posco Media, Malang –Desa Argoyuwono, Kecamatan Ampelgading menjadi desa pertama yang lunas Pajak Bumi dan Bangunan. Tidak hanya di tingkat kecamatan, namun juga...",malangposco
Pelaku Pembunuhan Nenek Ampelgading Akui Perbuatan,https://malangposcomedia.id/pelaku-pembunuhan-nenek-ampelgading-akui-perbuatan/,2026-06-23T20:28:00+07:00,https://malangposcomedia.id/wp-content/uploads/2026/06/sidang-1.webp,"MALANG POSCO MEDIA, MALANG -  Sidang perdana kasus pembunuhan disertai pencurian di Desa Sidorenggo, Kecamatan Ampelgading, Kabupaten Malang mulai digelar di Pengadilan Negeri (PN)...",malangposco
Truk Tangki Gandengan Timpa Pemotor di Karangkates,https://malangposcomedia.id/truk-tangki-gandengan-timpa-pemotor-di-karangkates/,2026-06-23T20:23:00+07:00,https://malangposcomedia.id/wp-content/uploads/2026/06/laka.webp,"MALANG POSCO MEDIA, MALANG - Kecelakaan maut terjadi di Jalan Raya Nasional III, Karangkates, Kecamatan Sumberpucung, Kabupaten Malang, Selasa (23/6) pagi sekitar pukul 07.00...",malangposco
Ternyata PLN Tak Laporan Pemda,https://malangposcomedia.id/ternyata-pln-tak-laporan-pemda/,2026-06-22T22:42:28+07:00,https://malangposcomedia.id/wp-content/uploads/2026/06/11-1.webp,"Terkait Pemadaman Listrik Bergiliran, Kota Batu Minta Kebijakan Khusus



MALANG POSCO MEDIA- Pemda di Malang Raya merespon pemadaman listrik  bergiliran oleh PLN yang meresahkan pelaku...",malangposco
Segera Petakan Kelayakan Rute Transjatim Kepanjen-Hamid Rusdi,https://malangposcomedia.id/segera-petakan-kelayakan-rute-transjatim-kepanjen-hamid-rusdi/,2026-06-22T21:30:00+07:00,https://malangposcomedia.id/wp-content/uploads/2026/06/firman-trans-jatim-2-1.webp,MALANG POSCO MEDIA - Dinas Perhubungan Provinsi Jawa Timur (Dishub Jatim) bersama tim teknis pemda Malang Raya dijadwalkan turun ke lapangan untuk melakukan survei...,malangposco
Terus Sosialisasikan Aplikasi SIMPAS ke Pedagang,https://malangposcomedia.id/terus-sosialisasikan-aplikasi-simpas-ke-pedagang/,2026-06-22T21:25:39+07:00,https://malangposcomedia.id/wp-content/uploads/2026/06/astri-ok-fc.webp,"MALANG POSCO MEDIA, MALANG – Dinas Perindustrian dan Perdagangan Kabupaten Malang memiliki Aplikasi SIMPAS (Sistem Informasi Pasar). Aplikasi ini terus disosialisasikan. Tidak hanya kepada...",malangposco
7.500 Hektare Lahan untuk Bongkar Ratoon,https://malangposcomedia.id/7-500-hektare-lahan-untuk-bongkar-ratoon/,2026-06-22T21:24:57+07:00,https://malangposcomedia.id/wp-content/uploads/2026/06/vicent-2-ok-fc.webp,"MALANG POSCO MEDIA, MALANG - Seluas 7. 500 hektare lahan di Kabupaten Malang akan menjadi target program bongkar ratoon tahun 2026 ini. Hal ini...",malangposco
"Capai Target PBB, Terus Galakkan BMW",https://malangposcomedia.id/capai-target-pbb-terus-galakkan-bmw/,2026-06-22T21:24:08+07:00,https://malangposcomedia.id/wp-content/uploads/2026/06/pajak-okfc.webp,"MALANG POSCO MEDIA, MALANG – Beragam upaya dilakukan Bapenda Kabupaten Malang untuk meningkatkan pendapatan Pajak Bumi dan Bangunan (PBB). Salah satunya dengan program Bapenda...",malangposco
"Perampokan di Sumberpucung; Ibu Lansia Disekap, Mobil Jazz Digondol",https://malangposcomedia.id/perampokan-di-sumberpucung-ibu-lansia-disekap-mobil-jazz-raib/,2026-06-22T21:23:11+07:00,https://malangposcomedia.id/wp-content/uploads/2026/06/rampok-ok-fc.webp,"MALANG POSCO MEDIA, MALANG - Aksi perampokan menimpa sebuah rumah di Jalan KH Ahmad Dahlan Desa/Kecamatan Sumberpucung Kabupaten Malang, Minggu (21/6).  Pelaku yang bertindak...",malangposco
PLN Tak Bisa Pastikan Waktu Pemadaman,https://malangposcomedia.id/pln-tak-bisa-pastikan-waktu-pemadaman/,2026-06-21T23:10:46+07:00,https://malangposcomedia.id/wp-content/uploads/2026/06/5WhatsApp-Image-2026-06-21-at-22.22.35.webp,MALANG POSCO MEDIA- Pemadaman listrik di wilayah Malang Raya membuat semua mata tertuju kepada pelayanan PLN. Banyak pihak mempertanyakan dan mengeluhkan pelayanan PLN di...,malangposco
Ekonomi Suram Akibat Pemadaman Bergiliran,https://malangposcomedia.id/ekonomi-suram-akibat-pemadaman-bergiliran/,2026-06-21T23:10:16+07:00,https://malangposcomedia.id/wp-content/uploads/2026/06/6-1.webp,"Sejumlah Sektor Bisnis Kena Dampak, Omzet Anjlok 60 Persen



MALANG POSCO MEDIA-Pemadaman bergiliran listrik yang terjadi belakangan  memukul sejumlah usaha  di Malang Raya. Omzet usaha...",malangposco
"Ponpes di Kecamatan Bululawang; Kapolres: Bukan Penyegelan, Melainkan Penempelan Stiker",https://malangposcomedia.id/ponpes-di-kecamatan-bululawang-kapolres-bukan-penyegelan-melainkan-penempelan-stiker/,2026-06-21T22:01:58+07:00,https://malangposcomedia.id/wp-content/uploads/2026/06/kapolres-ok-fc.webp,"MALANG POSCO MEDIA, MALANG - Polres Malang memberikan klarifikasi terkait isu penyegelan Pondok Pesantren (Ponpes) di Kecamatan Bululawang, Kabupaten Malang. Aksi penyegelan sempat mencuat...",malangposco
Sambut Hari Bhayangkara; Polres Malang Bersihkan Vihara Lawang,https://malangposcomedia.id/sambut-hari-bhayangkara-polres-malang-bersihkan-vihara-lawang/,2026-06-21T22:00:11+07:00,https://malangposcomedia.id/wp-content/uploads/2026/06/bersih-vihara-1-okfc.webp,"MALANG POSCO MEDIA, MALANG - Polres Malang melaksanakan bersih - bersih tempat ibadah dalam rangka menyambut Hari Bhayangkara ke-80 Tahun 2026.  Kegiatan yang dipusatkan...",malangposco
Semarak Bersih Desa Bedali; Si Jaka Habiskan 100 Kilogram Kacang Panjang,https://malangposcomedia.id/semarak-bersih-desa-bedali-si-jaka-habiskan-100-kilogram-kacang-panjang/,2026-06-21T21:59:13+07:00,https://malangposcomedia.id/wp-content/uploads/2026/06/bersih-desa-bedali-2ok-fc.webp,"MALANG POSCO MEDIA, MALANG - Warga Desa Bedali, Kecamatan Lawang, Kabupaten Malang, kompak dalam kegiatan bersih desa yang dimeriahkan dengan acara kirab budaya sedekah...",malangposco
