title,published_date,content,url,source
Kejari Batu Pulbaket SPPG,2026-06-23T23:27:04+07:00,"MALANG POSCO MEDIA-Jajaran Kejaksaan di Malang Raya bergerak mengusut Satuan Pelayanan Pemenuhan Gizi  (SPPG) bermasalah. Salah satunya Kejaksaan Negeri (Kejari) Kota Batu melakukan pengumpulan data dan pengumpulan bahan keterangan. (puldata pulbaket).
Kepala Seksi Intelijen (Kasi Intel) Kejari Batu, Wisnu Sanjaya  menegaskan bahwa pihaknya saat ini sudah mulai melakukan langkah awal penelusuran di lapangan.
​”Kami sedang puldata pulbaket (pengumpulan data dan pengumpulan bahan keterangan),” ujar Wisnu singkat saat dihubungi, Selasa (23/6) kemarin.
​Meski belum membeberkan secara detail mengenai titik krusial atau pihak-pihak yang akan dipanggil dalam waktu dekat, Wisnu memastikan bahwa proses ini berjalan sesuai  arahan jajaran pimpinan pusat demi mengawal program strategis tersebut agar tepat sasaran.
​Langkah puldata dan pulbaket ini menjadi tahapan penting bagi Kejari Batu untuk mengumpulkan bukti-bukti awal serta melihat ada tidaknya penyimpangan atau potensi kerugian negara dalam pelaksanaan program MBG di wilayah Kota Batu.
Sementara itu Kejari Kota Malang belum melakukan pemeriksaan kepada SPPG.  Hal ini diungkapkan oleh Kasi Intelijen Kejari Kota Malang, Agung Tri Radityo.
“Belum ada (pemeriksaan SPPG, red), karena penyidikan dan proses hukum ada di Kejagung RI,” ujarnya saat dikonfirmasi, Selasa (23/6) kemarin.
Menurut dia, pihaknya harus menunggu surat perintah dari Kejagung RI, untuk melakukan pemeriksaan ke SPPG terkait kasus Dadan Hindayana, Cs.
Agung menyampaikan Kejari hanya berfungsi sebagai kepanjangan tangan Kejagung, apabila dibutuhkan dalam pengumpulan data dalam proses penyidikan kasus tersebut.
“Kami menunggu perintah dan arahan dari Kejagung RI. Kami tidak bisa bergerak sendiri, jadi masih menunggu arahan,” tandasnya.
Sementara itu, sebelumnya Kepala Kejari Kota Malang Tri Joko membenarkan terkait pembukaan Posko Pengaduan Masyarakat terkait Program Makan Bergizi Gratis (MBG) yang dilakukan oleh BGN melalui SPPG.  Ia mengatakan, pihaknya telah menyediakan posko khusus untuk menerima laporan masyarakat terkait pelaksanaan MBG.
Pembukaan posko pengaduan masyarakat ini bisa mewadahi berbagai keluhan penerima manfaat MBG. Tak hanya penerima manfaat, Kejari juga melayani pendampingan hukum kepada pelaksana program di lapangan, yakni SPPG.
“Kami memang memiliki posko untuk melakukan pengawasan terhadap pelaksanaan MBG. Jadi masyarakat bisa menyampaikan laporan atau pengaduan langsung kepada kami,” ujarnya.
Menurut Tri Joko, keberadaan posko tersebut menjadi bagian dari langkah preventif agar program MBG berjalan sesuai aturan dan tepat sasaran. Dirinya memastikan bahwa posko terbuka terhadap berbagai bentuk aduan masyarakat.
Ia pun meminta masyarakat aktif melaporkan apabila menemukan persoalan dalam pelaksanaan program tersebut. Sehingga program ini dapat berjalan dengan lancar dan sesuai target.
Selain menerima pengaduan, Kejari Kota Malang juga siap memberikan pendampingan hukum kepada SPPG. Hal ini terkait persoalan administrasi dan anggaran, agar tidak terjadi penyelewengan.
Tri Joko menambahkan, masyarakat dapat melaporkan berbagai temuan yang dianggap tidak sesuai standar operasional prosedur. Termasuk kualitas makanan, maupun kelayakan fasilitas pendukung.
Ia memastikan setiap laporan akan diproses secara bertahap. Tahap awal dilakukan melalui penanganan administratif. Namun apabila ditemukan indikasi pelanggaran serius, tidak menutup kemungkinan proses hukum lebih lanjut.
Sedangkan Kejari Kabupaten Malang hingga saat ini masih menunggu instruksi Kejagung terkait pengusutan SPPG bermasalah di Kabupaten Malang.
Namun demikian Korps Adiyaksa di daerah ini tetap menindaklanjuti bila ada laporan.
Hingga saat ini pula belum terdeteksi SPPG yang terafiliasi dengan para petinggi BGN, yang beberapa waktu lalu ditetapkan tersangka.
“Sejauh ini belum ada laporan maupun afiliasi di Kabupaten Malang. Kami terus koordinasi sama pidsus,” jelas Kepala Seksi Intelijen (Kasi Intel) Kejari Kabupaten Malang, Muis Ari Guntoro, ditemui Malang Posco Media, Selasa (23/6) kemarin.
Meskipun demikian, Muis menjelaskan bahwa Kejari Kabupaten Malang tetap melakukan fungsi pengawasan melalui keterlibatan aktif dalam satgas program MBG yang dibentuk oleh sekda Kabupaten Malang.
“Kami masuk dalam satgas MBG yang dibentuk sekda. Di sana kami mengadakan rapat dan mengundang para pengelola SPPG,” imbuhnya. Sebagai sarana bagi masyarakat yang ingin melaporkan temuan masalah tata kelola SPPG, dapat melalui website “Jaga Dapur MBG” yang dikelola oleh Kejagung. (rex/eri/den/van)",https://malangposcomedia.id/kejari-batu-pulbaket-sppg/,malangposco
"Ngirit, Jatah BBM Kendaraan Pejabat DLH Kota Malang Dihapus Mulai September",2026-06-23T23:26:32+07:00,"MALANG POSCO MEDIA, MALANG – Para pejabat hingga staf di Dinas Lingkungan Hidup (DLH) Kota Malang segera tak lagi mengoperasionalkan kendaraan dinasnya.  Kebijakan DLH ini menyikapi kenaikan BBM non-subsidi. (baca grafis)
Plh Kepala DLH Kota Malang Gamaliel Raymond Hatigoran Matondang menyampaikan kenaikan harga BBM non-subsidi bisa menyebabkan biaya operasional melonjak tinggi. Akibatnya harus ada efisiensi dan kebijakan yang fokusnya diprioritaskan untuk pelayanan masyarakat.
“Untuk mengantisipasi hal itu, di DLH mulai bulan Agustus khusus untuk kendaraan dinas operasional yang biasa digunakan oleh pejabat struktural maupun staf, penggunaan BBM itu hanya diberikan separuh. Di bulan September, malah kami tidak berikan sama sekali,” ungkap Raymond, Selasa (23/6) kemarin.
Langkah penghematan tersebut dilakukan untuk mengalihkan anggaran BBM demi memastikan pelayanan publik tetap berjalan. Di antaranya fokus utama seperti menjaga kelancaran operasional di bidang Ruang Terbuka Hijau (RTH) yang melakukan penyiraman dan pemeliharaan taman, serta operasional alat berat di Tempat Pemrosesan Akhir (TPA) Supit Urang.
Raymond menegaskan, dengan memangkas jatah BBM bagi pejabat itu, maka operasional vital terkait persampahan dan RTH saat ini masih terpantau aman. Namun, efisiensi ini pun diprediksi hanya mampu bertahan hingga akhir September mendatang.
“Dengan kondisi efisiensi ini, anggaran yang sedianya dialokasikan hingga Oktober kini harus diatur ulang. Kami berharap ada tambahan melalui Perubahan Anggaran Keuangan (PAK) agar operasional tetap berjalan hingga akhir tahun,” tambahnya.
Sebagai informasi, saat ini DLH Kota Malang mengelola sekitar 90 unit kendaraan operasional, yang terdiri dari 48 truk sampah, 13 alat berat di TPA, serta sisanya adalah armada pendukung seperti truk skylift, dump truck, dan truk armroll.
Jumlah armada itu pun sebenarnya masih belum ideal, khususnya di armada pengangkut sampah. Sehingga beberapa waktu kemarin pihaknya berupaya melakukan penambahan armada untuk menutupi kekurangan unit pengangkut sampah, Raymond menyebutkan pihaknya tengah memproses bantuan melalui program Tanggung Jawab Sosial Perusahaan (CSR).
“Masih berproses. Bank Jatim membantu satu unit mobil sampah. Selain itu, ada rencana dukungan dari Adiputro untuk perbaikan dan pembuatan taman di Jalan Bondowoso, dukungan dari Taspen untuk perbaikan taman di kawasan Alun-Alun atau Kauman, serta bantuan dua kontainer dari Pegadaian dan Rumah Sakit Hermina,” beber Raymond.
Efisiensi BBM ini memang sangat terasa di DLH karena kebutuhan anggaran untuk operasional kendaraan yang sangat besar. Diberitakan sebelumnya, anggaran untuk BBM di DLH, awalnya diproyeksi hanya sebesar Rp 900 juta. Akibat adanya kenaikan BBM, kebutuhan BBM tembus menjadi Rp 1,3 Miliar.
Kenaikan BBM non-subsidi juga tentu berpengaruh pada anggaran BBM di perangkat daerah lain. Maka dari itu, beberapa waktu kemarin Pemkot Malang mulai mengkaji sejumlah skema efisiensi lanjutan. Misalnya dengan beralih ke mobil listrik, penambahan WFH, hingga penggunaan sepeda gowes untuk bekerja.
Menyikapi persoalan ini, Ketua DPRD Kota Malang Amithya Ratnanggani Sirraduhita menyampaikan, pihaknya akan membahas dampak kenaikan BBM tersebut bersama Pemkot Malang. Skema penyesuaian anggaran akan diputuskan setelah dilakukan pembahasan.
“Yang jelas kami akan analisa terlebih dahulu semua pilihan atau skemanya. Intinya kami akan mencermati dulu skema dari Pemkot Malang bagaimana,” tandasnya. (ian/van)",https://malangposcomedia.id/ngirit-jatah-bbm-kendaraan-pejabat-dlh-kota-malang-dihapus-mulai-september/,malangposco
Setiap Dinding Dirancang Memiliki Fungsi untuk Bentuk Karakter Siswa,2026-06-23T23:12:40+07:00,"Ajeng Kusuma Wardani Guru SDN 1 Sumbertempur Wonosari Sulap Ruang Kelas ala Luar Negeri
Keterbatasan fasilitas bukan halangan untuk maju. Lewat kreativitas, kepedulian, dan sentuhan seni, sebuah ruang kelas  disulap jadi  dekorasi ala luar negeri.
MALANG POSCO MEDIA – Ruang kelas secara umum hanya sebatas dengan jajaran meja, kursi, dan papan tulis. Namun berbeda dengan ruang kelas 5 SDN 1 Sumbertempur Kecamatan Wonosari Kabupaten Malang. Di sana suasana belajar penuh warna oleh berbagi item hiasan dinding.
Sosok di balik kreativitas itu adalah Ajeng Kusuma Wardani, seorang guru kelas yang belakangan ini ramai diperbincangkan di media sosial. Itu karena inovasinya dalam menciptakan ruang kelas yang menyenangkan.
Inspirasi besar sering kali datang dari masalah sehari-hari. Bagi Bu Guru Ajeng, inovasi ini lahir dari rasa resah saat mengelola kelas.
“Kelas yang berantakan, anak-anak yang sering lupa piket, lupa mengerjakan PR, sulit dikondisikan, hingga kurangnya motivasi siswa dalam belajar,” ungkap Ajeng kepada Malang Posco Media, Selasa (23/6) kemarin.
Di tengah keterbatasan yang ada, Ajeng memutar otak. Ia gemar berselancar di media sosial dan mengamati bagaimana para guru sekolah dasar di Amerika Serikat dan Australia menata ruang kelas.
Di luar negeri sana, kelas tampak sangat menyenangkan, penuh dekorasi fungsional sebagai media belajar, memiliki manajemen yang rapi, dan fasilitas yang terorganisir dengan baik.
Didorong oleh hobi desain yang dimilikinya, Ajeng memutuskan untuk menyulap keresahan tersebut menjadi sebuah karya nyata. Kelas 5 SDN 1 Sumbertempur pun bersolek.
“Saya mendapatkan inspirasi dari akun media sosial guru-guru sekolah dasar di luar negeri seperti Amerika dan Australia,” kata Bu Guru Ajeng.
Bukan sekadar hiasan, tapi media belajar fungsional. Setiap sudut ruangan dirancang memiliki fungsi dan manajemen tersendiri untuk membentuk karakter siswa.
Saat memasuki kelas, mata akan tertuju pada sejumlah item seperti poster zona kelas berukuran 150 x 150 cm. Poster ini berisi foto anggota kelas, jadwal pelajaran, papan reward, papan presensi, hingga jadwal petugas kelas.
Ada pula pojok karya yang dibuat oleh Ajeng dari tali rami dibentangkan untuk tempat karya semua siswa. Selain itu, ada papan informasi untuk menuliskan pengumuman penting setiap harinya.
“Pojok karya, siswa merasa diapresiasi. Sebab, setiap karya mereka bisa dipajang tanpa terkecuali,” ucapnya.
Selain itu, ada pula pojok ilmu yang berisi poster pengetahuan, hiasan-hiasan yang berfungsi sebagi media belajar, refleksi wall sebagai papan refleksi siswa di akhir pembelajaran. Ada juga pojok ilmu, cermin affirmasi, greeting choice, reading wall, fokus wall, level suara, level bantuan dan masih banyak lagi.
Salah satu terobosan paling menarik dari manajemen kelas Bu Ajeng adalah tidak ada sistem piket harian yang konvensional. Sebagai gantinya, ia menerapkan sistem petugas kelas.
Setiap hari, setiap anak mendapatkan satu tugas yang sangat spesifik seperti menjadi ketua kelas, menyapu lantai, membuang sampah, menutup jendela, atau menghapus papan tulis. Tugas ini berganti setiap hari sesuai urutan giliran. Hasilnya, siswa pun menjadi lebih paham tanggung jawabnya dan tidak jenuh sehingga kebersihan dan kerapian kelas bisa terjaga dengan baik.
Motivasi belajar siswa juga dipompa melalui papan penghargaan (reward board). Sang guru membaginya ke dalam tiga kategori apresiasi.
“Ada tiga jenis penghargaan yang saya berikan; stiker bintang untuk prestasi akademik, stiker hati untuk sikap kebaikan, dan stiker piala untuk bakat atau prestasi di luar akademik,” urai Ajeng, yang memiliki follower di akun medsos jejaring  Instagram-nya sejumlah 160 RB pengikut itu.
Bahkan, urutan kedatangan siswa pun diapresiasi melalui papan kehadiran. Siswa yang datang lebih awal akan berebut menempelkan foto mereka di nomor urut atas. Hal ini membuat anak-anak lebih bersemangat untuk datang ke sekolah lebih pagi.
Perjalanan melahirkan ruang kelas  ini tentu tidak selalu mulus. Ajeng menceritakan salah satu inovasinya yang sempat mengalami kegagalan, yaitu Target Wall.
“Awalnya saya ingin anak-anak memiliki target belajar setiap minggunya. Namun dalam pelaksanaannya kurang konsisten. Ternyata, anak-anak usia SD belum bisa menentukan target apa yang harus mereka capai. Peran guru ternyata masih sangat dibutuhkan untuk membimbing mereka,” lanjutnya.
Kegagalan kecil itu menjadi evaluasi berharga bagi Ajeng untuk terus mendampingi siswanya.
Di akhir pembelajaran, siswa juga diajak melakukan refleksi melalui reflection wall untuk memilih tingkat pemahaman dan mengekspresikan perasaan mereka hari itu. “Papan refleksi ini  diakhir pembelajaran siswa merefleksi dan bisa memilih level pemahaman sendiri dan memilih perasaan yang dia rasakan setelah pembelajaran,” pungkasnya. (den/van)",https://malangposcomedia.id/setiap-dinding-dirancang-memiliki-fungsi-untuk-bentuk-karakter-siswa/,malangposco
DLH Terus Cari Lokasi PSEL,2026-06-23T20:38:00+07:00,"Malang Posco Media , Malang- Pemerintah Kabupaten Malang melalui Dinas Lingkungan Hidup (DLH) terus mencari lokasi untuk pembangunan program Pengolaan Sampah menjadi Energi Listrik (PSEL). Ya sampai dengan kemarin, DLH belum menemukan lokasi yang tepat untuk proyek pusat ini.
Sebelumnya DLH merencanakan mengusulkan lahan di Dusun Krajan Desa Bunut Wetan Kecamatan Pakis untuk pembangunan PSEL. Bahkan lahan yang merupakan Tanah Kas Desa (TKD) seluas 5000 persegi ditinjau langsung oleh Menteri Lingkungan Hidup Hanif Faisol Nurofiq.
Namun berjalannya waktu, pembangunan tidak bisa dilaksanakan. Itu karena ada surat dari Lanud Abdulrachman Saleh. Bahwa wilayah tersebut masuk Kawasan Keselamatan Operasi Penerbangan (KKOP). Dari surat tersebut, Pemerintah Kabupaten Malang bergerak cepat dengan mencari lahan pengganti. Saat itu dipilih wilayah Kecamatan Bululawang.
Selanjutnya, DLH merencanakan pembangunan PSEL di wilayah Pakisaji. Tapi demikian rencana itu kembali gagal, lantaran ada penolakan dari warga.  Sehingga DLH pun saat ini masih fokus untuk mencari lokasi.
“Proyek PSEL ini merupakan program pusat dengan kuota terbatas, di mana hanya ada 30 titik kota/kabupaten di Indonesia yang akan dipilih. Hingga saat ini, baru ada lima daerah yang berhasil lolos dan masuk dalam program tersebut,’’ kata Kepala DLH Kabupaten Malang Ahmad Dzulfikar Nurrahman beberapa waktu lalu.
Avi sapaan akrabnya mengatakan pihaknya tidak diam. Terus mencari lokasi untuk program ini. “Kami terus mencari alternatif  lahan. Kecamatan yang dipilih yaitu Kecamatan Pakisaji dan Kecamatan Wagir. Dua kecamatan ini dipilih karena jaraknya berdekatan.
“Ya sekarang masih mencari. Doakan saja, tidak terlalu lama ada lahan yang sesuai spesifikasi. Setelah itu kami tanyakan ke Kota Malang dan Kota Batu, juga dilakukan musyawarah desa,’’ tambahnya.
Dia menyebutkan musyawarah desa penting dilakukan agar pelaksanaan pembangunan nanti berjalan lancar, tanpa ada kendala.
Disinggung dengan spesifikasi lahan yang dibutuhkan, Avi pun menjawab gamblang. Pertama luas lahan lebih dari lima hektare. Lahan berdekatan dengan sungai dengan jarak minimal satu kilometer, jauh dari permukiman, lahan tidak masuk lahan hijau, posisi lahan datar/ tidak miring, memiliki akses truk dan tidak masuk zonal KKOP.
“Yang kemarin kami survei lima lahan di Bululawang, empat adalah lahan hijau. Dan satu lainnya, dekat dengan permukiman. Sehingga tidak memenuhi spesifikasi,’’ tambahnya.
Dia berharap dalam waktu dekat ada lahan yang sesuai dengan spesifikasi. Dengan demikian, pembangunan PSEL pun dapat segera dilaksanakan. (ira/jon)",https://malangposcomedia.id/dlh-terus-cari-lokasi-psel/,malangposco
"Desa Argoyuwono Lunas PBB Pertama, Sanusi Beri Hadiah TV",2026-06-23T20:33:00+07:00,"Malang Posco Media , Malang –Desa Argoyuwono, Kecamatan Ampelgading menjadi desa pertama yang lunas Pajak Bumi dan Bangunan. Tidak hanya di tingkat kecamatan, namun juga tingkat Kabupaten Malang. Prestasi itupun mendapat apresiasi langsung dari Bupati Malang HM Sanusi. Orang nomor satu di Pemerintah Kabupaten Malang ini memberikan hadiah berupa satu unit televisi.
Hadiah tersebut diserahkan Sanusi saat hadir  pada kegiatan malam puncak ulang tahun desa dan bersih desa tersebut pada akhir pekan lalu. Hadiah itu diterima langsung oleh Kepala Desa Argoyuwono, Purnomo. Dia didampingi oleh Camat Ampelgading, Muhammad Ishak.
Dalam sambutannya, Sanusi mengaku bangga dengan warga Desa Argoyuwuno yang memiliki tingkat kesadaran dalam membayar pajak. Dia pun mengatakan bahwa pendapatan dari pajak tersebut pasti dikembalikan kepada masyarakat berupa pembangunan.
Sementara untuk kegiatan malam puncak hari ulang tahun desa sekaligus malam puncak kegiatan bersih desa, Sanusi pun mengaku sangat mengapresiasi warga. Karena mereka sangat guyub. Acara puncak ini dihigur dengan pertunjukan wayang kulit.
Selain itu, Sanusi juga mengatakan sangat mendukung program desa yang berencana membangun sebuah wisata desa berview Gunung Semeru untuk mewujudkan One Vilage, One Destination. Yaitu berada di sekitar bukit Aruna dekat pos pantau aktivitas Gunung Semeru.
Bahkan Sanusi langsung menginstruksikan sejumlah OPD untuk mendampingi program tersebut.
”Saya mengapresiasi kepala desa yang telah menggerakkan warganya untuk gotong royong, untuk mewujudkan kepentingan desa dan diberi keselamatan oleh Allah. Tadi Pak Kades juga melaporkan kegiatan pembangunan desa, diantaranya jalan desa sudah bagus,” pungkasnya.(ira/jon)",https://malangposcomedia.id/desa-argoyuwono-lunas-pbb-pertama-sanusi-beri-hadiah-tv/,malangposco
Pelaku Pembunuhan Nenek Ampelgading Akui Perbuatan,2026-06-23T20:28:00+07:00,"MALANG POSCO MEDIA , MALANG –  Sidang perdana kasus pembunuhan disertai pencurian di Desa Sidorenggo, Kecamatan Ampelgading, Kabupaten Malang mulai digelar di Pengadilan Negeri (PN) Kepanjen, Selasa (23/6). Dalam sidang agenda pembacaan dakwaan ini, pemuda berusia 18 tahun inisial TCP atau Trio sebagai terdakwa tega menghabisi nyawa neneknya sendiri memilih tidak mengajukan keberatan.
“Saudara diajukan ke persidangan karena apa? Melakukan apa?,” tanya Ketua Majelis Hakim, Moch Safi’i SH dalam persidangan di Ruang Kartika.
“Melakukan pembunuhan,” jawab terdakwa, Trio.
“Hubungannya saudara dengan korban apa?,” tanya Ketua Majelis Hakim, lagi. Kemudian dijawab oleh terdakwa dengan menyebut nenek.
Dalam surat dakwaan yang dibacakan oleh Jaksa Penuntut Umum (JPU), Maharani Indrianingtyas SH, peristiwa tragis tersebut terjadi pada Jumat, 6 Februari 2026 sekira pukul 02.00 WIB. Terdakwa melakukan aksinya di kediaman korban yang terletak di Desa Sidorenggo, Kecamatan Ampelgading, Kabupaten Malang.
“Terdakwa telah merampas nyawa orang lain, yang diikuti, disertai, atau didahului oleh suatu tindak pidana yang dilakukan dengan maksud untuk mempersiapkan atau mempermudah pelaksanaannya,” ujar JPU, Maharani membacakan pokok dakwaan di persidangan.
Selain melakukan kekerasan yang menyebabkan korban meninggal dunia, terdakwa juga mengambil sejumlah barang berharga milik korban secara melawan hukum.
Atas perbuatannya, JPU menjerat Trio dengan pasal berlapis, di antaranya Pasal 458 Ayat 3 KUHP, Pasal 459 Undang-Undang Nomor 1 Tahun 2023 tentang KUHP, serta Pasal 479 Ayat 3 UU Nomor 1 Tahun 2023 tentang KUHP terkait pencurian dengan kekerasan yang mengakibatkan kematian.
Saat dimintai tanggapan oleh Ketua Majelis Hakim mengenai isi dakwaan tersebut, Trio yang duduk di kursi terdakwa tanpa keraguan membenarkan seluruh poin yang disampaikan oleh jaksa.
“Benar (adanya),” jawab terdakwa saat ditanya Ketua Majelis Hakim mengenai kebenaran tindakan pembunuhan dan pencurian yang didakwakan kepadanya.
Sementara itu, penasihat hukum terdakwa yang ditunjuk mendampingi selama persidangan menyatakan tidak mengajukan eksepsi.
“Setelah kami cermati dan konsultasikan dengan terdakwa, kami tidak mengajukan eksepsi, tidak keberatan dan persidangan bisa dilanjutkan pemeriksaan saksi,” ujar penasihat hukum terdakwa.
Karena pihak terdakwa tidak keberatan, Ketua Majelis Hakim, Syafi’i kemudian memberikan kesempatan kepada JPU untuk menyusun berkas pembuktian serta menghadirkan saksi-saksi pada persidangan berikutnya.
JPU, Maharani meminta waktu selama satu pekan untuk mempersiapkan proses tersebut. (den/jon)",https://malangposcomedia.id/pelaku-pembunuhan-nenek-ampelgading-akui-perbuatan/,malangposco
Truk Tangki Gandengan Timpa Pemotor di Karangkates,2026-06-23T20:23:00+07:00,"MALANG POSCO MEDIA , MALANG – Kecelakaan maut terjadi di Jalan Raya Nasional III, Karangkates, Kecamatan Sumberpucung, Kabupaten Malang, Selasa (23/6) pagi sekitar pukul 07.00 WIB. Seorang pengendara motor meninggal dunia mengalami benturan pada kepala setelah terlibat kecelakaan dengan truk tangki gandeng.
Korban bernama Suwito, 54, asal Dusun Kopral, Desa Sukowinangun, Kecamatan Kalipare, Kabupaten Malang.
Kasatlantas Polres Malang AKP Muhammad Alif Chelvin Arliska mengungkapkan korban, Suwito megendarai sepeda motor Honda Vario 125, N 4748 ABZ.
“Korban melaju dari arah barat ke timur  dengan kecepatan sedang,” ujar Kasatlantas menyampaikan awal mula kejadian.
Sesampainya di Jalan Raya Nasional III, Karangkates, Sumberpucung, terdapat jalan menanjak dan menikung kekiri, korban, Suwito mendahului kendaraan roda enam tak dikenal melaju searah di depanya.
Secara bersamaan dari arah berlawanan melaju kendaraan truk Mitsubishi tangki gandengan nopol N 9259 UU yang dikemudi oleh Supriadi, 54, asal Dusun Bandarangin, Desa Sumberejo, Kecamatan Pagak, Kabupaten Malang.
“Karena jarak sudah dekat, pengemudi truk tangki gandengan tidak dapat menguasai stang kemudi dan rem, kemudian banting setir ke kanan berusaha menghindari pengendara motor Vario,” urai Chelvin.
Saat banting setir ke kanan, ekor gandengan truk dikemudi Supriadi terguling menimpa korban, Suwito yang mengendarai motor Vario.
“Korban mengalami luka benturan pada kepala, meninggal dunia di TKP. Selanjutnya dibawa ke RSUD Kanjuruhan Kepanjen untuk dimintakan visum et repertum,” terang Chelvin. (den/jon)",https://malangposcomedia.id/truk-tangki-gandengan-timpa-pemotor-di-karangkates/,malangposco
Ternyata PLN Tak Laporan Pemda,2026-06-22T22:42:28+07:00,"Terkait Pemadaman Listrik Bergiliran, Kota Batu Minta Kebijakan Khusus
MALANG POSCO MEDIA- Pemda di Malang Raya merespon pemadaman listrik  bergiliran oleh PLN yang meresahkan pelaku usaha. Khusus Pemkot Batu tegas meminta ada kebijakan khusus. (baca grafis)
Wali Kota Malang Wahyu Hidayat memastikan akan segera berkoordinasi dengan PLN UP3 Malang. Tujuannya untuk mengetahui penyebab pasti terjadinya pemadaman tersebut.
Menurut Wali Kota Wahyu, hingga saat ini pihaknya belum menerima laporan resmi terkait kebijakan pemadaman bergilir. Karena itu, komunikasi dengan PLN akan segera dilakukan agar pemerintah dapat memperoleh informasi yang jelas dan akurat.
“Saya belum mendapatkan laporan terkait pemadaman bergilir ini. Nanti coba kami koordinasikan dengan PLN. Apakah pemadaman bergilir ini terjadi karena beberapa sebab tertentu, kami belum koordinasi lagi. Tapi kami akan segera komunikasikan untuk mencari tahu penyebabnya,” kata Wali Kota  Wahyu, Senin (22/6) kemarin.
Dia mengakui, pemadaman listrik berpotensi menimbulkan dampak yang cukup besar. Terutama bagi pelaku  UMKM  yang sangat bergantung pada pasokan listrik untuk menjalankan aktivitas usahanya.
Karena itu, Wahyu mengimbau masyarakat, khususnya para pelaku usaha, agar mulai melakukan langkah antisipatif sejak dini. Mengingat jadwal maupun lokasi pemadaman belum diketahui secara pasti, kesiapan menghadapi kemungkinan terburuk dinilai menjadi hal yang penting.
Salah satu langkah yang disarankan adalah menyediakan sumber daya listrik cadangan, seperti generator set (genset), sehingga aktivitas usaha tetap dapat berjalan ketika aliran listrik dari PLN mengalami gangguan.
“Kami tidak tahu wilayah mana yang akan terjadi pemadaman terlebih dahulu atau mana yang tidak. Jadi, persiapan lain seperti penyediaan genset bisa menjadi salah satu alternatif untuk tetap mendapatkan aliran listrik,” tambahnya.
Selain mengingatkan pentingnya kesiapan menghadapi potensi pemadaman, Wahyu juga kembali mengajak masyarakat untuk membiasakan penggunaan energi secara bijak. Menurutnya, upaya penghematan listrik dan air merupakan bagian dari komitmen bersama yang perlu terus dilakukan.
Pemkot Malang berharap hasil koordinasi dengan PLN nantinya dapat memberikan kejelasan kepada masyarakat terkait penyebab maupun langkah penanganan yang dilakukan, sehingga keresahan akibat potensi pemadaman listrik dapat diminimalkan.
Begitu juga Pemkab Malang segera koordinasi dengan PLN. Hal ini disampaikan Sekda Kabupaten Malang Budiar.
“Mengingat dampak dari pemadaman listrik ini sangat merugikan masyarakat. Terutama pelaku UMKM,” katanya.
Budiar mengatakan banyak pelaku UMKM mengandalkan aliran listrik sebagai pasokan daya untuk pekerjaannya.
“Kemudian listriknya mati, maka otomatis mereka tidak bisa bekerja,” tambah Budiar. Dia mengatakan sudah ada beberapa pelaku UMKM yang mengeluhkan terkait pemadaman listrik ini.
Termasuk mereka yang usaha budidaya ikan.  Banyak yang ikannya mati akibat tidak dapat pasokan oksigen karena aeratornya mati akibat pemadaman listrik.
Juga cold storage yang ada di Malang Selatan mengeluh terkait pemadaman listrik. Karena pemadaman ini menghambat pembekuan terhadap ikan.
Lebih lanjut Budiar menekan agar PLN segera menyelesaikan jika ada permasalahan pasokan listrik.  Sehingg aliran listrik di rumah warga kembali normal dan tidak sering padam.
“Kami juga minta kepala desa untuk melakukan koordinasi dengan PLN di wilayahnya masing-masing. Kami berharap dengan banyaknya perwakilan yang melakukan koordinasi, aliran listrik pun mlkembali mengalir dengan normal,” katanya.
Sementara igtu,  Wali Kota Batu, Nurochman, bergerak cepat dengan langsung berkoordinasi bersama pihak PT PLN (Persero) ULP Batu. Langkah ini diambil guna meminimalisir dampak kerugian, terutama bagi sektor pariwisata dan ekonomi masyarakat.
​Nurochman menyatakan bahwa dirinya telah menjalin komunikasi langsung dengan Kepala PLN Batu untuk membahas situasi tersebut. Dalam koordinasi, Wali Kota  Nurochman mengajukan poin keberatan dan meminta kebijakan khusus mengingat karakteristik Kota Batu sebagai kota wisata.
​”Saya sudah berkomunikasi dengan Kepala PLN Batu. Saya meminta untuk mendapatkan kekhususan agar tidak ada pemadaman listrik, terutama pada saat weekend (akhir pekan),” ujar Nurochman saat dikonfirmasi, Senin (22/6) kemarin.
​​Selain meminta dispensasi di hari libur, Wali Kota yang akrab disapa Cak Nur ini juga menekankan pentingnya keterbukaan informasi dari pihak PLN kepada masyarakat luas sebelum melakukan tindakan pemadaman.
​Ia meminta agar PLN memastikan surat pemberitahuan atau pengumuman resmi sudah disebarluaskan jauh-jauh hari jika memang ada wilayah yang terpaksa harus mengalami pemadaman.
​”Dan dipastikan harus ada pemberitahuan sebelumnya kalau ada pemadaman,” tegasnya.
​Langkah preventif ini diharapkan dapat memberikan ruang bagi para pelaku usaha, perhotelan, tempat wisata, hingga rumah tangga untuk melakukan persiapan matang, seperti menyediakan genset cadangan atau mengatur ulang jadwal aktivitas operasional mereka. (rex/ira/eri/van)",https://malangposcomedia.id/ternyata-pln-tak-laporan-pemda/,malangposco
Segera Petakan Kelayakan Rute Transjatim Kepanjen-Hamid Rusdi,2026-06-22T21:30:00+07:00,"MALANG POSCO MEDIA – Dinas Perhubungan Provinsi Jawa Timur (Dishub Jatim) bersama tim teknis pemda Malang Raya dijadwalkan turun ke lapangan untuk melakukan survei rute bus Transjatim dalam waktu dekat.
Survei ini menjadi langkah konkret terdekat guna merealisasikan operasional bus Transjatim koridor II yang ditargetkan mulai mengaspal pada tahun 2026 ini.
Rencana operasional koridor baru yang akan menghubungkan Terminal Talangagung di Kabupaten Malang dengan Terminal Hamid Rusdi dan Terminal Arjosari di Kota Malang ini terus dimatangkan.
Kepala Seksi Sarana Angkutan Jalan Dishub Jatim, Cito Eko Yuly Saputro, menjelaskan bahwa survei ini untuk memetakan kelayakan rute dari berbagai usulan yang masuk.
“Kami akan mengadakan survei bersama terkait rute-rute usulan itu dalam waktu dekat. Paling lambat dua minggu ke depan,” ujar Cito kepada Malang Posco Media, Senin (22/6) kemarin.
Meskipun rute detailnya masih belum finalisasi, namun Dishub Jatim telah “mengunci” titik asal dan tujuan (origin-destination) bus Transjatim.
Bus Transjatim Koridor II akan bergerak dari Terminal Talangagung di Kepanjen Kabupaten Malang menuju Terminal Hamid Rusdi, dan berakhir di Terminal Arjosari di Kota Malang.
“Tapi untuk rute-rutenya butuh pendekatan dengan beberapa angkutan eksisting dan lain-lain, makanya kami belum finalisasi,” kata Cito.
Survei lapangan, lanjutnya, juga memetakan potensi permintaan dan penawaran (demand and supply) penumpang di sekitar fasilitas publik seperti rumah sakit, sekolah, tempat ibadah, dan kawasan permukiman.
Selain itu, ketersediaan lahan untuk pembangunan halte menjadi poin krusial yang akan diverifikasi langsung di lapangan.
“Walaupun di situ demand-nya tinggi, harus dipikirkan ketersediaan lahan untuk pembangunan halte. Karena konsep Transjatim kan naik dan turun penumpang di halte,” urai Cito seraya memberikan pemda mengusulkan jumlah halte sebanyak-banyaknya.
Cito menegaskan optimis bus Transjatim koridor II bisa mengasapal tahun ini. Namun beberapa syarat harus terpenuhi terkait rute seperti tidak ada resistensi atau penolakan, potensi permintaan dan penawaran  penumpang harus ada agar Transjatim bermanfaat bagi masyarakat, serta jarak tempuh tidak boleh lebih dari 48 hingga 50 km.
“Tahun ini kami optimis karena menjawab kebutuhan masyarakat Malang Raya. Jika tahun lalu ke arah Batu dan Kota Malang, sekarang kami mengakomodasi masyarakat Kabupaten Malang supaya aksesnya ke kota, ke Arjosari, atau ke Batu menjadi lebih mudah,” tambah Cito.
Bila survei tidak ada kendala teknis yang berarti di lapangan, Transjatim koridor II ditargetkan meluncur sesuai jadwal, dengan 14 bus operasional dan satu unit sebagai cadangan.
“Kalau sesuai rencana, target kami di bulan Oktober,” pungkas Cito. (den/van)",https://malangposcomedia.id/segera-petakan-kelayakan-rute-transjatim-kepanjen-hamid-rusdi/,malangposco
Terus Sosialisasikan Aplikasi SIMPAS ke Pedagang,2026-06-22T21:25:39+07:00,"MALANG POSCO MEDIA, MALANG – Dinas Perindustrian dan Perdagangan Kabupaten Malang memiliki Aplikasi SIMPAS (Sistem Informasi Pasar). Aplikasi ini terus disosialisasikan. Tidak hanya kepada seluruh Koordinator dan Operator Pasar Daerah. Sosialisasi juga dilakukan kepada Pengurus Paguyuban Pedagang Kabupaten Malang.
Kepala Dinas Perindustrian dan Perdagangan Kabupaten Malang Astri Lutfiatunnisa, S.T., M.M., mengatakan aplikasi SIMPAS dibuat guna meningkatkan kualitas pengelolaan data dan pelayanan pasar daerah.
“Salah satu manfaat dari aplikasi ini adalah transaksi retribusi cukup menggunakan scan QR Code pedagang. Pelaporan pendapatan dapat dipantau secara real-time, serta mengurangi ketergantungan terhadap karcis fisik sehingga pengelolaan retribusi menjadi lebih transparan dan akuntabel,’’ katanya.
Dia juga berharap seluruh pengelola pasar dapat memanfaatkan teknologi informasi secara maksimal untuk mendukung tata kelola pasar yang modern dan responsif.
“Jadi nanti petugas tidak perlu membawa karcis untuk diberikan kepada pedagang. Tapi cukup membayar restribusi dengan scan QR. Lebih mudah dan praktis. Uangnya juga langsung masuk dalam kas daerah, sehingga dapat meminimalisir kebocoran,’’ ungkapnya.
Astri yakin, semua pedagang dapat menggunakan aplikasi SIMPAS. Terlebih saat ini, semua pedagang telah membawa smartphone. Yang mana perangkat itu dapat mescand QR.
“Nanti akan pelan-pelan kami sampaikan ke pedagang. Kemarin sudah, diwakili oleh paguyuban. Alhamdulillah, mereka menerima,’’ pungkasnya .(ira/jon)",https://malangposcomedia.id/terus-sosialisasikan-aplikasi-simpas-ke-pedagang/,malangposco
7.500 Hektare Lahan untuk Bongkar Ratoon,2026-06-22T21:24:57+07:00,"MALANG POSCO MEDIA, MALANG – Seluas 7. 500 hektare lahan di Kabupaten Malang akan menjadi target program bongkar ratoon tahun 2026 ini. Hal ini sebagai upaya Pemkab Malang menggenjot produktivitas sektor perkebunan, khususnya komoditas tebu.
Kepala Dinas Tanaman Pangan, Hortikultura dan Perkebunan (DTPHP) Kabupaten Malang, Avicenna M Saniputera, mengungkapkan dari luas 7.500 hektare, potensi lahan bongkar ratoon yang sudah ada dan siap di angka sekitar 2.500 hektare.
“Tapi data tersebut perlu kami verval (verifikasi faktual) nanti kami akan koordinasi validasi usulan lahan untuk bongkar ratoon,” ujar Avicenna, usai menghadiri kegiatan panen dan tanam tebu serentak program bongkar ratoon di Desa Putukrejo, Kecamatan Gondanglegi, Kabupaten Malang, Kamis (18/6) lalu.
Bagi kelompok tani yang ingin mendapatkan kuota program bongkar ratoon ini, Avicenna menyebutkan syarat utamanya adalah kesediaan bergabung, kepemilikan lahannya ada, serta pemenuhan administrasi melalui koordinasi dengan penyuluh.
Pada tahun lalu, Kabupaten Malang berhasil mencatatkan produksi tebu mencapai lebih dari 4 juta ton. Di tengah bayang-bayang tantangan iklim tahun ini, Avicenna berharap jumlah tahun lalu dapat dipertahankan.
“Tahun ini jangan sampai turun. Tapi dengan adanya perbaikan benih atau bongkar ratoon ini saya rasa ada peningkatan,” tambahnya.
Namun, ia menekankan bahwa intervensi di hulu harus diimbangi dengan perbaikan di sisi hilir, yaitu revitalisasi mesin-mesin pabrik gula.
“Seperti yang sering disampaikan oleh Pak Bupati, efisiensi di pabrik gula harus ditingkatkan dan direkondisi,” pungkasnya . (den/jon)",https://malangposcomedia.id/7-500-hektare-lahan-untuk-bongkar-ratoon/,malangposco
"Capai Target PBB, Terus Galakkan BMW",2026-06-22T21:24:08+07:00,"MALANG POSCO MEDIA, MALANG – Beragam upaya dilakukan Bapenda Kabupaten Malang untuk meningkatkan pendapatan Pajak Bumi dan Bangunan (PBB). Salah satunya dengan program Bapenda Menyapa Warga (BMW).
Kepala Bapenda Kabupaten Malang Made Arya Wedanthara mengatakan mengatakan sampai dengan akhir pekan lalu perolehan Pajak Bumi dan Bangunan dikatakan saat ini sudah tercapai 35,82 persen. Atau Rp 44.979.241.286 dari target Rp 125.556.388.953.  Made mengaku hal itu wajar mengingat SPT baru disebar. “Kami terus galakkan BMW untuk bisa mencapai target PBB,” kata Made.
BMW ditegas pria asal Bali ini digelar  sepekan dua kali. Kegiatan ini digelar bergulir di desa / kelurahan se Kabupaten Malang.
“BMW tidak sekadar sebagai upaya meningkatkan pendapatan PBB. Namun juga sebagai upaya kami untuk mendekatkan pelayanan kepada masyarakat,’’ urainya.
Lebih lanjut Made mengatakan bahwa respon dari masyarakat sangat bagus terhadap keberadaan BMW. Itu terbukti, setiap digelar lebih dari 100 warga yang mengurus pelayanan.
“Karena tidak hanya membayar pajak saja. Tapi bisa mengajukan perbaikan data untuk SPT, dan lainnya. Jadi masyarakat sangat terbantu disitu,’’ ujarnya.
Sementara sampai dengan akhir pekan kemarin,  capaian pendapatan dari sektor pajak tertinggi adalah Pajak Kesenian dan Hiburan Kabupaten Malang. Pendapatan di sektor ini   tertinggi dibandingkan dengan perolehan 11 pajak lainnya yang dikelola Bapenda. Data Badan Pendapatan Daerah Kabupaten Malang menyebutkan sampai dengan kemarin perolehan Pajak Kesenian dan Hiburan Kabupaten Malang   mencapai Rp 4.736.806.237 dari target Rp 8.138.978.570.
Made mengatakan tingginya perolehan pajak kesenian dan hiburan ini seiring dengan banyaknya even yang digelar di Kabupaten Malang. Mantan kepala Dinas Pariwisata dan Kebudayaan Kabupaten Malang ini tidak merinci even apa saja yang digelar. Yang jelas, dari beragam even itulah, pendapatan untuk pajak hiburan diperoleh.
“Dari Januari sampai Juni ini banyak even di Kabupaten Malang. Ini yang menyumbang pendapatan. Kalau diprosentase sekarang perolehannya sudah 58,20 persen. Kami yakin akhir tahun ini tercapai lebih dari 100 persen,’’ kata Made.
Keyakinan itu lantaran masih banyak even yang digelar di Kabupaten Malang. Baik itu yang digelar lokal, regional maupun nasional.
“Untuk evennya, dapat dikonfirmasi ke Dinas Pariwisata ya. Cukup banyak, sehingga akan menyumbang pendapatan,’’ urainya.
Made mengatakan selain Pajak Kesenian dan Hiburan, ada beberapa pendapatan pajak lain yang capaiannya sudah lebih 50 persen. Yaitu pajak makanan dan minuman yang mencapai 55,98 persen, pajak MBLB tercapai 56,07 persen. Sedangkan lainnya, berkisar 20-40 an persen.
“Kalau dari data pajak reklame paling minim perolehannya. Yaitu 23,45 persen, dari target Rp 5.126.462.764,’’ ujar Made.
Rendahnya perolehan dari pajak reklame ini dikatakan Made bukan karena pihaknya tidak bekerja. Namun dia mengatakan banyak pelaku usaha yang kurang taat. “Kami masih banyak melihat di jalan reklame yang tidak dilaporkan pemasangannya. Kami pun sudah berkoordinasi dengan Satpol PP terkait hal ini, agar segera dilakukan penertiban. Harapannya ke depan, tidak ada lagi pelaku usaha yang abai, dan tertib membayar pjak reklame sebagai media promosi,’’ pungkasnya .(ira/jon)",https://malangposcomedia.id/capai-target-pbb-terus-galakkan-bmw/,malangposco
"Perampokan di Sumberpucung; Ibu Lansia Disekap, Mobil Jazz Digondol",2026-06-22T21:23:11+07:00,"MALANG POSCO MEDIA, MALANG – Aksi perampokan menimpa sebuah rumah di Jalan KH Ahmad Dahlan Desa/Kecamatan Sumberpucung Kabupaten Malang, Minggu (21/6).  Pelaku yang bertindak seorang diri nekat masuk ke dalam kamar, menodongkan senjata tajam (sajam), dan menyekap seorang ibu lansia sebelum membawa kabur satu unit mobil Honda Jazz.
Pihak kepolisian saat ini masih melakukan penyelidikan terhadap pelaku. Terpantau polisi sedang mengumpulkan rekaman kamera pengawas atau CCTV di sekitar lokasi kejadian, Senin (22/6).
Peristiwa perampokan tersebut menimpa Jatiningwigati, seorang ibu lansia berusia 62 tahun yang diketahui istri pensiunan Polri. Suaminya yang disebut warga sekitar bernama Pak Harto’ telah wafat.
Jatiningwigati kini tinggal berdua bersama anak bungsunya, Aaron Nicholas Oto, 18 tahun. Sedangkan dua anak lainnya berada di Bandung, Jawa Barat.
Anak korban, Aaron Nicholas Oto menceritakan bahwa detik-detik peristiwa mencekam itu berlangsung sekitar pukul 24.00 WIB.
Saat itu, sang ibu sudah dalam kondisi tertidur di kamarnya. Sementara, Nicho sedang tidak berada di rumah karena tengah pergi bersama temannya malam mingguan.
“Pas waktu ibu sedang tidur itu, pelaku langsung masuk ke kamar ibu saya. Orangnya langsung menodongkan pisau di leher ibu,” ujar Nicho saat ditemui di rumahnya, Senin (22/6).
Di bawah ancaman sajam, pelaku mendesak korban untuk menyerahkan buku pemilik kendaraan bermotor (BPKB) dan kunci mobil.
Pelaku menyekap korban, Jatiningwigati dengan matanya ditutup lakban, kemudian dibekap dengan kain slayer, serta kedua tangannya diikat ke depan.
“Pelaku menanyakan BPKB sama kunci mobil. Setelah itu, ibu saya dilakban di bagian mata, terus diikat slayer dan tangannya diikat di depan,” beber Nicho sambil memperagakan kondisi ibunya saat peristiwa.
Pelaku berada di dalam rumah kurang lebih selama satu jam. Alhasil, pelaku membawa kabur satu unit mobil Honda Jazz dan sebuah dompet kecil berisi uang.
Berdasarkan keterangan keluarga, pelaku diduga dapat masuk karena gerbang dan pintu rumah dalam kondisi tidak terkunci.
“Pintu dan gerbang rumah tidak terkunci, hanya ditutup. Soalnya saya masih di luar. Memang biasanya begitu kalau saya keluar, supaya kalau pulang bisa langsung masuk,” jelas Nicho, seraya menyampaikan bahwa dirinya pergi malam mingguan bersama temannya.
Pelaku diduga melarikan diri melalui gerbang depan rumah dengan mobil Jazz hasil curian tersebut setelah berhasil menguasai kunci kontak kendaraan dan kunci pagar yang jadi satu.
Nicho menambahkan, meski hanya satu pelaku masuk ke dalam kamar ibunya, pihak keluarga tidak mengetahui pasti apakah ada pelaku lain yang mengawasi situasi di luar rumah.
“Kalau yang masuk rumah cuma satu orang. Tapi tidak tahu di luar ada berapa,” kata pria tiga bersaudara tersebut.
Pascakejadian, korban Jatiningwigati  berada di rumah saudaranya. Peristiwa kriminalitas yang menimpanya telah dilaporkan ke Polsek Sumberpucung.
“Ibu sekarang ada di rumah saudara. Saya sama ibu cuma tinggal berdua saja. Bapak sudah meninggal sudah lama,” pungkas Nicho.
Kapolsek Sumberpucung IPTU Choirul Mustofa saat ditemui membenarkan peristiwa tersebut. Saat ini pihaknya masih melakukan penyelidikan terhadap pelaku.
“Iya benar, saat ini masih penyelidikan. Sedangkan kondisi korban hanya luka gores kecil di leher,” tambahnya. (den/jon)
Perampokan di Sumberpucung
Waktu kejadian
* Minggu 21 Juni 2026 dini hari
TKP
* Jalan KH Ahmad Dahlan Desa/Kecamatan Sumberpucung Kabupaten Malang
Korban
* Jatiningwigati, 62 tahun
Barang hilang
* Mobil Jazz
* Dompet berisi uang",https://malangposcomedia.id/perampokan-di-sumberpucung-ibu-lansia-disekap-mobil-jazz-raib/,malangposco
PLN Tak Bisa Pastikan Waktu Pemadaman,2026-06-21T23:10:46+07:00,"MALANG POSCO MEDIA – Pemadaman listrik di wilayah Malang Raya membuat semua mata tertuju kepada pelayanan PLN. Banyak pihak mempertanyakan dan mengeluhkan pelayanan PLN di tengah situasi perekonomian yang berat ini.
Merespon keluhan masyarakat tersebut, Manager PT PLN (Persero) UP3 Malang Agung Wibowo menjelaskan saat ini pihaknya memang tengah melakukan manajemen beban secara terbatas di sebagian wilayah layanan.
Langkah ini sebagai bagian dari upaya penguatan dan pemeliharaan jaringan distribusi guna menjaga keandalan sistem kelistrikan.
“Untuk itu, sebagian pelanggan akan mengalami penghentian sementara aliran listrik dengan durasi yang disesuaikan dengan kondisi operasional sistem di masing-masing wilayah,” jelas Agung.
Oleh karena itu, Agung menyebut, pemadaman bergilir selama ini memiliki durasi yang bervariasi. Mulai sekitar 30 menit hingga tiga jam, bergantung pada kondisi jaringan dan lokasi terdampak.
“Sesuai arahan dari pusat, ada pengaturan beban. Untuk jumlah pasti tidak menentu. Jumlah bisa berubah setiap jam, durasi bisa 2,5 jam sampai 3 jam,” sebut dia.
Apabila akan ada pemadaman, pihaknya segera memberikan informasi atau pemberitahuan kepada wilayah yang terdampak. Informasi itu juga bisa diakses melalui media sosial resmi dari PLN maupun notifikasi di aplikasi PLN Mobile.
Lebih lanjut Agung belum bisa pastikan kapan maupun dimana lokasi pemadaman bergiliran.
“Hingga saat ini belum dapat dipastikan kapan pemadaman listrik bergilir akan berakhir. Seluruh proses masih bergantung pada penyelesaian perbaikan jaringan dan pemulihan sistem kelistrikan,” terangnya.
Namun demikian, Agung menegaskan pihaknya tetap berkomitmen menjaga pasokan listrik tetap andal, dengan melakukan pengaturan sistem secara terukur. Selain itu mengoptimalkan pola operasi jaringan, serta meminimalkan dampak kepada pelanggan.
“Seluruh petugas operasional juga disiagakan untuk memastikan sistem kelistrikan tetap aman dan andal. Kami menyampaikan permohonan maaf atas ketidaknyamanan yang terjadi,” katanya.
Manajer PLN ULP Batu Redi Ramadhan memastikan bahwa pihaknya telah memberikan sosialisasi terlebih dahulu kepada masyarakat Kota Batu terkait pemadaman listrik bergilir yang terjadi beberapa hari ini.
“Ada kami infokan sebelum pelaksanaan di grup Sahabat PLN Batu,” ujar Redi saat dikonfirmasi Malang Posco Media.
Terkait dengan jadwal pemadaman bergantian untuk wilayah Kota Batu, pihaknya tidak bisa memastikan kapan pemadaman dilaksanakan. Khususnya untuk tanggal 22-27 Juni.
“Untuk sementara ini belum ada (jadwa pemadaman.red), mohon maaf. Namun (akan.red) kami infokan sebelum pelaksanaan di Grup Sahabat PLN Batu,” imbuhnya singkat.
Untuk informasi, wilayah kerja PLN ULP Batu mencakup tiga kecamatan di Kota Batu. Kemudian empat  kecamatan di Kabupaten Malang, yaitu Kecamatan Karangploso, Kecamatan Pujon, Kecamatan Ngantang, dan Kecamatan Kasembon. (ian/eri/van)",https://malangposcomedia.id/pln-tak-bisa-pastikan-waktu-pemadaman/,malangposco
Ekonomi Suram Akibat Pemadaman Bergiliran,2026-06-21T23:10:16+07:00,"MALANG POSCO MEDIA -Pemadaman bergiliran listrik yang terjadi belakangan  memukul sejumlah usaha  di Malang Raya. Omzet usaha jatuh. Bahkan hingga 60 persen. Apalagi mati lampu pada jam produktif. (baca grafis)
Terutama bagi pelaku usaha yang bergantung pada energi listrik. Seperti salah satunya usaha fotokopi dan percetakan, yakni Rifa Digital Printing yang berlokasi di Jalan LA Sucipto.
Pemilik Rifa Digital Printing, Fahaza sangat kecewa dengan pelayanan PLN. Bukan tanpa sebab, belum genap dua minggu terakhir saja, pemadaman sudah terjadi tiga kali. Dua kali pemadaman diberikan pemberitahuan, sementara satu kali tidak ada informasi maupun pemberitahuan sama sekali.
Pemadaman bergilir yang terjadi itu dirasakan berat karena waktu pemadaman yang dilakukan pada jam produktif. Yakni mulai pagi hingga siang, bahkan sore. Hal ini berdampak secara langsung pada pemasukan atau omzet hariannya.
Apabila per hari setidaknya ada 70 konsumen, ketika pemadaman akibatnya menolak hingga 30 konsumen lebih. Bahkan ia menengarai ada salah satu mesinnya mengalami kerusakan juga akibat pemadaman tersebut.
“Dampaknya sangat ngefek sekali bagi saya secara pemasukan atau income  saya. Bisa turun 60 persen lebih. Minimal mati listrik itu kan tiga jam, lalu yang paling lama kemarin itu kan enam jam,” keluh Fahaza.
Ia pun mengaku sebenarnya telah melayangkan aduan dan protes kepada PLN. Sayangnya respon yang diterima tidak cukup memuaskannya. Banyak juga rekannya sesama pelaku usaha yang mengeluhkan kondisi tersebut.
Kondisi yang hampir sama dirasakan Tria Kusumawardani, salah satu pelaku usaha laundry di Jalan Ahmad Yani. Oleh sebab usahanya sangat bergantung pada kelistrikan, pemadaman listrik seperti belakangan ini membuatnya sangat jengkel.
Keluhan massal datang dari para pelaku usaha dan pedagang di kawasan Kota Batu. Pemadaman listrik bergilir yang dilakukan oleh pihak PLN tanpa adanya sosialisasi atau pemberitahuan terlebih dahulu dinilai sangat mencekik urat nadi perekonomian warga.
Tidak sedikit pedagang yang harus menelan kerugian karena kehilangan waktu operasional emas (prime time) mereka, terutama saat akhir pekan (weekend). ​Kondisi yang kian sering terjadi ini memicu kekhawatiran mendalam di kalangan pelaku usaha.
Dampak paling nyata dirasakan para pedagang di kawasan Alun-Alun Kota Batu. Ketua Paguyuban Pelaku Niaga Sipil (PNS) Alun-Alun Kota Batu, Puspita Herdysari, mengungkapkan pemadaman yang terjadi pada akhir pekan kemarin berlangsung cukup lama dan berada di jam-jam krusial tempat orang mencari rezeki.
​”Kemarin mati sejak pukul 15.00,  baru nyala pukul 19.15 WIB. Pas nyala, pengunjung wes (sudah) hilang. Satu hari pas weekend itu kita kehilangan prime time 4 jam tidak bisa melayani pembeli,” kelih  Puspita dengan nada kecewa.
​Pipit sapaan akrabnya menambahkan, untuk pedagang yang sangat bergantung pada listrik seperti penjual es yang menggunakan blender dan cup sealer, pemadaman ini otomatis menghentikan total aktivitas jualan mereka.
​ Menurutnya, ini sudah kali kedua terjadi pemadaman berdurasi lama tanpa ada notifikasi atau warning apa pun dari pihak PLN.
Keluhan senada juga disampaikan Risma, pemilik usaha Rental Risma PS di Kota Batu. Sebagai lini bisnis yang 100 persen menggunakan daya listrik, pemadaman bergilir ini menjadi hantaman keras bagi pendapatannya.
​Tidak hanya sektor kuliner dan hiburan, sektor industri rumahan (home industry) seperti produsen roti dan keripik buah juga dibuat kelimpungan. Khamim Tohari, salah satu pelaku usaha keripik buah di Kota Batu, menyebut pemadaman ini mengacaukan target waktu produksi.
​”Usaha saya semua pakai listrik. Kalau mati lampu, otomatis tidak bisa kerja. Dampaknya bukan cuma penurunan omset, tapi waktu produksi yang molor. Biasanya sore sudah selesai, ini harus sampai malam,” jelas Khamim.
Menggeser waktu produksi ke malam hari juga bukan perkara mudah bagi Khamim. Mesin pengolah keripik buah miliknya mengeluarkan suara yang cukup keras, sehingga berpotensi mengganggu kenyamanan tetangga jika dioperasikan malam hari. Akibatnya, volume produksi terpaksa menurun.
​Khamim menyayangkan sikap PLN yang terkesan abai terhadap nasib rakyat kecil yang sedang berjuang memutar roda ekonomi.​
Perhimpunan Hotel dan Restoran Indonesia (PHRI) Kota Batu menyatakan  pemadaman ini memberikan dampak signifikan terhadap operasional akomodasi. Terlebih saat ini tengah memasuki masa liburan sekolah yang menjadi momen krusial bagi kunjungan wisatawan.
​Ketua PHRI Kota Batu, Sujud Hariadi, mengungkapkan dampak paling nyata yang dirasakan pihak hotel,  membengkaknya biaya operasional secara tajam. Ketika aliran listrik dari PLN terputus, pihak hotel terpaksa mengalihkan sumber daya ke generator set (genset).
“Penggunaan genset ini memakan biaya yang jauh lebih tinggi lantaran harga BBM  industri saat ini masih menyentuh kisaran Rp 25 ribu per liter, sebuah angka yang dinilai sangat memberatkan manajemen hotel,” ungkapnya.
​Selain masalah biaya, Sujud juga menyoroti kendala teknis terkait kapasitas genset. Menurutnya, tidak semua hotel memiliki kapasitas genset yang mampu menutup seluruh kebutuhan listrik pada saat beban pemakaian maksimal.
Sujud menjelaskan bahwa sebagian besar hotel di Kota Batu menjual daya tarik berupa pemandangan malam hari (night view) yang dapat dinikmati langsung dari kamar atau restoran hotel. Dalam kondisi normal, tamu dapat menikmati kemilau cahaya lampu dari wilayah pusat kota ke arah Batu utara. Pemadaman bergilir ini otomatis menghilangkan keindahan panorama tersebut, yang berpotensi menurunkan tingkat kepuasan para tamu yang menginap.
Wilayah Kecamatan Singosari Kabupaten Malang kebagian pemadaman lampu bergilir. Pemadaman yang diketahui karena adanya kendala teknis operasional ini berlangsung pada Sabtu (20/6) lalu.
Salah satu titik terdampak pemadaman lampu di lingkungan RW 8 Desa Candirenggo Kecamatan Singosari. Lampu mengalami pemadaman sekitar  tiga jam.
Masyarakat kini berbondong-bondong  membeli generator set (genset), agar listrik tetap menyala saat terjadi pemadaman sewaktu-waktu.
Salah satu toko yang melayani penjualan genset yakni Mega Teknik di Jalan Sutan Syahrir Kecamatan Klojen Kota Malang. Pemilik toko, Agus, mengatakan kenaikan penjualan ini terjadi sejak selama dua pekan lalu, yang mencapai 25 hingga 50 persen.
Ia menyebut, pembelian genset didominasi oleh pemakaian rumah tangga hingga industri. Pelangganya banyak yang membeli genset untuk kapasitas 2.000 hingga 5.000 watt.
“Kalau untuk rumahan atau pedagang biasa, seperti di tenda atau kios kecil, biasanya yang dicari kapasitas 1.000 sampai 2.000 watt. Dan sekarang yang banyak dicari itu, untuk kapasitas 2.000 hingga 5.000 watt,” sebutnya.
Pria berusia 43 tahun ini menjelaskan, pelangganya tak hanya terbatas di wilayah Malang Raya saja. Melainkan, sampai ke wilayah Bali hingga Papua.
“Banyak juga permintaan dari luar pulau. Kami berusaha terus memenuhi stok, karena sejak terjadinya konflik internasional di selat Hormuz beberapa waktu lalu, ini juga berdampak terkait beberapa ketersediaan barang, termasuk genset ini,” lanjut Agus. (ian/eri/den/rex/van)",https://malangposcomedia.id/ekonomi-suram-akibat-pemadaman-bergiliran/,malangposco
"Ponpes di Kecamatan Bululawang; Kapolres: Bukan Penyegelan, Melainkan Penempelan Stiker",2026-06-21T22:01:58+07:00,"MALANG POSCO MEDIA , MALANG – Polres Malang memberikan klarifikasi terkait isu penyegelan Pondok Pesantren (Ponpes) di Kecamatan Bululawang, Kabupaten Malang. Aksi penyegelan sempat mencuat dan memicu perhatian publik karena melibatkan organisasi kemasyarakatan (ormas) Yakuza Maneges.
Kapolres Malang AKBP Muhammad Taat Resdi meluruskan narasi yang beredar di masyarakat. Menurutnya, tindakan yang terjadi di lapangan bukanlah penyegelan, melainkan penempelan stiker.
“Istilahnya sebenarnya bukan penyegelan, melainkan penempelan stiker. Dan itu pun sekarang sudah tidak ada,” ujar AKBP Taat .
Terkait langkah hukum lebih lanjut, Taat menegaskan bahwa kepolisian bertindak sesuai dengan koridor hukum yang berlaku.
Pihaknya belum menerima laporan resmi dari pihak ponpes maupun pihak yang merasa dirugikan atas aksi penempelan stiker tersebut.
Ia menjelaskan bahwa persoalan ini masuk ke dalam kategori delik aduan, sehingga polisi memerlukan laporan resmi.
“Kalau pun dari pihak-pihak ada yang merasa dirugikan dengan kegiatan tersebut, silakan membuat laporan resmi,” tutur Taat.
“Kenapa kami menunggu laporan? Karena masuknya ke delik aduan. Misalnya tindak pidana pemaksaan dan lain sebagainya, membutuhkan adanya pengaduan dari pihak yang merasa dirugikan. Sampai dengan saat ini belum ada pihak yang melaporkan atau mengadukan terkait dengan kegiatan tersebut,” sambungnya.
Saat disinggung mengenai status legalitas formal atau izin operasional dari ponpes, Kapolres menegaskan hal tersebut bukan merupakan ranah institusinya.
Ia menyerahkan sepenuhnya penilaian dan verifikasi legalitas lembaga keagamaan tersebut kepada instansi pemerintah yang berwenang.
Diberitakan sebelumnya, ormas bernama Yakuza Maneges mendampingi para korban santri untuk melapor dugaan pelecehan seksual ke Mapolres Malang, Sabtu (13/6). Kemudian malamnya, tim Yakuza Maneges menyegel tiga ponpes milik pengasuh berinisial MR alias T . (den/jon)",https://malangposcomedia.id/ponpes-di-kecamatan-bululawang-kapolres-bukan-penyegelan-melainkan-penempelan-stiker/,malangposco
Sambut Hari Bhayangkara; Polres Malang Bersihkan Vihara Lawang,2026-06-21T22:00:11+07:00,"MALANG POSCO MEDIA, MALANG – Polres Malang melaksanakan bersih – bersih tempat ibadah dalam rangka menyambut Hari Bhayangkara ke-80 Tahun 2026.  Kegiatan yang dipusatkan di Vihara Pondok Meta, Kelurahan Kalirejo, Kecamatan Lawang, Kabupaten Malang, Jumat (19/6) lalu ini juga sebagai wujud menjaga kerukunan dan menumbuhkan kepedulian sosial.
Kegiatan itu melibatkan personel Polres Malang, personel Polsek Rayon Lawang, serta Bhayangkari Cabang Malang bersama-sama membersihkan area vihara mulai halaman, ruang ibadah, hingga lingkungan sekitar tempat ibadah.
“Bakti religi ini salah satu rangkaian kegiatan menyambut Hari Bhayangkara ke-80, bertujuan menumbuhkan kepedulian sosial dan memperkuat nilai kebersamaan di tengah masyarakat,” kata Kapolres Malang AKBP Muhammad Taat Resdi.
Menurutnya, pemilihan tempat ibadah dari berbagai agama sebagai lokasi bakti religi juga menjadi cerminan komitmen Polri dalam menjaga kerukunan dan toleransi di Kabupaten Malang.
“Melalui kegiatan ini, kami ingin terus merawat harmoni dan kebersamaan di tengah keberagaman masyarakat. Polri hadir untuk seluruh lapisan masyarakat tanpa membedakan latar belakang suku, agama, maupun golongan,” ujarnya.
AKBP Taat berharap semangat kebersamaan yang dibangun melalui kegiatan bakti religi tersebut dapat semakin memperkuat sinergi antara Polri dan masyarakat dalam menjaga situasi keamanan dan ketertiban yang aman, damai, dan kondusif di Kabupaten Malang. (den/jon)",https://malangposcomedia.id/sambut-hari-bhayangkara-polres-malang-bersihkan-vihara-lawang/,malangposco
Semarak Bersih Desa Bedali; Si Jaka Habiskan 100 Kilogram Kacang Panjang,2026-06-21T21:59:13+07:00,"MALANG POSCO MEDIA, MALANG – Warga Desa Bedali, Kecamatan Lawang, Kabupaten Malang, kompak dalam kegiatan bersih desa yang dimeriahkan dengan acara kirab budaya sedekah bumi, Sabtu (20/6). Kirab budaya antar RW ini menampilkan iring-iringan grebeg gunungan berisi beragam hasil bumi berupa polowijo, buah-buahan, sayur mayur dan lainnya.
Gunungan tidak semuanya disusun meninggi berbentuk kerucut seperti gunungan pada umumnya. Namun, beberapa RW membentuk gunungan dengan kreasi menyerupai hewan.
Seperti RW 03 menampilkan gunungan berbentuk tikus dan dari RW 10 menampilkan gunungan berbentuk ular naga, serta RW 04 menampilkan gunungan berbentuk kuda jingkrak yang mereka beri nama Si Jaka (Jaran Kacang) atau kuda yang terbuat dari bahan kacang panjang.
“Memang untuk membuat gunungan kuda setinggi dua meter ini setidaknya menghabiskan kacang panjang 100 kilogram, ucet 50 kilogram, lombok merah 10 kilogram, wortel 10 kilogram dan juga hasil bumi lainnya,” urai Sekretaris RW 04, Andri Nurpujo.
Andri menjelaskan bahwa semua bahan yang diperlukan untuk membuat jaran kacang itu hasil sumbangan dari seluruh warga RW 04.
“Awalnya saya mencari ide gunungan berbentuk kuda ini memanfaatkan teknologi AI untuk mendapatkan model yang unik. Melalui AI akhirnya saya bisa mendapatkan gambar gunungan jaran kacang lengkap dengan kerangka dan bahan-bahannya,” urai Andri.
Ia menjelaskan setidaknya butuh waktu sekitar dua minggu untuk membuat gunungan jaran kacang. Mulai dari membuat kerangka kuda dari bahan bambu, hingga menghiasnya dengan kacang panjang dan bahan lainnya. Semuanya dikerjakan gotong royong oleh warga RW 04.
Untuk mengangkut dan mengarak gunungan Si Jaka menuju balai Desa Bedali ini setidaknya butuh lebih dari 16 orang menempuh jarak sekitar 1.5 km.
“Setelah semua gunungan dari setiap RW tiba di pendopo desa, selanjutnya dibacakan doa. Setelah itu warga langsung berebut isi gunungan,” pungkasnya . (den/jon)",https://malangposcomedia.id/semarak-bersih-desa-bedali-si-jaka-habiskan-100-kilogram-kacang-panjang/,malangposco
