title,published_date,scraped_at,author,category,content,url,source,image_url,excerpt,source_category,content_len,has_literal_backslash_n,has_actual_newline,has_double_blank_line,has_carriage_return
Khofifah Pastikan Pasokan Biosolar dan Pertalite di Jatim Aman,2026-06-28,2026-07-02T04:30:15.202823+00:00,deny,,"Gubernur Jawa Timur, Khofifah Indar Parawansa, memastikan ketersediaan bahan bakar minyak (BBM) di Jawa Timur dalam kondisi aman dan mencukupi kebutuhan masyarakat. Kepastian tersebut disampaikan usai meninjau langsung penyaluran BBM, khususnya Biosolar dan Pertalite, di kawasan Karanglo, Kabupaten Malang, Minggu (28/6). Dalam peninjauan tersebut, Khofifah menegaskan Pemerintah Provinsi Jawa Timur terus memperkuat koordinasi dengan PT Pertamina Patra Niaga dan PT PLN (Persero) guna menjaga stabilitas pasokan energi di seluruh wilayah. Menurutnya, komunikasi intensif dilakukan menyusul pengalaman gangguan kelistrikan atau blackout yang sempat terjadi di sejumlah titik di Jawa Timur beberapa waktu lalu. “Pemerintah Provinsi Jawa Timur intensif berkomunikasi dengan PLN dan Pertamina. Jatim sempat mengalami blackout di beberapa titik, sehingga komunikasi kami sangat intensif. Pihak Pertamina juga selalu hadir dalam high level meeting,” ujar Khofifah. Ia menjelaskan, koordinasi tersebut tidak hanya difokuskan pada ketersediaan pasokan energi, tetapi juga untuk mempercepat identifikasi dan penyelesaian persoalan apabila terjadi antrean BBM di lapangan. Menurut Khofifah, evaluasi dilakukan secara cepat agar akar persoalan dapat segera ditemukan dan solusi langsung diterapkan. “Koordinasi kami lakukan untuk memastikan ketika terjadi antrean panjang apa penyebabnya. Kalau supply-nya kurang, maka supply yang harus ditambah. Menurut Pertamina, supply Biosolar telah ditambah sehingga dapat mencukupi kebutuhan. Semoga saat ini sudah aman dan semuanya bisa berjalan lancar,” katanya. Khofifah menekankan stabilitas distribusi BBM menjadi faktor penting dalam menjaga pertumbuhan ekonomi Jawa Timur. Pasokan energi yang terjaga dinilai berpengaruh langsung terhadap aktivitas industri, distribusi logistik, perdagangan, hingga mobilitas masyarakat. “Karena dampak ekonominya sangat kuat, mulai dari mobilitas dan pergerakan alat transportasi. Konektivitas antardaerah dan kinerja ekonomi kita sangat banyak ditentukan oleh stabilisasi pemenuhan BBM,” jelasnya. Sementara itu, Manager Sales Retail Pertamina Patra Niaga, Daniel, memastikan pihaknya telah menambah pasokan Biosolar maupun jenis BBM lainnya untuk mengantisipasi peningkatan kebutuhan masyarakat. Menurut Daniel, langkah tersebut dilakukan sebagai bentuk komitmen Pertamina agar distribusi energi tetap berjalan lancar dan kebutuhan masyarakat dapat terpenuhi. “Kami memastikan supply solar lancar dan kebutuhan masyarakat terpenuhi. Kemarin sempat ada sedikit kendala antrean. Kami berkomitmen menambah supply kepada masyarakat sehingga kebutuhan energi, terutama solar, termasuk Pertalite, dapat terpenuhi,” tegasnya. Berdasarkan data per 28 Juni 2026, stok BBM di SPBU Karanglo tercatat meliputi Pertalite sebanyak 28 kiloliter, Pertamax 14 kiloliter, Pertamax Green 6 kiloliter, Pertamax Turbo 6,7 kiloliter, Biosolar 24 kiloliter, serta Pertamina Dex 3,9 kiloliter. Untuk memperkuat ketahanan pasokan di wilayah Malang dan sekitarnya, Pertamina juga tengah mengirim tambahan stok berupa Pertalite sebanyak 24 kiloliter, Pertamax 8 kiloliter, dan Biosolar 16 kiloliter. Kunjungan Khofifah turut didampingi Bupati Malang HM Sanusi, Plt Kepala Dinas Energi dan Sumber Daya Mineral (ESDM) Provinsi Jawa Timur MHD Aftabuddin Rijaluzzaman, Sales Area Manager Malang PT Pertamina Patra Niaga Alam Kanda, serta Kepala Bidang Energi Dinas ESDM Provinsi Jawa Timur.(der)",https://malangvoice.com/khofifah-pastikan-pasokan-biosolar-dan-pertalite-di-jatim-aman/,malang_voice,,"MALANGVOICE – Gubernur Jawa Timur, Khofifah Indar Parawansa, memastikan ketersediaan bahan bakar minyak (BBM) di Jawa Timur dalam kondisi aman dan mencukupi kebutuhan masyarakat....",Ekbis,3439,False,False,False,False
"Andalkan BBIB Singosari, Khofifah Optimistis Indonesia Swasembada Daging dalam Tiga Tahun",2026-06-28,2026-07-02T04:30:15.474089+00:00,deny,,"Gubernur Jawa Timur, Khofifah Indar Parawansa, optimistis Indonesia mampu mewujudkan swasembada daging dalam kurun waktu tiga tahun ke depan. Optimisme tersebut disampaikannya usai meninjau Balai Besar Inseminasi Buatan (BBIB) Singosari, Kabupaten Malang, Minggu (28/6). Dalam kunjungan itu, Khofifah melihat langsung berbagai jenis sapi yang dikembangkan di BBIB Singosari, termasuk proses produksi semen beku atau sperma sapi yang diawetkan menggunakan nitrogen untuk mendukung program reproduksi ternak. Menurut Khofifah, kapasitas dan teknologi yang dimiliki BBIB Singosari menjadi salah satu fondasi kuat bagi Indonesia untuk mempercepat pencapaian swasembada daging nasional. “Balai Besar Inseminasi Buatan Singosari ini menjadi focal point pengembangan sapi untuk Asia dan Afrika. Saya berharap kekuatan yang dimiliki BBIB bisa dimanfaatkan seluruh daerah di Indonesia, karena pada dasarnya semua wilayah memiliki potensi menuju swasembada daging,” ujar Khofifah. Salah satu contoh keberhasilan yang disorot adalah pengembangan sapi unggulan Belgian Blue. Khofifah menjelaskan, jenis sapi tersebut pertama kali dikenalkan oleh Duta Besar Belgia pada 2018, kemudian mulai dibudidayakan di sejumlah daerah di Jawa Timur seperti Mojokerto, Situbondo, Bondowoso, hingga Jember. Ia menilai pengembangan Belgian Blue sejauh ini menunjukkan hasil yang positif dan dapat menjadi salah satu motor peningkatan produksi daging nasional. “Pengembangan Belgian Blue saya rasa relatif sudah sukses. Kalau petugas inseminasi buatan dan pengawas kebuntingan bisa dimaksimalkan, hitungan saya tiga tahun kita bisa swasembada daging,” lanjutnya. BBIB Singosari memiliki lima ekor pejantan sapi jenis Belgian Blue dan setiap bulannya mampu menghasilkan 1.000-2.000 dosis semen beku. Sedangkan, secara keseluruhan BBIB Singosari mengelola 165 sapi jantan unggul yang terdiri dari berbagai jenis. Tak hanya Belgian Blue, BBIB Singosari kini juga mulai mengembangkan bibit sapi Wagyu melalui produksi semen beku. Menurut Khofifah, peluang pengembangan Wagyu di Indonesia cukup menjanjikan karena tingginya permintaan pasar dalam negeri, terutama dari sektor hotel dan restoran. “Stok semen beku Wagyu di sini sudah cukup banyak. Tinggal bagaimana peternak memberikan perlakuan yang sesuai seperti yang dilakukan di Jepang,” katanya. Meski demikian, Khofifah mengakui kualitas Wagyu lokal saat ini masih belum menyamai produk impor. Ia menegaskan bahwa menghasilkan kualitas setara membutuhkan proses panjang dan perlakuan khusus terhadap ternak. Menurutnya, selain menggunakan bibit unggul, peternak juga harus menerapkan manajemen pemeliharaan yang baik, mulai dari kualitas pakan hingga perlakuan harian terhadap sapi karena hal tersebut sangat memengaruhi kualitas daging yang dihasilkan. “Wagyu itu proses perlakuannya luar biasa, bahkan harus dipijat dan pakannya juga khusus. Karena itu biaya produksinya juga tidak murah. Tetapi inisiasi yang dilakukan BBIB Singosari sejak sekitar lima tahun lalu ini patut diapresiasi,” ujarnya. Di akhir kunjungan, Khofifah mengajak pemerintah daerah di seluruh Indonesia untuk memanfaatkan fasilitas dan teknologi yang dimiliki BBIB Singosari guna mempercepat peningkatan populasi sekaligus kualitas ternak di daerah masing-masing. “Provinsi-provinsi lain saya rasa bisa memanfaatkan kehadiran BBIB Singosari. Kalau kita mulai sekarang dengan komitmen yang kuat, saya optimistis tiga tahun Indonesia bisa mewujudkan swasembada daging,” pungkasnya.(der)",https://malangvoice.com/andalkan-bbib-singosari-khofifah-optimistis-indonesia-swasembada-daging-dalam-tiga-tahun/,malang_voice,,"MALANGVOICE – Gubernur Jawa Timur, Khofifah Indar Parawansa, optimistis Indonesia mampu mewujudkan swasembada daging dalam kurun waktu tiga tahun ke depan. Optimisme tersebut disampaikannya...",Kabupaten Malang,3481,False,False,False,False
Yakuza Meneges Dampingi Santri Korban Dugaan Pelecehan Seksual di Kabupaten Malang,2026-06-14,2026-07-02T04:30:15.730984+00:00,deny,,"Yakuza Maneges mengendus adanya dugaan praktik pelecehan seksual di lingkungan pondok pesantren di Kabupaten Malang. Kasusnya kini sudah dilaporkan ke Polres Malang. Pimpinan Yakuza Meneges, Thuba Topo Broto Maneges atau akrab disapa dengan Gus Thuba datang bersama rombongan bersama terduga korban pada Sabtu (13/6) kemarin sore. Tim Hukum Yakuza Maneges, Muhammad Zaki, mengatakan, laporan ini dilayangkan karena ada permintaan keluarga korban. Usai laporan ke Satuan Reserse Perlindungan Perempuan dan Anak (Satres PPA) dan Satuan Reserse Perlindungan Pekerja dan Orang Rentan (Satres PPO) kasus ini langsung mendapat atensi. “Kami ke sini karena keluarga korban beberapa bulan lalu mengadukan berkaitan dengan hal yang patut diduga pelecehan seksual yang patut diduga dilakukan oknum kiai di wilayah Kabupaten Malang,” katanya. Zaki menjelaskan, para korban merupakan santri yang pernah maupun masih menempuh pendidikan di lembaga tersebut. “Korban ini rata-rata santri dan di bawah umur. Nah, kebetulan korban ini sudah ada beberapa yang sudah keluar, tidak lagi menjadi santri,” tuturnya. Berdasarkan pendataan sementara yang dilakukan tim pendamping, terdapat tiga hingga empat korban yang telah memberikan keterangan. Zaki menilai kasus ini perlu mendapatkan perhatian serius karena melibatkan anak-anak sebagai korban. Selain itu, dugaan tindakan tersebut disebut terjadi dalam relasi yang tidak seimbang antara pengasuh dan santri. Zaki menambahkan, para korban diduga mengalami kesulitan untuk mengungkapkan peristiwa yang dialami karena adanya hubungan kuasa antara pelaku dan korban. “Biasanya santri itu harus tunduk kepada kiai. Kemudian ada juga pemberian uang untuk korban agar tidak speak up,” bebernya. Terkait bentuk dugaan pelecehan yang dilaporkan, Zaki menyatakan terdapat beberapa keterangan korban mengenai tindakan fisik yang tidak pantas. Namun seluruh dugaan tersebut masih memerlukan proses penyelidikan dan pembuktian lebih lanjut oleh pihak berwenang. “Kami tetap mengedepankan asas praduga tak bersalah. Tapi kami tidak sembrono, tim kami tidak sembrono melaporkan seseorang,” pungkasnya.(der)",https://malangvoice.com/yakuza-meneges-dampingi-santri-korban-dugaan-pelecehan-seksual-di-kabupaten-malang/,malang_voice,,MALANGVOICE - Yakuza Maneges mengendus adanya dugaan praktik pelecehan seksual di lingkungan pondok pesantren di Kabupaten Malang. Kasusnya kini sudah dilaporkan ke Polres Malang....,Kabupaten Malang,2125,False,False,False,False
"UMM Bangun Pabrik Infus di Karangploso, Perkuat Kemandirian Kesehatan Nasional",2026-06-11,2026-07-02T04:30:15.950191+00:00,deny,,"Universitas Muhammadiyah Malang (UMM) kembali menunjukkan peran strategisnya dalam mendukung kemandirian kesehatan nasional. Kampus Putih resmi memulai pembangunan pabrik infus PT Suryavena Farma Indonesia di Jalan Raya Ngijo, Karangploso, Kabupaten Malang, Kamis (11/6). Pembangunan pabrik ditandai dengan peletakan batu pertama (groundbreaking) yang dihadiri sejumlah tokoh nasional dan daerah. Di antaranya Ketua Umum PP Muhammadiyah Prof. Dr. Haedar Nashir, M.Si., Wakil Menteri Pendidikan Tinggi, Sains, dan Teknologi RI yang juga Sekretaris BPH UMM, Direktur Utama BPJS Kesehatan, Wakil Bupati Malang, Direktur PT Suryavena Farma Indonesia, hingga Wakil Rektor II UMM Dr. Ahmad Juanda, Ak., M.M., C.A. Pabrik infus tersebut dibangun di atas kawasan aset lahan milik UMM seluas 14 hektare. Dari total lahan itu, sekitar tiga hektare disiapkan khusus sebagai kawasan industri terpadu. Targetnya, fasilitas produksi ini mulai beroperasi pada 2027 dan menjadi salah satu penopang penting rantai pasok alat kesehatan nasional, baik untuk jaringan rumah sakit Muhammadiyah maupun kebutuhan masyarakat secara luas. Ketua Umum PP Muhammadiyah, Haedar Nashir, menegaskan pembangunan pabrik infus ini merupakan wujud nyata konsep socio-religious corporation yang selama ini dikembangkan Muhammadiyah. Menurutnya, organisasi keagamaan tidak hanya berperan dalam bidang dakwah dan pendidikan, tetapi juga mampu membangun kemandirian ekonomi dan kesehatan melalui bisnis profesional yang berorientasi pada kemaslahatan publik. “Ini bukan untuk Muhammadiyah, ini untuk bangsa. Bisnis yang kami bangun bukan bisnis demi bisnis, tetapi bisnis yang manfaatnya kembali kepada kehidupan orang banyak,” tegas Haedar. Ia menambahkan, agama tidak hanya mengatur persoalan akidah dan ibadah, tetapi juga aspek muamalah yang berkaitan dengan kehidupan sosial dan ekonomi masyarakat. Karena itu, keterlibatan Muhammadiyah di sektor industri kesehatan dipandang sebagai bentuk pengabdian yang mengedepankan nilai kemanusiaan, akuntabilitas, dan keberlanjutan. Hasilnya diharapkan dapat menopang berbagai layanan pendidikan, kesehatan, hingga pemberdayaan masyarakat. Sementara itu, Wakil Rektor II UMM Ahmad Juanda menjelaskan kontribusi UMM dalam proyek ini tidak sebatas penyediaan lahan. Ke depan, kawasan tersebut akan dikembangkan sebagai ekosistem Laboratorium Direktorat Saintek UMM yang mengintegrasikan dunia industri dengan pelaksanaan tri dharma perguruan tinggi. Menurutnya, kawasan industri kesehatan ini akan menjadi ruang kolaborasi antara pendidikan, penelitian, inovasi, dan pengembangan sumber daya manusia. “Pembangunan ini merupakan bentuk sinergi antara perguruan tinggi dan dunia industri dalam menjawab kebutuhan strategis nasional. Selain mendukung layanan kesehatan, kawasan ini juga dirancang menjadi pusat kolaborasi yang mengintegrasikan inovasi, pendidikan, dan praktik industri sehingga mampu mencetak sumber daya manusia yang relevan dengan perkembangan sektor kesehatan,” ujarnya. Beroperasinya pabrik infus PT Suryavena Farma Indonesia pada 2027 mendatang diharapkan menjadi tonggak baru penguatan industri kesehatan berbasis nilai sosial di Indonesia. Kolaborasi antara Muhammadiyah, UMM, dan dunia industri ini sekaligus menjadi pesan bahwa kemandirian ekonomi, inovasi pendidikan, dan pelayanan publik yang inklusif dapat berjalan beriringan untuk mendukung pembangunan bangsa.(der)",https://malangvoice.com/umm-bangun-pabrik-infus-di-karangploso-perkuat-kemandirian-kesehatan-nasional/,malang_voice,,MALANGVOICE – Universitas Muhammadiyah Malang (UMM) kembali menunjukkan peran strategisnya dalam mendukung kemandirian kesehatan nasional. Kampus Putih resmi memulai pembangunan pabrik infus PT...,Kabupaten Malang,3398,False,False,False,False
"Arema FC Buka Suara, Tegaskan Keberatan Soal Pendaftaran Logo Singa",2026-06-07,2026-07-02T04:30:16.145057+00:00,deny,,"Manajemen Arema FC melayangkan keberatan atas pendaftaran logo bergambar singa yang menjadi perbincangan hangat kalangan Aremania. Arema FC akhirnya buka suara setelah sebelumnya menempuh jalur kekeluargaan dan menahan diri dalam waktu cukup lama. Langkah tersebut sekaligus menjadi babak baru dalam upaya Arema FC memperjuangkan legalitas logo Singa Bertindik agar memperoleh kepastian hukum sebagai bagian dari identitas resmi klub. General Manager Arema FC Muhammad Yusrinal Fitriandi menegaskan sikap diam yang selama ini diambil manajemen bukan berarti tidak bergerak. Sebaliknya, Arema FC sengaja memilih pendekatan yang terukur demi menjaga kondusivitas keluarga besar Aremania serta membuka ruang penyelesaian secara kekeluargaan. “Diam bukan berarti tidak bergerak. Selama ini kami memilih pendekatan yang terukur, menahan diri, tidak terpancing, dan memperhitungkan setiap langkah demi menjaga kondusivitas seluruh keluarga besar Aremania,” ujar Yusrinal dalam pernyataan resminya, Sabtu (6/6). Menurutnya, manajemen selama ini tetap membuka ruang komunikasi dengan berbagai pihak, termasuk yayasan dan pihak-pihak yang merasa memiliki keterkaitan dengan identitas Arema. Jalur kekeluargaan ditempatkan sebagai prioritas utama agar persoalan dapat diselesaikan tanpa menimbulkan kegaduhan yang lebih besar. Namun dalam perjalanannya, upaya tersebut dinilai tidak mendapatkan respons yang sejalan. Bahkan, manajemen melihat ada pihak yang justru memperkeruh suasana dan tidak menghargai proses penyelesaian yang tengah diupayakan. “Kami tetap menghormati seluruh pihak yang memiliki hubungan historis dengan Arema. Tetapi kami juga harus jujur bahwa tidak semua pihak memiliki niat yang sama untuk menjaga ketenangan dan menyelesaikan persoalan ini secara baik-baik. Ketika proses kekeluargaan tidak dihargai, maka kami memiliki tanggung jawab untuk mengambil langkah yang lebih tegas,” tambahnya. Di balik langkah tersebut, Arema FC juga menegaskan secara legitimasi hukum, hak atas nama, merek, logo, dan identitas Arema berada di bawah PT Arema Aremania Bersatu Berprestasi Indonesia (AABBI) sebagai badan hukum yang menaungi dan mengelola klub profesional Arema FC. Manajemen menyebut berbagai hak kekayaan intelektual yang berkaitan dengan identitas Arema telah memperoleh perlindungan hukum melalui pencatatan resmi di Direktorat Jenderal Kekayaan Intelektual (DJKI), khususnya untuk Kelas 41 (jasa hiburan dan olahraga), Kelas 25, dan Kelas 28. Karena itu, PT AABBI memiliki hak eksklusif untuk menggunakan, mengelola, dan melindungi identitas Arema sesuai ketentuan hukum yang berlaku. Direktur Legal PT AABBI, Adi Ismanto menjelaskan, bahwa perlindungan hukum terhadap merek tidak hanya berbicara mengenai bentuk visual sebuah logo, tetapi juga mencakup unsur nama, fonetik, hingga makna yang melekat pada identitas tersebut. “Perlindungan merek tidak hanya berbicara soal gambar atau desain. Ada unsur identitas, nama, dan persamaan pada pokoknya yang juga menjadi pertimbangan dalam hukum merek. Karena itu, setiap penggunaan atau pendaftaran yang memiliki keterkaitan dengan identitas Arema harus dilihat secara menyeluruh dan tidak hanya dari sisi visual semata,” jelasnya. Menurutnya, PT AABBI tetap menghormati seluruh pihak yang memiliki hubungan historis dengan Arema. Namun dalam konteks pengelolaan klub profesional dan perlindungan kekayaan intelektual, seluruh tindakan harus tetap berpedoman pada ketentuan hukum yang berlaku. “Kami menghormati sejarah dan kontribusi semua pihak terhadap Arema. Tetapi pada saat yang sama, kami juga memiliki kewajiban untuk menjaga dan melindungi hak-hak yang secara hukum melekat pada PT AABBI,” tegasnya. Pria yang akrab disapa Dimas ini menambahkan, langkah yang ditempuh Arema FC merupakan mekanisme yang telah diatur dalam peraturan perundang-undangan. Tujuannya bukan untuk memperpanjang polemik, melainkan memberikan kepastian hukum terhadap identitas Arema agar tidak menimbulkan multitafsir di tengah masyarakat, Aremania, maupun para mitra klub. Ia menegaskan langkah ini merupakan bagian dari upaya menjaga kepastian hukum serta mencegah potensi sengketa yang lebih luas di kemudian hari.(der)",https://malangvoice.com/arema-fc-buka-suara-tegaskan-keberatan-soal-pendaftaran-logo-singa/,malang_voice,,MALANGVOICE - Manajemen Arema FC melayangkan keberatan atas pendaftaran logo bergambar singa yang menjadi perbincangan hangat kalangan Aremania. Arema FC akhirnya buka suara...,Arema,4170,False,False,False,False
PT Bentoel Group Gandeng Baskomas Jaga Kualitas Air dan Keberlanjutan Lingkungan,2026-06-03,2026-07-02T04:30:17.485374+00:00,deny,,"Aksi Lestari untuk Revitalisasi Sungai (ALIR) digelar di Sungai Kalibodo, Desa Banjararum, Kecamatan Singosari, Kabupaten Malang. Aksi nyata menjaga kelestarian lingkungan ini digelar untuk menyambut momen Hari Lingkungan Hidup Sedunia 2026. Kegiatan tersebut diinisiasi PT Bentoel Group dengan menggandeng komunitas peduli lingkungan Bantuan Sosial Komunikasi Masyarakat (BASKOMAS) yang tergabung dalam Gerakan Kesadaran Alamku Hijau. Kolaborasi ini menjadi bagian dari upaya merespons tantangan pencemaran sungai serta meningkatnya tekanan terhadap sumber daya air di kawasan hulu Daerah Aliran Sungai (DAS) Brantas. Rangkaian kegiatan diawali dengan Apel Hijau yang dipimpin oleh Komandan Lanal Malang Kolonel Laut (P) Agus Haryanto dengan amanat apel “Komitmen kolaborasi bersama menuju program Indonesia ASRI”, Serta pembacaan Deklarasi Gerakan Kesadaran Alamku Hijau diikuti oleh semua peserta sebagai bagian dari kampanye lingkungan. “Ini adalah bentuk kegiatan yang berkelanjutan dalam menjaga lingkungan secara swadaya dengan membangun kesadaran kolaborasi lintas stakeholder,” ujar Ketum Baskomas Fitri Harianto atau dikenal dengan Cak Ndan. Regional Sustainability Manager PT Bentoel Group, Bisma Yoga Prawira, menekankan bahwa tantangan air saat ini merupakan tanggung jawab bersama lintas sektor. “Permasalahan seperti sampah dan pencemaran sungai merupakan shared water challenges yang tidak bisa diselesaikan oleh satu pihak saja. Dibutuhkan kolaborasi antara masyarakat, pemerintah, dan dunia usaha,” ujarnya. Ia menambahkan, kegiatan ALIR bukan sekadar aksi bersih sungai, tetapi merupakan langkah nyata dalam menjaga kualitas air dan keberlanjutan lingkungan. “Apa yang kita lakukan adalah upaya menjaga kualitas air serta memastikan sungai tetap memberikan manfaat bagi generasi sekarang dan mendatang,” jelasnya. Sebagai bagian dari komitmen perusahaan terhadap pengelolaan air berkelanjutan, PT Bentoel Group menegaskan pendekatan Alliance for Water Stewardship (AWS) sebagai landasan dalam setiap program lingkungan yang dijalankan. Dalam kegiatan tersebut, peserta secara langsung terlibat dalam aksi pembersihan sampah di aliran Sungai Kalibodo sebagai langkah konkret menjaga kualitas air dan ekosistem sungai. Permasalahan sampah dan pencemaran yang selama ini menjadi ancaman utama terhadap keberlanjutan sumber daya air menjadi fokus utama dalam kegiatan ini. Pada kesempatan ini tamu undangan juga menanam pohon secara simbolis. Kegiatan ini melibatkan partisipasi luas dari berbagai pemangku kepentingan dengan total sekitar 300 peserta. Dari unsur stakeholder pemerintahan dan lembaga terkait tercatat mewakili 15 instansi, di antaranya BP DAS Brantas Sampang, Forum DAS Brantas,UPT BLK Wonojati, BBWS Brantas, Perum Jasa Tirta I, CDK Malang (Kehutanan), DLH Kabupaten Malang, PU SDA, BPBD, Perhutani KPH Malang, PDAM Singosari, Kecamatan Singosari, serta Pemerintah Desa Banjararum. Dukungan juga datang dari unsur TNI dan Polri, komunitas penggiat lingkungan sebanyak 45 yang berasal dari 5 komunitas dan organisasi lingkungan, kelompok masyarakat sebanyak, serta perwakilan perusahaan yang beroperasi di wilayah Singosari terdiri dari 5 perusahaan. Kehadiran berbagai unsur tersebut menjadi cerminan kuatnya sinergi dan kepedulian bersama dalam menjaga kelestarian lingkungan serta keberlanjutan sumber daya air. Dari unsur aparat dan keamanan, kegiatan ini turut didukung oleh Polsek dan Koramil Singosari, Lanal Malang, Menarmed Kostrad, Lanud Abd. Saleh. Selain itu, keterlibatan aktif juga datang dari berbagai komunitas dan relawan lingkungan, seperti Kaliku, Pemuda Tani, serta mahasiswa Teknik Lingkungan UIN Malang. Unsur masyarakat lokal juga turut menjadi penggerak utama melalui BPD, PKK, Karang Taruna, kelompok tani, masyarakat adat Desa Banjararum, serta Sobat Lingkungan yang berperan langsung dalam menjaga keberlanjutan kawasan. Dari internal BAT Bentoel, kegiatan ini juga melibatkan berbagai fungsi strategis, di antaranya ESG Ambassador, Cora, serta tim Sustainability yang turut berkontribusi dalam pelaksanaan aksi lapangan. Turut hadir pula Factory Manager PT Bentoel, Veronica Barbash, sebagai bentuk dukungan manajemen terhadap implementasi program keberlanjutan perusahaan, khususnya dalam pengelolaan sumber daya air dan pelestarian lingkungan. Kegiatan ini sekaligus menunjukkan kuatnya semangat gotong royong sebagai fondasi dalam menciptakan dampak yang lebih luas dan berkelanjutan. Partisipasi aktif lintas sektor menjadi bukti meningkatnya kesadaran kolektif akan pentingnya menjaga sumber daya air. ALIR menjadi contoh nyata bahwa kolaborasi multipihak dapat diwujudkan melalui aksi sederhana namun berdampak langsung. Upaya ini diharapkan dapat terus berlanjut sebagai gerakan bersama dalam menjaga ekosistem sungai, khususnya di kawasan Singosari yang memiliki peran penting dalam sistem DAS Brantas. “Melalui kegiatan ini, PT Bentoel Group menegaskan bahwa menjaga sumber daya air bukan lagi sekadar komitmen, melainkan kebutuhan mendesak yang harus dilakukan bersama demi memastikan keberlanjutan lingkungan dan kehidupan di masa depan,” tandas Factory Manager PT Bentoel, Veronica Barbash.(der)",https://malangvoice.com/pt-bentoel-group-gandeng-baskomas-jaga-kualitas-air-dan-keberlanjutan-lingkungan/,malang_voice,,"MALANGVOICE– Aksi Lestari untuk Revitalisasi Sungai (ALIR) digelar di Sungai Kalibodo, Desa Banjararum, Kecamatan Singosari, Kabupaten Malang. Aksi nyata menjaga kelestarian lingkungan ini digelar...",Kabupaten Malang,5167,False,False,False,False
Pemuda Lintas Iman di Lawang Teguhkan Semangat Pancasila Lewat Jagongan Kebangsaan,2026-06-01,2026-07-02T04:30:18.774873+00:00,deny,,"Memperingati Hari Lahir Pancasila, para pemuda dan mahasiswa di Kecamatan Lawang menggelar kegiatan “Jagongan” bersama berbagai komunitas dan tokoh lintas iman di Lawang, Senin (1/6). Forum dialog tersebut menjadi ruang perjumpaan untuk memperkuat persaudaraan, toleransi, dan semangat kebangsaan di tengah keberagaman. Kegiatan ini bertujuan mengamalkan nilai-nilai Pancasila dalam kehidupan sehari-hari, khususnya dalam membangun relasi dengan berbagai kalangan yang berbeda keyakinan. Di tengah tantangan bangsa seperti polarisasi sosial, maraknya ujaran kebencian di ruang digital, hingga menguatnya sikap eksklusif dalam kehidupan bermasyarakat, peserta diajak kembali menemukan titik temu sebagai sesama anak bangsa. Acara diawali dengan penampilan musik keroncong “Swaraning Sukma” serta Tari Cunduk Mendur yang dibawakan oleh GKJW Lawang. Suasana kemudian semakin khidmat saat doa pembuka dipimpin oleh Bhante Jayamedo sebagai penanda dimulainya rangkaian kegiatan. Dialog kebangsaan menghadirkan dua narasumber, yakni Dr. Saifillah, M.HI dari Universitas Yudharta Pasuruan dan Hj. Aprilia Mega Rosdiana, M.Si dari Universitas Islam Negeri Malang. Kegiatan mengusung tema “Pemuda Pembawa Semangat Pancasila” dengan moderator Pdt. Gide Hendro Buono, M.Fil dari GKJW. Diskusi berlangsung hangat, terbuka, dan penuh semangat kebersamaan meskipun para peserta berasal dari latar belakang agama, organisasi, dan komunitas yang berbeda. Ketua panitia, Catur, menjelaskan bahwa kegiatan ini diinisiasi oleh rekan-rekan GKJW Lawang bersama PAC Ansor Kecamatan Lawang. Kegiatan tersebut juga mendapat dukungan dari berbagai elemen, di antaranya GKA Imanuel, Gereja Jago, GBI Viktory, dan komunitas Baha’i. Selain itu, hadir pula perwakilan dari MWCNU Lawang, Pemuda Muhammadiyah, Fatayat NU Lawang, IPNU, IPPNU, Arela, Padange Ati, Gusdurian Muda Malang, Sapta Dharma, Padepokan Dhamadipa Arama, hingga unsur Muspika Kecamatan Lawang. Dukungan penuh juga disampaikan Camat Lawang, Nur Soleh Hidayat, S.STP., M.M., yang hadir didampingi Kapolsek Lawang Kompol H.M. Lutfi, S.H., M.Si. serta perwakilan Koramil Lawang. “Kami selaku Muspika Kecamatan Lawang akan mendukung seluruh kegiatan positif di wilayah Lawang demi terjaganya kedamaian dan keamanan bersama,” ujar Nur Soleh. Salah satu momen yang paling dinantikan dalam kegiatan tersebut adalah pembacaan Ikrar Paseduluran, sebagai simbol komitmen bersama untuk merajut Paseduluran Tunggal Pertiwi di tengah keberagaman bangsa yang lahir dan tumbuh di bumi Nusantara. Sebagai penutup, para tokoh lintas agama memanjatkan doa bersama untuk bangsa dan negara. Doa dipimpin secara bergantian oleh Pdt. Sevi (GKJW), Suster Yustina (Katolik), Bertand Ade Prayoga (Baha’i), Bhante Jayamedo (Buddha), Muji Hariono (Sapta Dharma), dan Ustaz Adam (Islam). Dari Lawang, sebuah pesan sederhana namun kuat kembali diteguhkan: persaudaraan adalah kekuatan, keberagaman adalah anugerah, dan Pancasila merupakan jalan bersama untuk merawat Indonesia. Di tangan para pemuda yang berani merangkul perbedaan, harapan akan Indonesia yang damai, adil, dan bersatu terus menemukan jalannya.(der)",https://malangvoice.com/pemuda-lintas-iman-di-lawang-teguhkan-semangat-pancasila-lewat-jagongan-kebangsaan/,malang_voice,,"MALANGVOICE– Memperingati Hari Lahir Pancasila, para pemuda dan mahasiswa di Kecamatan Lawang menggelar kegiatan ""Jagongan"" bersama berbagai komunitas dan tokoh lintas iman di Lawang,...",Ekbis,3126,False,False,False,False
"BRI Malang Catat Transaksi QRIS Rp2,05 Triliun, Pengguna BRImo Tembus 3,3 Juta",2026-05-31,2026-07-02T04:30:19.181756+00:00,deny,,"PT Bank Rakyat Indonesia (Persero) Tbk atau BRI terus memperkuat transformasi digital dan memperluas inklusi keuangan melalui pengembangan layanan perbankan digital. Di wilayah kerja BRI Region 13 Malang, penggunaan QRIS BRI dan super apps BRImo menunjukkan pertumbuhan signifikan seiring meningkatnya kebutuhan masyarakat terhadap layanan transaksi yang cepat, mudah, dan aman. Hingga Mei 2026, jumlah merchant yang menggunakan QRIS BRI di wilayah kerja BRI Region 13 Malang telah mencapai 382 ribu merchant. Sepanjang Januari hingga Mei 2026, nilai transaksi yang tercatat melalui QRIS BRI mencapai Rp2,05 triliun. Capaian tersebut mencerminkan meningkatnya kepercayaan pelaku usaha terhadap solusi pembayaran digital yang disediakan BRI sekaligus memperkuat ekosistem transaksi non-tunai di berbagai sektor usaha. Di sisi lain, penggunaan BRImo juga terus mengalami pertumbuhan. Hingga April 2026, jumlah pengguna BRImo di wilayah kerja BRI Region 13 Malang mencapai 3,3 juta pengguna. Sementara itu, akumulasi nilai transaksi melalui BRImo selama Januari hingga Mei 2026 tercatat sebesar Rp156 miliar. Regional Funding & Retail Transaction Banking Head BRI Malang, Triyoga Agung Wibowo, mengatakan transformasi digital menjadi bagian penting dari strategi BRI dalam menghadirkan layanan yang semakin relevan dengan kebutuhan masyarakat. “BRI terus berkomitmen menghadirkan layanan digital yang mudah, aman, dan dapat diakses oleh seluruh lapisan masyarakat. Pertumbuhan penggunaan QRIS BRI dan BRImo menunjukkan bahwa masyarakat semakin adaptif terhadap transaksi digital yang memberikan kemudahan dalam aktivitas sehari-hari,” ujarnya. Melalui QRIS BRI, pelaku usaha dapat menerima pembayaran dari berbagai aplikasi pembayaran digital hanya dengan satu kode QR. Solusi ini dinilai mampu meningkatkan efisiensi transaksi sekaligus memudahkan merchant dalam melayani pelanggan. Sementara bagi masyarakat, QRIS BRI menghadirkan kemudahan bertransaksi secara cepat tanpa perlu membawa uang tunai. Adapun BRImo hadir sebagai super apps yang memungkinkan nasabah mengakses berbagai layanan keuangan dalam satu aplikasi. Fitur yang tersedia meliputi transfer dana, pembayaran tagihan, pembelian pulsa dan paket data, pembayaran menggunakan QRIS, top up dompet digital, hingga berbagai kebutuhan finansial lainnya yang dapat diakses kapan saja dan di mana saja. Selain memperluas pemanfaatan layanan digital, BRI Region 13 Malang juga terus mengedukasi masyarakat mengenai pentingnya keamanan dalam bertransaksi digital. Nasabah diimbau untuk menjaga kerahasiaan data pribadi dan data perbankan, termasuk PIN, password, serta kode OTP, agar tidak disalahgunakan oleh pihak yang tidak bertanggung jawab. “Kemudahan layanan digital harus diimbangi dengan kesadaran akan keamanan bertransaksi. Karena itu, BRI secara konsisten mengedukasi masyarakat untuk selalu berhati-hati terhadap berbagai modus kejahatan digital yang mengatasnamakan perbankan. Kami mengajak nasabah untuk hanya mengakses layanan melalui kanal resmi BRI dan menjaga kerahasiaan data perbankan,” kata Triyoga. Ke depan, BRI akan terus memperluas pemanfaatan layanan digital melalui QRIS BRI dan BRImo guna mendukung aktivitas ekonomi masyarakat serta memperkuat ekosistem transaksi non-tunai. “Kami berharap pemanfaatan layanan digital BRI dapat terus meningkat sehingga mampu memberikan manfaat yang lebih luas bagi masyarakat, pelaku usaha, dan perekonomian daerah. BRI akan terus berinovasi menghadirkan layanan yang relevan dengan kebutuhan masyarakat yang semakin digital,” tutupnya.(der)",https://malangvoice.com/bri-malang-catat-transaksi-qris-rp205-triliun-pengguna-brimo-tembus-33-juta/,malang_voice,,MALANGVOICE – PT Bank Rakyat Indonesia (Persero) Tbk atau BRI terus memperkuat transformasi digital dan memperluas inklusi keuangan melalui pengembangan layanan perbankan digital....,Ekbis,3558,False,False,False,False
UMKM Desa Genengan Dapat Suntikan Bantuan CSR dari BRI Region 13 Malang,2026-05-29,2026-07-02T04:30:20.609519+00:00,deny,,"BRI Region 13 Malang kembali menunjukkan komitmennya dalam mendukung pemberdayaan ekonomi masyarakat melalui program Corporate Social Responsibility (CSR). Kali ini, bantuan diberikan kepada Kelompok Usaha Bersama (KUBE) Garda Pandawa di Desa Genengan, Kabupaten Malang. Bantuan yang disalurkan berupa sarana dan prasarana untuk pengembangan usaha konveksi dengan total nilai mencapai Rp86,75 juta. Peralatan tersebut meliputi tiga unit mesin jahit, satu mesin obras, dua mesin potong kain, satu mesin potong bias, serta satu mesin jahit lubang kancing. Saat ini, KUBE Garda Pandawa memiliki sekitar 15 anggota aktif yang menjalankan usaha konveksi sekaligus pemberdayaan ekonomi masyarakat di Desa Genengan. Regional Micro Business Head BRI Region 13 Malang, Tito Witarnawan mengatakan bantuan tersebut menjadi bentuk nyata dukungan BRI terhadap pengembangan pelaku UMKM agar semakin produktif dan mampu bersaing. “BRI terus berkomitmen mendukung pengembangan usaha masyarakat, termasuk kelompok usaha produktif seperti KUBE Garda Pandawa. Kami berharap bantuan peralatan ini dapat meningkatkan kapasitas produksi, kualitas usaha, serta membuka peluang ekonomi yang lebih luas bagi masyarakat Desa Genengan,” ujar Tito. Ia menambahkan, ke depan BRI berharap usaha tersebut dapat terus berkembang, menciptakan lapangan kerja baru, dan tumbuh menjadi UMKM mandiri yang berdaya saing. Ketua KUBE Garda Pandawa, Muslimin Aji Santoso menyampaikan apresiasi atas perhatian dan dukungan yang diberikan BRI kepada kelompok usahanya. “Kami mengucapkan terima kasih kepada BRI Region 13 Malang atas bantuan yang diberikan. Bantuan ini sangat bermanfaat untuk mendukung pengembangan usaha kami agar lebih maju dan mampu meningkatkan kesejahteraan anggota kelompok,” ungkapnya. Menurut Muslimin, dukungan tersebut diharapkan mampu mempercepat perkembangan usaha KUBE Garda Pandawa sekaligus memberikan manfaat lebih luas bagi masyarakat sekitar. Sementara itu, Sekretaris Desa Genengan, Kabupaten Malang, Andoko turut mengapresiasi kontribusi BRI dalam mendukung pemberdayaan masyarakat desa melalui penguatan sektor usaha produktif. Melalui program CSR ini, BRI berharap dapat terus memberikan dampak positif dan berkelanjutan bagi masyarakat, khususnya dalam mendorong pertumbuhan UMKM sebagai salah satu penggerak perekonomian nasional.(der)",https://malangvoice.com/umkm-desa-genengan-dapat-suntikan-bantuan-csr-dari-bri-region-13-malang/,malang_voice,,"MALANGVOICE - BRI Region 13 Malang kembali menunjukkan komitmennya dalam mendukung pemberdayaan ekonomi masyarakat melalui program Corporate Social Responsibility (CSR). Kali ini, bantuan diberikan...",Ekbis,2333,False,False,False,False
MPM Honda Jatim Ajak Mahasiswa Jadi Agen Perubahan Lewat Astra Honda SDGs Future Leaders 2026,2026-05-29,2026-07-02T04:30:21.996518+00:00,deny,,"Astra Honda Motor kembali membuka program Astra Honda SDGs Future Leaders 2026 sebagai wadah pengembangan generasi muda untuk menciptakan solusi berkelanjutan berbasis Sustainable Development Goals (SDGs). Melalui program bertema “Synergy For Sustainable Impact”, PT Mitra Pinasthika Mulia (MPM Honda Jatim) selaku distributor sepeda motor Honda wilayah Jawa Timur dan Nusa Tenggara Timur (NTT) mengajak mahasiswa di kedua wilayah tersebut untuk berpartisipasi menjadi future leaders yang mampu menghadirkan dampak sosial nyata bagi masyarakat. Program ini dirancang sebagai ruang bagi generasi muda untuk mengembangkan ide kreatif sekaligus mengimplementasikan solusi nyata di berbagai bidang, mulai dari lingkungan, pendidikan, kesehatan, ekonomi, hingga pemberdayaan masyarakat secara berkelanjutan. Rangkaian kegiatan Astra Honda SDGs Future Leaders 2026 dimulai dari proses registrasi dan pengumpulan proposal, seleksi administrasi, presentasi ide proyek, implementasi program, hingga penilaian proyek terbaik. Penilaian dilakukan berdasarkan dampak sosial yang dihasilkan, keberlanjutan program, inovasi, serta keterlibatan peserta di tengah masyarakat. Sebagai bentuk dukungan terhadap para peserta, program ini juga menyediakan pendanaan implementasi proyek terbaik dengan total apresiasi mencapai Rp155 juta. Selain itu, peserta akan mendapatkan pendampingan langsung dari mentor profesional untuk membantu pengembangan program yang dijalankan. Pada penyelenggaraan sebelumnya, program ini telah melahirkan berbagai karya mahasiswa yang memberikan dampak positif bagi masyarakat. Salah satunya datang dari tim Universitas PGRI Madiun melalui program pemberdayaan petani madu di Dusun Maron, Madiun. Program tersebut menghadirkan inovasi berupa penanaman bunga sebagai pakan lebah, pemanfaatan teknologi Internet of Things (IoT), hingga pengembangan alat pemanen madu modern. Inovasi tersebut tidak hanya membantu puluhan petani Lebah Klanceng meningkatkan produktivitas, tetapi juga membuka peluang wisata edukasi berbasis pemberdayaan lebah. “Melalui Astra Honda SDGs Future Leaders 2026, kami ingin mengajak seluruh mahasiswa di Jawa Timur dan NTT untuk berani mengambil peran sebagai generasi muda yang membawa perubahan positif bagi masyarakat. Sejalan dengan semangat Sinergi Bagi Negeri, kami percaya mahasiswa memiliki ide kreatif, semangat kolaborasi, serta kepedulian sosial yang besar untuk menghadirkan solusi yang inovatif dan berkelanjutan terhadap berbagai isu sosial di sekitarnya,” ujar Vinensia Kenanga, Corporate Secretary Head MPM Honda Jatim. Program ini juga menjadi bagian dari semangat Sinergi Bagi Negeri dalam mendukung lahirnya generasi muda yang tidak hanya unggul secara akademis, tetapi juga memiliki kepedulian sosial dan kemampuan menciptakan solusi yang terukur, berdampak, serta berkelanjutan. Pendaftaran dan upload proposal Astra Honda SDGs Future Leaders 2026 dapat dilakukan melalui tautan https://bit.ly/Registrasi-SFL2026. Sementara panduan lengkap program dapat diunduh melalui https://bit.ly/Panduan-SFL2026. Pengumpulan proposal dibuka hingga 15 Juni 2026 pukul 23.59 WIB. Melalui program ini, generasi muda Jawa Timur dan NTT diharapkan dapat memanfaatkan kesempatan untuk mulai berkarya, berkolaborasi, dan menjadi bagian dari perubahan positif bagi Indonesia.(der)",https://malangvoice.com/mpm-honda-jatim-ajak-mahasiswa-jadi-agen-perubahan-lewat-astra-honda-sdgs-future-leaders-2026/,malang_voice,,MALANGVOICE – Astra Honda Motor kembali membuka program Astra Honda SDGs Future Leaders 2026 sebagai wadah pengembangan generasi muda untuk menciptakan solusi berkelanjutan...,Ekbis,3318,False,False,False,False
