title,url
"SPMB Jatim Tahap II 2026 Dibuka: Cek Jadwal, Syarat, dan Cara Daftarnya",https://malangtimes.com/baca/3331345536/20260617/121500/spmb-jatim-tahap-ii-2026-dibuka-cek-jadwal-syarat-dan-cara-daftarnya
"Kabar Baik! Pendaftaran Offline SPMB Situbondo Dibuka Jika Kuota Sekolah Masih Tersedia, Berikut Penjelasan Dispendikbud",https://malangtimes.com/baca/3331345532/20260617/110800/kabar-baik-pendaftaran-offline-spmb-situbondo-dibuka-jika-kuota-sekolah-masih-tersedia-berikut-penjelasan-dispendikbud
"Waspada Helikopter Parenting, Saat Kasih Sayang Orang Tua Justru Terlalu Mengikat",https://malangtimes.com/baca/3331345525/20260617/070300/waspada-helikopter-parenting-saat-kasih-sayang-orang-tua-justru-terlalu-mengikat
"Magang Nasional Kemnaker 2026 Angkatan 2 Segera Dibuka, Siapkan Kuota 150 Ribu Peserta dan Beragam Fasilitas Menarik",https://malangtimes.com/baca/3331345505/20260616/052900/magang-nasional-kemnaker-2026-angkatan-2-segera-dibuka-siapkan-kuota-150-ribu-peserta-dan-beragam-fasilitas-menarik
"Perkuat Jejaring Eropa, Unisma Bidik Kolaborasi Riset dan Mobilitas Internasional dengan Kampus Terbesar di Austria",https://malangtimes.com/baca/3331345504/20260616/051500/perkuat-jejaring-eropa-unisma-bidik-kolaborasi-riset-dan-mobilitas-internasional-dengan-kampus-terbesar-di-austria
"Lawan Budaya Konsumtif Gawai, MTsN 2 Kota Malang Dorong Siswa Menjadi Peneliti Muda",https://malangtimes.com/baca/3331345496/20260616/035300/lawan-budaya-konsumtif-gawai-mtsn-2-kota-malang-dorong-siswa-menjadi-peneliti-muda
"SPMB Jenjang SMP di Kota Batu Buka 647 Kursi Jalur Domisili, Disdik Antisipasi Koordinat Palsu",https://malangtimes.com/baca/3331345494/20260616/032800/spmb-jenjang-smp-di-kota-batu-buka-647-kursi-jalur-domisili-disdik-antisipasi-koordinat-palsu
"Mengenang Heroisme Shahabiyah, Garda Kemanusiaan dan Pertahanan Umat",https://malangtimes.com/baca/3331345482/20260616/105100/mengenang-heroisme-shahabiyah-garda-kemanusiaan-dan-pertahanan-umat
"MIN 1 Kota Malang Catat 1.924 Prestasi dalam Setahun, Kepala Madrasah Apresiasi Perjuangan Siswa dan Orang Tua",https://malangtimes.com/baca/3331345457/20260615/061700/min-1-kota-malang-catat-1-924-prestasi-dalam-setahun-kepala-madrasah-apresiasi-perjuangan-siswa-dan-orang-tua
"Pisah Kenang MIN 1 Kota Malang, Lulusan Diajak Menggapai Cita-cita Tanpa Meninggalkan Al-Qur'an",https://malangtimes.com/baca/3331345453/20260615/044900/pisah-kenang-min-1-kota-malang-lulusan-diajak-menggapai-cita-cita-tanpa-meninggalkan-al-quran
"Unisma Perluas Kolaborasi Global, Jajaki Riset Bersama dan Mobilitas Akademik dengan King's College London",https://malangtimes.com/baca/3331345440/20260615/035900/unisma-perluas-kolaborasi-global-jajaki-riset-bersama-dan-mobilitas-akademik-dengan-kings-college-london
"Dugaan Jual Buku LKS Sekolah Dasar di Lamongan, Wali Murid: Sekolah Gratis itu Bohong",https://malangtimes.com/baca/3331345421/20260615/114000/dugaan-jual-buku-lks-sekolah-dasar-di-lamongan-wali-murid-sekolah-gratis-itu-bohong
"ORSC Malaysia Dalami Strategi Menembus Scopus di UIN Maliki Malang, Tata Kelola Jurnal Jadi Sorotan",https://malangtimes.com/baca/3331345398/20260614/060000/orsc-malaysia-dalami-strategi-menembus-scopus-di-uin-maliki-malang-tata-kelola-jurnal-jadi-sorotan
"Dihadiri Juri Internasional, Olimpiade dan English Story Telling Gelaran Polres Situbondo Diikuti Ratusan Pelajar",https://malangtimes.com/baca/3331345377/20260614/120200/dihadiri-juri-internasional-olimpiade-dan-english-story-telling-gelaran-polres-situbondo-diikuti-ratusan-pelajar
"Kampus di Malang Ubah Mindset Warga, Tutup Botol Disulap Bernilai Ekonomi Tinggi dan Kurangi Sampah Plastik",https://malangtimes.com/baca/3331345371/20260614/110100/kampus-di-malang-ubah-mindset-warga-tutup-botol-disulap-bernilai-ekonomi-tinggi-dan-kurangi-sampah-plastik
"Unisma Gandeng Kampus dan Industri Belanda, Bangun Ekosistem Riset untuk Sustainable Green Campus",https://malangtimes.com/baca/3331345354/20260613/060500/unisma-gandeng-kampus-dan-industri-belanda-bangun-ekosistem-riset-untuk-sustainable-green-campus
"SPMB SMP Surabaya 2026 Tahap Validasi Data, Dispendik Sebut Proses Seleksi Transparan",https://malangtimes.com/baca/3331345349/20260613/053500/spmb-smp-surabaya-2026-tahap-validasi-data-dispendik-sebut-proses-seleksi-transparan
"Beasiswa Bawaslu 2026 Dibuka, PNS Berkesempatan Kuliah Gratis S1 hingga S3 di Universitas Indonesia",https://malangtimes.com/baca/3331345346/20260613/051600/beasiswa-bawaslu-2026-dibuka-pns-berkesempatan-kuliah-gratis-s1-hingga-s3-di-universitas-indonesia
"Prosesi Kelulusan Bertabur Prestasi, Wali Kota Nurochman Tekankan Karakter Unggul Lulusan MAN Kota Batu",https://malangtimes.com/baca/3331345341/20260613/042800/prosesi-kelulusan-bertabur-prestasi-wali-kota-nurochman-tekankan-karakter-unggul-lulusan-man-kota-batu
"8 Fakultas Unair dengan Gaji Alumni Tertinggi, Teknologi hingga Hukum Punya Prospek Menjanjikan",https://malangtimes.com/baca/3331345334/20260613/015900/8-fakultas-unair-dengan-gaji-alumni-tertinggi-teknologi-hingga-hukum-punya-prospek-menjanjikan
"Ma'had Nawaina MTsN 2 Kota Malang Wisuda 31 Santri, Peminat Baru Melonjak hingga 73 Siswa",https://malangtimes.com/baca/3331345330/20260613/014600/mahad-nawaina-mtsn-2-kota-malang-wisuda-31-santri-peminat-baru-melonjak-hingga-73-siswa
"Proyek Tak Berizin di Pesisir Pecaron Diduga Rusak Mangrove, DPRD Situbondo Minta Proyek Dihentikan",https://malangtimes.com/baca/3331345446/20260615/041300/proyek-tak-berizin-di-pesisir-pecaron-diduga-rusak-mangrove-dprd-situbondo-minta-proyek-dihentikan
"9 Mitos Malam 1 Suro yang Masih Dipercaya Masyarakat Jawa, Benarkah Membawa Kesialan?",https://malangtimes.com/baca/3331345442/20260615/040300/9-mitos-malam-1-suro-yang-masih-dipercaya-masyarakat-jawa-benarkah-membawa-kesialan
Podcast NGODE DPRD Jatim: Benjamin Kupas Potensi dan PR Besar SMK,https://malangtimes.com/baca/3331345424/20260615/121000/podcast-ngode-dprd-jatim-benjamin-kupas-potensi-dan-pr-besar-smk
"Surabaya Bergerak! Demo Besar di Grahadi Hari Ini Tuntut Hentikan MBG, Cabut UU Polri, UU TNI dan Turunkan Harga BBM",https://malangtimes.com/baca/3331345418/20260615/101500/surabaya-bergerak-demo-besar-di-grahadi-hari-ini-tuntut-hentikan-mbg-cabut-uu-polri-uu-tni-dan-turunkan-harga-bbm
"Naik Puncak Candi Dadi, PNS di Tulungagung Pulang Tinggal Nama",https://malangtimes.com/baca/3331345410/20260614/074700/naik-puncak-candi-dadi-pns-di-tulungagung-pulang-tinggal-nama
Pelecehan Seksual Oknum Pengasuh Ponpes Terhadap Santriwati Diduga Berlangsung Puluhan Tahun,https://malangtimes.com/baca/3331345390/20260614/033100/pelecehan-seksual-oknum-pengasuh-ponpes-terhadap-santriwati-diduga-berlangsung-puluhan-tahun
"Yakuza Maneges Segel 3 Ponpes Usai Pengasuh Diduga Lecehkan Santriwati di Malang, Sempat Hendak Dibakar Warga",https://malangtimes.com/baca/3331345382/20260614/123500/yakuza-maneges-segel-3-ponpes-usai-pengasuh-diduga-lecehkan-santriwati-di-malang-sempat-hendak-dibakar-warga
