title,url,published_date
"Catat, Jadwal Jalur Prestasi Non-Akademik SPMB SMP Negeri di Kota Malang Bakal Dimulai 29 Juni ",https://radarmalang.jawapos.com/pendidikan/2606170016/catat-jadwal-jalur-prestasi-non-akademik-spmb-smp-negeri-di-kota-malang-bakal-dimulai-29-juni,2026-06-17 15:05:22
  SD dan TK di Kota Malang Buka SPMB Offline untuk Penuhi Pagu,https://radarmalang.jawapos.com/pendidikan/2606170025/sd-dan-tk-di-kota-malang-buka-spmb-offline-untuk-penuhi-pagu,2026-06-17 14:23:05
"Opsi Daftar di Jalur Afirmasi SMP Negeri Ditambah, Warga Desil 5 Bisa Mengakses dengan Syarat Tambahan",https://radarmalang.jawapos.com/pendidikan/2606170014/opsi-daftar-di-jalur-afirmasi-smp-negeri-ditambah-warga-desil-5-bisa-mengakses-dengan-syarat-tambahan,2026-06-17 14:02:58
"Gandeng Kemenag, Jawa Pos Radar Malang Gelar Diklat Jurnalistik untuk LAZ Se-Malang Raya",https://radarmalang.jawapos.com/pendidikan/2606170032/gandeng-kemenag-jawa-pos-radar-malang-gelar-diklat-jurnalistik-untuk-laz-se-malang-raya,2026-06-17 09:42:33
"Segera Daftar, Diklat Jurnalistik untuk Guru SMP/MTs se-Kabupaten Malang Digelar Sepekan Lagi",https://radarmalang.jawapos.com/pendidikan/2606170031/segera-daftar-diklat-jurnalistik-untuk-guru-smpmts-se-kabupaten-malang-digelar-sepekan-lagi,2026-06-17 09:30:22
"Jurusan Sepi Peminat, Prospeknya Justru Menjanjikan di Dunia Kerja",https://radarmalang.jawapos.com/pendidikan/2606160006/jurusan-sepi-peminat-prospeknya-justru-menjanjikan-di-dunia-kerja,2026-06-16 20:00:48
"Tiga Guru Besar Baru UNMER Malang Hadirkan Solusi untuk Pembangunan Berkelanjutan, dari Pariwisata Budaya hingga Kecerdasan Buatan",https://radarmalang.jawapos.com/pendidikan/2606160034/tiga-guru-besar-baru-unmer-malang-hadirkan-solusi-untuk-pembangunan-berkelanjutan-dari-pariwisata-budaya-hingga-kecerdasan-buatan,2026-06-16 10:19:11
"Sekolah Rakyat Srigonco Hampir Rampung, Progres Pembangunan Tembus 80 Persen",https://radarmalang.jawapos.com/pendidikan/2606150010/sekolah-rakyat-srigonco-hampir-rampung-progres-pembangunan-tembus-80-persen,2026-06-15 16:27:10
Ini Penyebab Puluhan SD Negeri di Kota Malang Tak Bisa Penuhi Pagu,https://radarmalang.jawapos.com/pendidikan/2606150030/ini-penyebab-puluhan-sd-negeri-di-kota-malang-tak-bisa-penuhi-pagu,2026-06-15 12:14:17
FKH UB Wujudkan Desa Tangguh Kesehatan Hewan melalui Program Pengabdian Masyarakat Terpadu “SEHATI” di Desa Gadingkulon,https://radarmalang.jawapos.com/pendidikan/2606150029/fkh-ub-wujudkan-desa-tangguh-kesehatan-hewan-melalui-program-pengabdian-masyarakat-terpadu-sehati-di-desa-gadingkulon,2026-06-15 12:07:27
UNISMA Teken MoU dengan Austrian Institute for Family Studies dan University of Vienna,https://radarmalang.jawapos.com/pendidikan/2606150028/unisma-teken-mou-dengan-austrian-institute-for-family-studies-dan-university-of-vienna,2026-06-15 11:59:17
"Tak Hanya Jadi Guru, Lulusan Jurusan Pendidikan Punya Peluang Karier Beragam",https://radarmalang.jawapos.com/pendidikan/2606150006/tak-hanya-jadi-guru-lulusan-jurusan-pendidikan-punya-peluang-karier-beragam,2026-06-15 10:00:16
"Menggebrak! SMPN 4 Kota Malang Launching 55 Buku, Milik Kasek Berjudul Merancang Sekolah Kepemimpinan",https://radarmalang.jawapos.com/pendidikan/2606150025/menggebrak-smpn-4-kota-malang-launching-55-buku-milik-kasek-berjudul-merancang-sekolah-kepemimpinan,2026-06-15 06:28:43
XLSMART Tingkatkan Literasi Digital Generasi Muda Kota Batu melalui AXIS School Fest-Workshop X Jawa Pos Radar Malang,https://radarmalang.jawapos.com/pendidikan/2606140038/xlsmart-tingkatkan-literasi-digital-generasi-muda-kota-batu-melalui-axis-school-fest-workshop-x-jawa-pos-radar-malang,2026-06-14 19:29:47
Wisudawan Terbaik UB Berinovasi dengan Pangan dan Teknologi Komputer,https://radarmalang.jawapos.com/pendidikan/2606140037/wisudawan-terbaik-ub-berinovasi-dengan-pangan-dan-teknologi-komputer,2026-06-14 19:24:40
"Tiap Rombel Siswa Sekolah Rakyat Srigonco Malang Bertambah, Ini Detailnya",https://radarmalang.jawapos.com/pendidikan/2606140029/tiap-rombel-siswa-sekolah-rakyat-srigonco-malang-bertambah-ini-detailnya,2026-06-14 15:23:46
FILKOM UB Raih Penghargaan The Sustainable Development Goals Award UB 2026,https://radarmalang.jawapos.com/pendidikan/2606140024/filkom-ub-raih-penghargaan-the-sustainable-development-goals-award-ub-2026,2026-06-14 12:54:40
"Tampung 2.003 Pelajar dari Jalur Domisili, SPMB SMA/SMK Negeri di Malang Sisakan Kuota Segini",https://radarmalang.jawapos.com/pendidikan/2606140022/tampung-2003-pelajar-dari-jalur-domisili-spmb-smasmk-negeri-di-malang-sisakan-kuota-segini,2026-06-14 11:10:31
Masih Tersedia 5.000 Kuota di 75 SMP Swasta di Kota Malang,https://radarmalang.jawapos.com/pendidikan/2606140021/masih-tersedia-5000-kuota-di-75-smp-swasta-di-kota-malang,2026-06-14 11:01:32
Ingin Mengajar di Sekolah Islam? Jurusan PGMI Bisa Jadi Pilihan,https://radarmalang.jawapos.com/pendidikan/2606130016/ingin-mengajar-di-sekolah-islam-jurusan-pgmi-bisa-jadi-pilihan,2026-06-13 10:00:26
SMK Swasta di Kota Malang Optimistis Bisa Penuhi Pagu SPMB 2026,https://radarmalang.jawapos.com/pendidikan/2606130027/smk-swasta-di-kota-malang-optimistis-bisa-penuhi-pagu-spmb-2026,2026-06-13 08:41:58
Wali Murid Keluhkan Urutan Jalur SPMB SMK Negeri di Kota Malang,https://radarmalang.jawapos.com/pendidikan/2606130026/wali-murid-keluhkan-urutan-jalur-spmb-smk-negeri-di-kota-malang,2026-06-13 08:31:50
"Kuota SPMB di SMP Negeri Kota Malang Tersisa 4.421 Kursi, Ini Rincian Jalurnya",https://radarmalang.jawapos.com/pendidikan/2606130023/kuota-spmb-di-smp-negeri-kota-malang-tersisa-4421-kursi-ini-rincian-jalurnya,2026-06-13 07:56:14
"Wali Murid Protes, Jalur Domisili SMA Negeri Dinilai Lebih Mirip Jalur Prestasi",https://radarmalang.jawapos.com/pendidikan/2606120059/wali-murid-protes-jalur-domisili-sma-negeri-dinilai-lebih-mirip-jalur-prestasi,2026-06-12 19:35:00
"Kuota Terbatas, 7.230 Pendaftar SPMB Jalur Domisili SD-SMP di Kota Malang Bakal Gugur",https://radarmalang.jawapos.com/pendidikan/2606120011/kuota-terbatas-7230-pendaftar-spmb-jalur-domisili-sd-smp-di-kota-malang-bakal-gugur,2026-06-12 18:01:53
"Hari Pertama SPMB SMA/SMK, Warga Keluhkan Nilai TKA Tak Muncul di Website ",https://radarmalang.jawapos.com/pendidikan/2606120009/hari-pertama-spmb-smasmk-warga-keluhkan-nilai-tka-tak-muncul-di-website,2026-06-12 16:06:11
"Cek Revitalisasi, Direktur Jenderal Pendidikan Menengah dan Pendidikan Khusus Berkunjung ke SMKN 12 Malang ",https://radarmalang.jawapos.com/pendidikan/2606120046/cek-revitalisasi-direktur-jenderal-pendidikan-menengah-dan-pendidikan-khusus-berkunjung-ke-smkn-12-malang,2026-06-12 15:07:25
150 Siswa SDIT Insantama Malang Belajar Mitigasi Bencana Alam,https://radarmalang.jawapos.com/pendidikan/2606120044/150-siswa-sdit-insantama-malang-belajar-mitigasi-bencana-alam,2026-06-12 14:49:55
7.230 Pendaftar Jalur Domisili SDSMP Bakal Gugur,https://radarmalang.jawapos.com/pendidikan/2606120040/7230-pendaftar-jalur-domisili-sdsmp-bakal-gugur,2026-06-12 14:35:53
Keluhkan Nilai TKA Tak Muncul di Website SPMB,https://radarmalang.jawapos.com/pendidikan/2606120034/keluhkan-nilai-tka-tak-muncul-di-website-spmb,2026-06-12 13:52:08
