title,content,author,editor,published_date,category,image_url,url,source
"Catat, Jadwal Jalur Prestasi Non-Akademik SPMB SMP Negeri di Kota Malang Bakal Dimulai 29 Juni ","MALANG KOTA, RADAR MALANG - Sesuai jadwal, pendaftaran jalur afirmasi dan mutasi SMP negeri bakal ditutup pada hari ini (17/6). Selanjutnya ada jalur prestasi akademik yang pendaftarannya dibuka pada 22 sampai 24 Juni. Yang terakhir ada jalur prestasi non-akademik yang pendaftarannya dibuka pada 6 sampai 7 Juli mendatang.
Khusus jalur yang terakhir itu, rangkaiannya dimulai pada 29 sampai 30 Juni berupa penyerahan fotokopi sertifikat lomba. Berlanjut dengan verifikasi oleh Disdikbud pada 29 Juni sampai 2 Juli nanti. Sebelum mendaftar secara online, pendaftar harus mengambil hasil verifikasi. Jadwalnya dibuka sehari saja, pada 3 Juli nanti.
Saat ini, SMP-SMP negeri di Kota Malang masih fokus pada seleksi di jalur afirmasi dan mutasi. Seperti dilakukan SMP Negeri 23 Kota Malang. Di jalur afirmasi, mereka membuka kuota untuk 56 murid.
Terdiri dari afirmasi disabilitas sejumlah 11 murid dan 45 murid afirmasi keluarga prasejahtera. Kemudian jalur mutasi dibuka kuota untuk 11 murid. Terdiri dari mutasi kerja orang tua dengan jumlah 7 murid, dan 4 murid mutasi anak tenaga kependidikan (PTK).
”Sejauh ini proses pendaftarannya berlangsung lancar,” kata Guru BK SMPN 23 Kota Malang Diah Puspitasari. Menurut dia, yang bisa lolos mengikuti dua jalur tersebut adalah mereka yang memiliki bukti surat mutasi.
Bukti surat mutasi yang diserahkan dari instansi seperti TNI, Polri, dan guru atau PTK. ”
Alhamdulillah
tidak ada orang tua yang sampai memaksa mendaftar jika bukan dari instansi-instansi yang sesuai syarat,” tegas Diah.
Senada dengan Diah, Kepala SMP Negeri 3 Kota Malang Teguh Edy Purwanta menyatakan bahwa yang mendaftar di jalur mutasi dan afirmasi tidak bisa sembarangan. ”Karena hanya diperuntukkan bagi anak-anak yang orang tuanya dari anggota TNI, Polri, BUMN, atau ASN,” tuturnya.
Teguh menyebut kuota jalur afirmasi yang dibuka di tempatnya untuk 72 murid. Meliputi afirmasi ABK sebanyak 14 murid dan afirmasi keluarga prasejahtera sebanyak 58 murid. Kemudian untuk jalur mutasi sebanyak 14 murid. Meliputi 6 murid mutasi anak PTK dan 8 murid mutasi kerja orang tua.
Teguh sendiri juga menjadi Plt Kepala SMP Negeri 24 Kota Malang. Di sana, jalur afirmasi membuka kuota untuk 56 murid. Sementara jalur mutasi dibuka kuota untuk 11 murid.
(mel/by)",Nabila Amelia,Bayu Mulya Putra,2026-06-17 15:05:22,Pendidikan,https://cdn-jpr.jawapos.com/images/15/2026/06/06/verifikasi-beberapa-wali-murid-melakukan-update-data-secara-manual-di-posko-spmb-disdikbud-kota-malang-kemarin-56-nahdiatul-affandiahradar-malang-722SK.webp,https://radarmalang.jawapos.com/pendidikan/2606170016/catat-jadwal-jalur-prestasi-non-akademik-spmb-smp-negeri-di-kota-malang-bakal-dimulai-29-juni,radar_malang
  SD dan TK di Kota Malang Buka SPMB Offline untuk Penuhi Pagu,"MALANG KOTA
-
RADAR MALANG
-Pendaftaran online untuk jenjang TK dan SD sudah rampung beberapa waktu lalu. Namun, masih ada 1.300 kuota siswa di SD negeri dan 134 di TK negeri yang belum terisi. Untuk itu, masing-masing sekolah mulai membuka pendaftaran secara
offline
.
Perinciannya di jenjang TK, ada empat sekolah yang belum terpenuhi pagunya. Dari total keseluruhan membuka untuk 270 kursi. Kouta yang terisi dari pendaftaran online hanya 127 kursi. Paling banyak kuota tersisa di TK Pembina 1, dari pagu 90 siswa baru terisi 37 saja.
”Kalau dari SD negeri masih ada 97 sekolah yang pagunya belum terpenuhi,” ujar Panitia SPMB Dinas Pendidikan dan Kebudayaan Kota Malang Suradi. Dari 8.568 kursi yang dibuka tahun ini, dari pendaftaran online baru terisi 7.268 siswa. Untuk itu, tiap satuan pendidikan yang belum memenuhi pagu diminta memperpanjang pendaftaran melalui SPMB offline.
Aturan penerimaan pada SPMB offline itu tak seketat saat online. Wali murid hanya perlu membawa Kartu Keluarga (KK) dan akta kelahiran saat mendaftar. Tak perlu ada ketentuan jarak atau usia seperti pendaftaran online lagi.
Beberapa SD negeri yang masih menyisakan banyak pagu seperti SDN Bareng 1. Dari total 56 pagu yang dibuka, masih terisi 16. Sehingga kuotanya masih ada 40 yang tersisa.
Kepala SDN Bareng 1 Sarengat menuturkan, penurunan pendaftar baru terjadi tahun ini. Pihaknya saat ini masih berusaha memenuhi pagu itu dari pendaftaran offline. ”Kalau ada siswa dari luar Kota Malang juga kami persilakan mendaftar,” ujarnya.
Sarengat heran kenapa pendaftar di sekolahnya jarang. Padahal SDN Bareng 1 masuk peringkat 4 terbaik sekolah di Kecamatan Klojen. Selain itu, capaian nilai TKA para siswa juga termasuk baik, bahkan ada yang meraih angka 96,67 di mata pelajaran matematika.
(aff/gp)",Nahdiatul Affandiah,Galih R Prasetyo,2026-06-17 14:23:05,Pendidikan,https://cdn-jpr.jawapos.com/images/15/2026/06/16/belajar-siswa-sdn-kebonsari-1-fokus-mengikuti-aktivitas-pembelajaran-di-kelas-pada-bulan-mei-lalu-foto-nahdiatul-affandiah-o7pqT.webp,https://radarmalang.jawapos.com/pendidikan/2606170025/sd-dan-tk-di-kota-malang-buka-spmb-offline-untuk-penuhi-pagu,radar_malang
"Opsi Daftar di Jalur Afirmasi SMP Negeri Ditambah, Warga Desil 5 Bisa Mengakses dengan Syarat Tambahan","MALANG KOTA, RADAR MALANG - Selesai dengan jalur domisili, Seleksi Penerimaan Murid Baru (SPMB) SMP negeri kini membuka jalur afirmasi dan mutasi. Pendaftarannya dibuka mulai Senin lalu (15/6). Sampai kemarin sore (16/6) pukul 15.00, tercatat sudah ada 2.306 pendaftar.
Sementara itu, total kuota dari jalur afirmasi dan mutasi hanya 2.205 kursi. Untuk diketahui, jalur afirmasi diperuntukkan bagi calon peserta didik dari kalangan keluarga yang ekonominya kurang mampu. Penyandang disabilitas juga masuk di dalamnya.
Sementara jalur mutasi diperuntukkan bagi pelajar yang harus pindah domisili karena orang tuanya dipindahtugaskan oleh instansi atau perusahaan. Seperti diberitakan, banyak pendaftar yang terlempar di jalur domisili. Persentasenya mencapai 40 persen dari total pendaftar.
Dari 9.263 pendaftar jalur domisili SMP negeri di Kota Malang, hanya 2.939 saja yang diterima. Kini hanya tersisa empat jalur untuk masuk SMP negeri. Yang pertama jalur afirmasi dengan kuota 25 persen. Berikutnya jalur mutasi dengan kuota 5 persen.
Selanjutnya ada jalur prestasi akademik dengan kuota 20 persen. Yang terakhir yakni jalur prestasi non-akademik dengan kuota 10 persen.
Dari pantauan
Jawa Pos Radar Malang
, beberapa wali murid masih kebingungan terkait pembagian desil di jalur afirmasi.
Desil sendiri merupakan metode pengelompokan masyarakat berdasar tingkat kesejahteraan ekonomi. Di dalamnya dibagi dalam 10 kelompok. Semakin kecil angkanya, semakin rendah pula tingkat ekonominya. Di jalur afirmasi, warga yang masuk desil 1 sampai 4 bisa langsung mendaftar.
”Kecuali yang daftar dari desil 5, memang ada syarat tambahan yaitu mendapat salah satu jenis bantuan dari pemerintah,” ujar Suradi, Panitia SPMB Dinas Pendidikan dan Kebudayaan (Disdikbud) Kota Malang. Sejak dibuka pada 15 Juni lalu, sudah ada dua wali murid dari desil 5 yang mendaftar.
Mereka tetap bisa masuk sistem SPMB jalur afirmasi karena menambahkan bantuan Program Keluarga Harapan (PKH). Namun mayoritas pendaftar memang dari desil 1 sampai 4. Begitu juga dengan pendaftar disabilitas, sudah ada beberapa siswa yang mengakses.
Meski belum bisa dihitung pasti berapa pendaftarnya. ”Yang jelas kalau dirinci tahun ini kami membuka 365 kursi untuk afirmasi ABK (Anak Berkebutuhan Khusus) dan 1.475 kursi untuk keluarga kurang mampu,” lanjut Suradi.
Kebingungan penentuan desil yang bisa mendaftar jalur afirmasi itu juga dialami posko SPMB di sekolah-sekolah. Menurut Kepala SMPN 8 Kota Malang Sri Nuryani, beberapa wali murid sempat datang untuk menanyakannya.
Sebab di juknis hanya menyertakan ketentuan desil 1 sampai 4 saja yang bisa mendaftar. Namun saat SPMB jalur afirmasi dibuka, pilihannya ada untuk warga desil 5.
”Kemarin baru di-
clear
-kan, ternyata memang ada syarat tambahannya untuk desil 5,” ujar Sri. Meski begitu, dia memastikan bahwa SPMB tahun ini di sekolahnya cukup lancar. Baik jalur domisili, mutasi, maupun afirmasi sudah banyak yang mengakses dan kuotanya hampir penuh.
Selain wali murid yang kebingungan menentukan desil, Sri juga banyak menerima pertanyaan terkait jalur mutasi. Menurut dia, aturan untuk itu sudah jelas.
Yakni jalur itu khusus bagi Aparatur Sipil Negara (ASN). Seperti TNI, Polri, PNS, hingga guru. ”Banyak yang datang dari mutasi jabatan swasta, itu langsung kami tolak,” lanjut Sri.
(aff/by)",Nahdiatul Affandiah,Bayu Mulya Putra,2026-06-17 14:02:58,Pendidikan,https://cdn-jpr.jawapos.com/images/15/2026/06/08/terapkan-aturan-baru-kepala-disdikbud-kota-malang-suwarjana-ikut-memantau-pelayanan-di-posko-spmb-kemarin-darmonoradar-malang-GGCFD.webp,https://radarmalang.jawapos.com/pendidikan/2606170014/opsi-daftar-di-jalur-afirmasi-smp-negeri-ditambah-warga-desil-5-bisa-mengakses-dengan-syarat-tambahan,radar_malang
"Gandeng Kemenag, Jawa Pos Radar Malang Gelar Diklat Jurnalistik untuk LAZ Se-Malang Raya","KOTA MALANG, RADAR MALANG
- Inovasi tanpa henti dilakukan Jawa Pos Radar Malang untuk menyebarkan virus literasi. Termasuk untuk terus memberikan pemahaman bagaimana membuat berita yang aktual dan sesuai fakta.
Kali ini, bersama Kementerian Agama (Kemenag) Kota Malang, media terbaik di Malang Raya ini akan menyelenggarakan Diklat Jurnalistik untuk Lembaga Amil Zakat (LAZ).
Menggandeng PT Cita Intan Selaras, Jawa Pos Radar Malang akan mengedukasi peserta membuat buku antologi perdana karya LAZ se-Malang Raya.
Ditujukan untuk memberi edukasi jurnalistik kepada LAZ se-Malang Raya, kegiatan ini diharapkan bisa berdampak langsung. Terutama meningkatkan kemampuan peserta dalam menyebarkan praktik baik yang dilakukan amil, maupun kontribusi luar biasa dari para donatur.
Praktik baik yang bisa dikemas dengan berita yang ciamik dan bernilai branding.
Selain itu, dengan kegiatan ini, LAZ diharapkan semakin update dan akurat dalam memberitakan sumbangsih positif lembaga ini untuk membantu mensejahterakan warga se-Malang Raya.
Diklat sendiri bakal dilaksanakan 29 Juni mendatang. Bertempat di Kantor Jawa Pos Radar Malang, peserta hanya cukup berkontribusi sebesar 450 ribu rupiah. Dengan kontribusi ini, peserta akan mendapatkan fasilitas yang lengkap. Mulai dari sertitikat, makan dan snack, serta pembuatan buku antologi sampai dengan cetak.
Untuk peserta yang belum mendaftar bisa langsung mengisi link pendaftaran berikut  : https://bit.ly/diklatLAZradarmalang. Info lebih lanjut tentang acara ini bisa mengubungi Imel di nomor 0812 2583 7699.
(bes)",A. Nugroho,A. Nugroho,2026-06-17 09:42:33,Pendidikan,https://cdn-jpr.jawapos.com/images/15/2026/06/17/gandeng-kemenag-jawa-pos-radar-malang-gelar-diklat-jurnalistik-untuk-laz-se-malang-raya-N6O3u.webp,https://radarmalang.jawapos.com/pendidikan/2606170032/gandeng-kemenag-jawa-pos-radar-malang-gelar-diklat-jurnalistik-untuk-laz-se-malang-raya,radar_malang
"Segera Daftar, Diklat Jurnalistik untuk Guru SMP/MTs se-Kabupaten Malang Digelar Sepekan Lagi","KABUPATEN MALANG, RADAR MALANG
– Diklat Jurnalistik tahun kedua untuk Guru SMP/MTs se-Kabupaten Malang segera digelar. Diselenggarakan berkat kerja sama Jawa Pos Radar Malang dan Dinas Pendidikan Kabupaten Malang, diklat akan dilaksanakan sepekan lagi atau tepatnya tanggal 25 Juni mendatang.
Ditujukan untuk para guru, diklat ini diharapkan menjadi langkah awal menangkal berita hoaks. Hal ini mengingat di era sosial media ini, para guru perlu lebih cermat dan teliti. Terutama dalam dalam memilah-milah mana berita yang valid, mana yang tidak.
Tak hanya itu, dalam diklat ini peserta juga akan diajak mengenal kerja media massa yang kredibel di Malang Raya serta mampu membuat berita positif untuk sekolahnya masing-masing.
Sampai Selasa (16/6), tercatat sudah ada 9 SMP negeri yang mengirimkan perwakilan gurunya untuk berpartisipasi. Di antaranya dari SMP Negeri 1 Bululawang, SMP Negeri 1 Ampelgading, SMP Negeri 1 Karangploso, SMP Negeri 1 Tumpang, SMP Negeri 2 Bululawang, dan SMP Negeri 2 Dampit. Begitu pula ada SMP Negeri 2 Turen, SMP Negeri 3 Kepanjen, ⁠dan SMP Negeri 3 Pujon.
Lalu, sudah daftar pula guru dari tiga MTs Negeri. Mulai dari guru dari MTs Negeri 1 Malang, MTs Negeri 4 Malang, dan MTs Negeri 5 Malang.
Untuk SMP dan MTs swasta hingga kemarin sudah ada 4 sekolah yang sudah mendaftarkan gurunya.  Di antaranya, SMP Bhumi Ngasor Ar Ridho, SMP Tsurayya Islamic School Malang, MTs Terpadu Ar-Roihan Lawang, dan MTs An-Nur Bululawang.
Hanya dengan berkontribusi sebesar 400 ribu rupiah, tiap peserta akan mendapatkan fasilitas yang sangat lengkap. Mulai dari sertifikat 32 JP, konsumsi makan dan snack, serta buku notes selama diklat. Yang istimewa, seluruh karya tulis peserta dalam diklat kali ini juga akan dipublikasikan di website Jawa Pos Radar Malang.
Untuk peserta yang belum mendaftar bisa langsung mengisi link pendaftaran berikut https://bit.ly/diklatsmpkabmalang. Atau untuk info lebih lanjut bisa menghubungi Putri di nomor 0858-4372-5735 atau Amel 0858-5168-6917.
Koordinator Diklat Jurnalistik Guru SMP/MTs se-Kabupaten Malang Bachtiar Eko S. sangat mengapresasi sekolah yang sudah mengirimkan gurunya untuk mengikuti kegiatan ini. “Sekolah tidak akan rugi berinvestasi ilmu jurnalistik, karena informasi yang didapat saat diklat bisa diaplikasikan secara nyata di sekolah masing-masing,” tandasnya.
(bes)",A. Nugroho,A. Nugroho,2026-06-17 09:30:22,Pendidikan,https://cdn-jpr.jawapos.com/images/15/2026/06/17/semangat-peserta-diklat-jurnalistik-guru-smpmts-se-kabupaten-malang-pada-2025-lalu-w46v7.webp,https://radarmalang.jawapos.com/pendidikan/2606170031/segera-daftar-diklat-jurnalistik-untuk-guru-smpmts-se-kabupaten-malang-digelar-sepekan-lagi,radar_malang
"Jurusan Sepi Peminat, Prospeknya Justru Menjanjikan di Dunia Kerja","MALANG, RADAR MALANG
– Banyak calon mahasiswa masih berfokus pada jurusan-jurusan populer seperti Kedokteran, Hukum, atau Teknik. Padahal, sejumlah program studi yang relatif sepi peminat justru menawarkan peluang karir yang luas dan kompetitif di dunia kerja.
Dilansir dari laman Universitas Airlangga (UNAIR), beberapa jurusan yang belum banyak dikenal masyarakat ternyata memiliki lulusan yang tersebar di berbagai sektor industri, pemerintahan, hingga kewirausahaan.
Peluang Karier Tak Kalah Menarik
Salah satu jurusan yang memiliki prospek cerah adalah Teknologi Hasil Perikanan (THP). Program studi ini mempelajari pengolahan hasil perikanan, keamanan pangan, hingga pengembangan produk pangan fungsional. Lulusannya dapat bekerja sebagai peneliti, akademisi, pegawai pemerintah, maupun pelaku usaha di bidang pangan.
Baca Juga:
XLSMART Tingkatkan Literasi Digital Generasi Muda Kota Batu melalui AXIS School Fest-Workshop X Jawa Pos Radar Malang
Selain itu, Akuakultur juga menawarkan peluang kerja yang luas. Jurusan ini berfokus pada kesehatan ikan, lingkungan perairan, dan budidaya perikanan modern. Lulusannya banyak berkiprah di instansi pemerintah, perusahaan swasta, hingga sektor wirausaha perikanan.
Tidak Selalu Sesuai Stereotip
Banyak jurusan yang sering disalahpahami oleh calon mahasiswa. Misalnya Fisika yang kerap dianggap hanya berkaitan dengan dunia teknik. Di Unair, jurusan ini justru memiliki fokus pada bidang kesehatan dan sains terapan.
Lulusannya dapat bekerja sebagai fisikawan medis, analis data, tenaga pengolah data perusahaan, hingga profesional di sektor perbankan dan sumber daya manusia. Pemilihan jurusan sebaiknya tidak hanya mempertimbangkan tingkat popularitas, tetapi juga prospek jangka panjang dan kesesuaian dengan minat mahasiswa.
Baca Juga:
Wisudawan Terbaik UB Berinovasi dengan Pangan dan Teknologi Komputer
Persaingan Masuk Lebih Kompetitif
Selain peluang kerja yang menjanjikan, jurusan yang tidak terlalu populer umumnya memiliki tingkat persaingan masuk yang lebih rendah dibanding program studi favorit. Hal tersebut dapat menjadi alternatif bagi siswa yang ingin meningkatkan peluang diterima di perguruan tinggi tanpa harus mengorbankan prospek karier di masa depan.",Choirun Nisa,Aditya Novrian,2026-06-16 20:00:48,Pendidikan,https://cdn-jpr.jawapos.com/images/15/2026/06/14/gedung-fakultas-kedokteran-gigi-universitas-brawijaya-sumber-fkg-ub-universitas-brawijaya-UEggT.webp,https://radarmalang.jawapos.com/pendidikan/2606160006/jurusan-sepi-peminat-prospeknya-justru-menjanjikan-di-dunia-kerja,radar_malang
"Tiga Guru Besar Baru UNMER Malang Hadirkan Solusi untuk Pembangunan Berkelanjutan, dari Pariwisata Budaya hingga Kecerdasan Buatan","MALANG, RADAR MALANG
— Universitas Merdeka Malang mengukuhkan tiga Guru Besar dalam Rapat Terbuka Senat di Ruang PPI Lantai 3 Gedung Rektorat, Senin (15/6). Ketiga Guru Besar ini membawa gagasan ilmiah yang secara langsung menjawab tantangan pembangunan Indonesia di bidang pariwisata, transformasi organisasi, dan tata kelola keuangan.
Penetapan jabatan akademik tertinggi ini dibacakan melalui Surat Keputusan Menteri Pendidikan Tinggi, Sains, dan Teknologi RI oleh Wakil Rektor II UNMER Malang, Prof Dr H Fajar Supanto, M.Si. Ketiga profesor yang dikukuhkan adalah Prof Dr Bambang Supriadi, S.E., M.M., dalam bidang Ilmu Ekonomi Pariwisata, Prof Dr Harianto Respati, S.E., M.M., dalam bidang Ilmu Manajemen Strategi, dan Prof Dr Harmono, S.E., M.Si., dalam bidang Ilmu Manajemen Keuangan.
Dalam orasi berjudul ""Ekonomi Pariwisata Berkelanjutan: Transformasi Nilai Lokal sebagai Daya Saing Destinasi di Era Revolusi Industri 5.0,"" Prof Bambang Supriadi menegaskan bahwa kearifan lokal adalah sumber keunggulan paling otentik di tengah kompetisi pariwisata global.
""Nilai-nilai budaya yang hidup di tengah masyarakat harus ditempatkan sebagai fondasi utama dalam pengembangan destinasi, bukan sekadar pelengkap,"" ujarnya.
Prof Harianto Respati, melalui orasi ""Manajemen Strategi Berbasis Artificial Intelligence: Tata Kelola Organisasi Lebih Responsif dan Strategis,"" mendorong organisasi untuk memanfaatkan data dan AI. Bukan sebagai pengganti peran manusia, melainkan sebagai alat pengambilan keputusan yang lebih cepat dan akurat.
Sementara Prof Harmono, dalam orasi ""Manajemen Keuangan Kontemporer Berbasis Balanced Scorecard dalam Penilaian Kinerja: Privat dan Sektor Publik,"" menekankan bahwa kepercayaan publik hanya dapat dibangun melalui akuntabilitas dan integritas yang konsisten, bukan semata capaian finansial.
Acara ini dihadiri Kepala BRIDA Kabupaten Malang, Ketua Umum Yayasan Perguruan Tinggi Merdeka Malang Brigjen TNI (Purn) Adam Suwarno Pangeran, S.Sos., M.M., Ketua Senat Prof Dr Kasuwi Saiban, S.H., M.Ag., beserta pimpinan perguruan tinggi, dosen, dan tamu undangan.
Rektor UNMER Malang, Dr Prihat Assih, SE., M.Si., Ak., CSRS., mengingatkan bahwa gelar profesor bukan puncak perjalanan, melainkan awal dari tanggung jawab yang lebih luas. ""Teruslah menjadi pelita yang menerangi sivitas akademika UNMER Malang dan masyarakat luas,"" pesannya.
Pengukuhan ini menegaskan komitmen UNMER Malang terhadap SDG 4 (Pendidikan Berkualitas), SDG 9 (Inovasi dan Infrastruktur), serta SDG 17 (Kemitraan untuk Pembangunan Berkelanjutan). (*)",A. Nugroho,A. Nugroho,2026-06-16 10:19:11,Pendidikan,https://cdn-jpr.jawapos.com/images/15/2026/06/16/resmi-universitas-merdeka-malang-mengukuhkan-tiga-guru-besar-dalam-rapat-terbuka-senat-di-ruang-ppi-lantai-3-gedung-rektorat-senin-156-yJ1Fk.webp,https://radarmalang.jawapos.com/pendidikan/2606160034/tiga-guru-besar-baru-unmer-malang-hadirkan-solusi-untuk-pembangunan-berkelanjutan-dari-pariwisata-budaya-hingga-kecerdasan-buatan,radar_malang
"Sekolah Rakyat Srigonco Hampir Rampung, Progres Pembangunan Tembus 80 Persen","BANTUR, RADAR MALANG
– Pembangunan Sekolah Rakyat (SR) permanen di Desa Srigonco, Kecamatan Bantur, Kabupaten Malang, telah mencapai 80 persen. Sekolah yang diproyeksikan menjadi pusat pendidikan bagi anak-anak dari keluarga miskin dan putus sekolah itu ditargetkan rampung bulan ini serta mulai beroperasi pada tahun ajaran 2026/2027.
Selain pembangunan fisik yang terus dikebut, proses seleksi calon peserta didik juga berjalan. Saat ini tahapan penerimaan siswa telah memasuki proses perankingan untuk menentukan 270 peserta didik yang akan mengisi sembilan rombongan belajar (rombel) pada tahun pertama operasional sekolah tersebut.
Kapasitas Awal Tampung 270 Siswa
Pada tahap awal, Sekolah Rakyat Srigonco akan menampung 270 siswa yang terbagi dalam tiga jenjang pendidikan. Masing-masing jenjang terdiri atas tiga rombel dengan kapasitas 30 siswa per kelas.
Sekolah yang berdiri di atas lahan milik Pemkab Malang seluas sekitar 5,9 hektare itu berada di kawasan dekat Jembatan Pelangi. Lokasinya juga berdekatan dengan proyek pembangunan Jalan Nasional Gondanglegi–Balekambang yang saat ini masih berlangsung.
Kepala Dinas Sosial Kabupaten Malang Pantjaningsih Sri Redjeki mengatakan, progres pembangunan terus menunjukkan perkembangan signifikan. Hampir seluruh bangunan utama telah berdiri dan memasuki tahap penyelesaian akhir.
Baca Juga:
KSP Minta Sekolah Rakyat Permanen di Kota Malang Segera Dibangun
“Pembangunan SR saat ini sedang berprogres sudah 80 persen,” ujarnya.
Menurut dia, sejumlah fasilitas utama seperti ruang kelas, asrama, masjid, gedung ibadah, kantin, hingga gedung serbaguna telah selesai dibangun. Saat ini pekerjaan difokuskan pada tahap finishing agar seluruh fasilitas siap digunakan saat tahun ajaran baru dimulai.
“Semua gedung sudah dibangun, saat ini menuju finishing,” imbuhnya.
Infrastruktur Air Bersih Mulai Disiapkan
Selain bangunan utama, pemerintah juga mulai menyiapkan infrastruktur pendukung berupa layanan air bersih untuk menunjang operasional sekolah dalam jangka panjang.
Saat ini kebutuhan air sementara dipenuhi melalui sumur bor dengan kedalaman sekitar 100 meter. Namun untuk memenuhi kebutuhan yang lebih besar, Perumda Tirta Kanjuruhan mengusulkan pembangunan Sistem Penyediaan Air Minum (SPAM) kepada pemerintah pusat.
Direktur Utama Perumda Tirta Kanjuruhan menjelaskan bahwa proyek SPAM tersebut saat ini masih berada dalam tahap lelang oleh Kementerian Pekerjaan Umum.
“Saat ini masih dalam tahap lelang oleh Kementerian PU RI. Total anggarannya sekitar Rp 12 miliar,” ujarnya.
SPAM tersebut dirancang memiliki kapasitas produksi 20 liter per detik. Selain memenuhi kebutuhan Sekolah Rakyat Srigonco, jaringan tersebut juga akan melayani sekitar 2.000 pelanggan di Desa Srigonco dan wilayah sekitarnya.
Baca Juga:
Belum Rampung Proyek Sekolah Rakyat di Srigonco Malang, Bakal Bangun Lagi di Dampit
Diproyeksikan Jadi Penguat Pendidikan Malang Selatan
Kehadiran Sekolah Rakyat Srigonco menjadi bagian dari program pemerintah untuk memperluas akses pendidikan bagi kelompok masyarakat kurang mampu. Dengan konsep sekolah berasrama dan fasilitas yang lengkap, sekolah ini diharapkan mampu menekan angka putus sekolah sekaligus meningkatkan kualitas sumber daya manusia di kawasan Malang selatan.
Jika seluruh tahapan pembangunan berjalan sesuai jadwal, Sekolah Rakyat Srigonco akan menjadi salah satu sekolah rakyat permanen pertama yang beroperasi di Kabupaten Malang pada tahun ajaran 2026/2027.",Indah Mei Yunita,Aditya Novrian,2026-06-15 16:27:10,Pendidikan,https://cdn-jpr.jawapos.com/images/15/2026/06/14/sq505DznVPBFTWyWVNaW2cpcoQKyX7nvvaoCe4TU.webp,https://radarmalang.jawapos.com/pendidikan/2606150010/sekolah-rakyat-srigonco-hampir-rampung-progres-pembangunan-tembus-80-persen,radar_malang
Ini Penyebab Puluhan SD Negeri di Kota Malang Tak Bisa Penuhi Pagu,"MALANG KOTA - Penerimaan siswa baru di jenjang SD negeri belum merata. Setelah seleksi Sistem Penerimaan Murid Baru (SPMB) jalur domisili rampung pada Jumat lalu (12/6), masih ada 20 persen SD yang belum terpenuhi kuotanya.
Hal itu disampaikan Kepala Dinas Pendidikan dan Kebudayaan (Disdikbud) Kota Malang Suwarjana. Pejabat eselon II B Pemkot Malang itu menuturkan, dari 195 SD negeri, sekitar 20 persen atau 39 sekolah belum mampu memenuhi pagu.
""Data ini masih sementara, tetapi memang ada kekurangan. Ada sekitar 20 persen yang belum terpenuhi pagunya,"" ujar Jana kemarin.
Dia mengatakan, kondisi tersebut tidak bisa diartikan sebagai rendahnya minat masyarakat terhadap sekolah negeri. Menurutnya, ini konsekuensi dari semakin menurunnya jumlah anak usia sekolah dasar.
Jana menyebut, sekolah yang belum memenuhi kuota tersebar secara merata di seluruh kecamatan di Kota Malang. Sehingga tidak hanya terjadi pada wilayah tertentu. ""Setiap wilayah ada kekurangan. Ini membuktikan program KB (Keluarga Berencana) berhasil,"" ungkap dia.
Lebih lanjut, pelaksanaan SPMB jalur domisili yang berlangsung selama sepekan dinilai berjalan lancar. Pihaknya mencatat keluhan masyarakat paling banyak muncul pada hari pertama pendaftaran.
Keluhan mayoritas berkaitan tidak sesuai alamat domisili calon peserta didik pada Data Pokok Pendidikan (Dapodik) Kemendikdasmen. Hal itu karena belum diperbarui oleh sekolah asal. ""Beberapa siswa kelas 6 SD dan sederajat sudah pindah alamat, tetapi belum di-
update
oleh operator sekolah maupun madrasah asalnya,"" terangnya.
Jana menegaskan, keluhan itu langsung ditangani. Masyarakat yang mengalami kendala cukup membawa fotokopi Kartu Keluarga (KK) sesuai domisili terbaru untuk melakukan pembaruan data alamat.
""Masyarakat bisa langsung mengedit dan memasukkan alamat yang baru sesuai domisili saat ini dengan fotokopi KK,"" katanya.
Selain persoalan, dia memastikan, tidak ada kendala berarti selama pelaksanaan SPMB jalur domisili. Bahkan, problem penentuan titik yang menjadi sorotan pada pelaksanaan penerimaan siswa pada tahun sebelumnya tidak lagi ditemukan.
Setelah penutupan jalur domisili, Disdikbud Kota Malang
melanjutkan tahapan melalui jalur afirmasi dan mutasi yang dibuka secara bersamaan mulai hari ini (15/6). Kemudian berlanjut ke jalur prestasi akademik dan ditutup dengan jalur prestasi non-akademik sesuai jadwal yang telah ditetapkan.(
adk/dan
)",Mahmudan,Mahmudan,2026-06-15 12:14:17,Pendidikan,https://cdn-jpr.jawapos.com/images/15/2025/02/13/WOKANDAPIX-2297028169.png,https://radarmalang.jawapos.com/pendidikan/2606150030/ini-penyebab-puluhan-sd-negeri-di-kota-malang-tak-bisa-penuhi-pagu,radar_malang
FKH UB Wujudkan Desa Tangguh Kesehatan Hewan melalui Program Pengabdian Masyarakat Terpadu “SEHATI” di Desa Gadingkulon,"MALANG, RADAR MALANG
– Fakultas Kedokteran Hewan (FKH) Universitas Brawijaya (UB) kembali menunjukkan komitmennya dalam menjalankan Tri Dharma Perguruan Tinggi melalui kegiatan Pengabdian Masyarakat Terpadu Kampung Lingkar Kampus (KLK) bertajuk “SEHATI” (Sehatkan Hewan Ternak dan Hewan Kecil).
Kegiatan yang diselenggarakan di Balai Desa Gadingkulon, Kecamatan Dau, Kabupaten Malang ini berfokus pada peningkatan kapasitas peternak dalam pencegahan dan pengendalian penyakit hewan melalui edukasi kesehatan ternak serta dukungan program vaksinasi.
Kegiatan ini dihadiri oleh Dekan FKH UB, Kepala Desa Gadingkulon Wahyu Eddy Prianto, perwakilan Kecamatan Dau Etik Krismawati, S.H., Perwakilan Kepala Dinas Peternakan dan Kesehatan Hewan Kabupaten Malang drh. Lucia Endah Sukesi, Ketua Tim Kerja Administrasi dan Kinerja Penyuluh Pertanian Kabupaten Malang, Koordinator Balai Penyuluhan Pertanian Kecamatan Dau Sidik Fathul Qorib, S.TP., Koordinator Balai Penyuluh Pertanian Kecamantan Dau Ady Hadi Utomo S.P., M.P dan tim PPL, Gabungan Kelompok Ternak (Gapoknak), dosen, tenaga kependidikan, serta mahasiswa Fakultas Kedokteran Hewan Universitas Brawijaya.
Sebagai bentuk implementasi keilmuan veteriner kepada masyarakat, FKH UB menghadirkan drh Dwi Kristanto, M.Sc. dan drh. Widi Nugroho, Ph.D. sebagai narasumber yang memberikan edukasi mengenai penyakit hewan ternak, strategi biosekuriti, pentingnya vaksinasi, serta upaya pengendalian penyakit yang dapat berdampak pada produktivitas peternakan. Kegiatan berlangsung secara interaktif melalui sesi diskusi dan konsultasi langsung mengenai berbagai permasalahan kesehatan hewan yang dihadapi peternak di lapangan.
Selain penyuluhan, FKH UB juga menyerahkan bantuan berupa vaksin sebanyak 200 dosis, 450 obat hewan dan vitamin untuk kelompok peternak sebagai upaya nyata dalam mendukung peningkatan kesehatan dan produktivitas ternak di wilayah Desa Gadingkulon. Program ini akan berlanjut melalui kegiatan Kuliah Kerja Nyata (KKN) dalam edukasi kesehatan hewan dan keterlibatan mahasiswa Program Pendidikan Profesi Dokter Hewan (PPDH) dalam vaksinasi penyakit Lumpy Skin Disease (LSD).
Melalui program SEHATI, FKH UB berupaya memperkuat sinergi antara perguruan tinggi, pemerintah daerah, penyuluh pertanian, dan masyarakat dalam membangun sistem kesehatan hewan yang berkelanjutan. Upaya ini diharapkan mampu meningkatkan kesejahteraan peternak sekaligus memperkuat ketahanan pangan berbasis peternakan di Kabupaten Malang.
Kegiatan ini juga merupakan wujud nyata kontribusi Fakultas Kedokteran Hewan Universitas Brawijaya dalam mendukung pencapaian Sustainable Development Goals (SDGs), khususnya SDG 2 (Zero Hunger), SDG 3 (Good Health and Well-being), SDG 4 (Quality Education), dan SDG 17 (Partnerships for the Goals), melalui peningkatan kapasitas peternak, penguatan kesehatan hewan, serta pembangunan kemitraan yang berkelanjutan antara perguruan tinggi dan masyarakat. (*)",A. Nugroho,A. Nugroho,2026-06-15 12:07:27,Pendidikan,https://cdn-jpr.jawapos.com/images/15/2026/06/15/komitmen-kegiatan-pengabdian-masyarakat-terpadu-kampung-lingkar-kampus-klk-sehati-di-balai-desa-gadingkulon-kecamatan-dau-kabupaten-malang-6uHXa.webp,https://radarmalang.jawapos.com/pendidikan/2606150029/fkh-ub-wujudkan-desa-tangguh-kesehatan-hewan-melalui-program-pengabdian-masyarakat-terpadu-sehati-di-desa-gadingkulon,radar_malang
UNISMA Teken MoU dengan Austrian Institute for Family Studies dan University of Vienna,"AUSTRIA, RADAR MALANG
– Universitas Islam Malang (UNISMA) terus memperluas jejaring internasional melalui pengembangan kerja sama strategis dengan berbagai perguruan tinggi dan lembaga riset terkemuka dunia. Salah satunya diwujudkan melalui penandatanganan Memorandum of Understanding (MoU) antara UNISMA dan Austrian Institute for Family Studies (Österreichisches Institut für Familienforschung/OIF) yang berada di bawah naungan University of Vienna, Austria, 10 Juni lalu.
Kunjungan tersebut merupakan bagian dari agenda internasionalisasi UNISMA di Eropa yang dipimpin langsung oleh Rektor UNISMA, Prof Junaidi Mistar, Ph.D., didampingi Ketua Umum Yayasan Universitas Islam Malang, Prof Dr Ir Agus Sugianto, S.T., M.P., Wakil Rektor Bidang Administrasi Umum, SDM, dan Keuangan, Dr H Ronny Malavia Mardani, S.E., M.M., MOS, serta Ketua Lembaga Urusan Internasional (Office of International Affairs), Asst Prof Dr Imam Wahyudi Karimullah, M.A.
Delegasi UNISMA diterima oleh Prof Dr Wolfgang Mazal, Scientific Director Austrian Institute for Family Studies sekaligus profesor di University of Vienna. Turut hadir dalam pertemuan tersebut Dr Eva-Maria Schmidt, M.A., Deputy Scientific Director dan Senior Researcher Austrian Institute for Family Studies yang memiliki kepakaran di bidang studi keluarga, kebijakan sosial, gender, dan pembangunan masyarakat.
Selain agenda penandatanganan MoU, delegasi UNISMA juga melaksanakan diskusi strategis dengan Dr Barbara Good, International Director University of Vienna, dan Janna Kazim, Senior Partnership Manager University of Vienna.
Pertemuan tersebut membahas peluang pengembangan program internasional yang lebih luas, termasuk pertukaran mahasiswa dan dosen, mobilitas akademik, penelitian bersama, publikasi internasional, serta pengembangan program kolaboratif yang melibatkan kedua institusi.
Dalam kesempatan tersebut turut hadir Ahmad Bastomi, dosen Fakultas Hukum UNISMA yang saat ini sedang menempuh studi doktoral (Ph.D. Candidate) di University of Vienna.
Kehadirannya menjadi salah satu bukti kontribusi sivitas akademika UNISMA dalam jejaring akademik internasional.
Prof Junaidi Mistar menjelaskan bahwa kerja sama dengan Austrian Institute for Family Studies dan University of Vienna merupakan langkah strategis untuk memperkuat kualitas penelitian dan internasionalisasi UNISMA.
""Kami melihat banyak peluang kolaborasi yang dapat dikembangkan bersama University of Vienna, terutama dalam bidang penelitian multidisiplin, publikasi internasional, pertukaran akademisi, dan penguatan kapasitas dosen serta mahasiswa. Kerja sama ini diharapkan memberikan manfaat nyata bagi kedua institusi,"" ujarnya.
Ruang lingkup kerja sama yang disepakati mencakup penelitian bersama (joint research), publikasi ilmiah internasional (joint publication), seminar dan konferensi internasional, pengembangan kapasitas peneliti, pertukaran akademisi, serta kolaborasi dalam bidang studi keluarga, pendidikan, kebijakan sosial, dan pembangunan berkelanjutan.
Sebagai tindak lanjut dari kerja sama tersebut, kedua institusi akan menjajaki berbagai proyek penelitian kolaboratif yang melibatkan dosen, peneliti, dan mahasiswa dari kedua belah pihak.
Selain itu, peluang partisipasi dalam berbagai skema pendanaan penelitian internasional juga akan dikembangkan untuk mendukung keberlanjutan kerja sama.
Prof Wolfgang Mazal menyambut baik kemitraan yang terjalin dengan UNISMA dan menilai bahwa kolaborasi internasional memiliki peran penting dalam menghasilkan penelitian yang berdampak dan mampu memberikan solusi terhadap berbagai tantangan global.
Kerja sama dengan Austrian Institute for Family Studies dan University of Vienna merupakan bagian dari agenda internasionalisasi UNISMA yang terus diperkuat melalui kolaborasi dengan berbagai perguruan tinggi, industri, dan organisasi di Eropa.
Melalui program-program tersebut, UNISMA berupaya meningkatkan kualitas pendidikan, memperkuat budaya riset internasional, memperluas jejaring global, serta mempersiapkan lulusan yang memiliki kompetensi dan daya saing internasional.
Dengan terjalinnya kemitraan ini, UNISMA berharap dapat memperluas mobilitas akademik, meningkatkan kualitas penelitian dan publikasi internasional, serta memperkuat kontribusi perguruan tinggi dalam pengembangan ilmu pengetahuan dan pembangunan masyarakat di tingkat global. (*)",A. Nugroho,A. Nugroho,2026-06-15 11:59:17,Pendidikan,https://cdn-jpr.jawapos.com/images/15/2026/06/15/rektor-unisma-prof-junaidi-mistar-phd-menyerahkan-syal-arema-sebagai-cendera-mata-kepada-austrian-institute-for-family-studies-yang-berada-di-bawah-naungan-university-of-vienna-austria-106-bRGjx.webp,https://radarmalang.jawapos.com/pendidikan/2606150028/unisma-teken-mou-dengan-austrian-institute-for-family-studies-dan-university-of-vienna,radar_malang
"Tak Hanya Jadi Guru, Lulusan Jurusan Pendidikan Punya Peluang Karier Beragam","MALANG, RADAR MALANG
– Jurusan pendidikan masih menjadi salah satu pilihan yang diminati oleh calon mahasiswa yang ingin berkarier di dunia pengajaran. Namun, banyak anggapan bahwa lulusan jurusan pendidikan hanya memiliki satu pilihan profesi, yaitu menjadi guru. Padahal, perkembangan dunia kerja saat ini membuka peluang yang jauh lebih luas bagi para lulusan program studi pendidikan.
Menurut informasi dari laman Guru Binar, mahasiswa jurusan pendidikan tidak hanya dibekali kemampuan mengajar di dalam kelas, tetapi juga memperoleh pengetahuan tentang psikologi peserta didik, manajemen pembelajaran, komunikasi, kepemimpinan, hingga pengembangan kurikulum. Berbagai kompetensi tersebut membuat lulusan pendidikan memiliki peluang untuk bekerja di berbagai sektor yang berkaitan dengan pengembangan sumber daya manusia.
Dibekali Keterampilan Mengajar dan Manajemen Pembelajaran
Selama menempuh perkuliahan, mahasiswa jurusan pendidikan mempelajari berbagai mata kuliah yang mendukung kemampuan profesional sebagai pendidik. Mereka belajar mengenai teori belajar, strategi pembelajaran, evaluasi pendidikan, psikologi perkembangan, hingga praktik mengajar langsung melalui program magang atau praktik pengalaman lapangan di sekolah.
Baca Juga:
Kuota SPMB di SMP Negeri Kota Malang Tersisa 4.421 Kursi, Ini Rincian Jalurnya
Kemampuan tersebut tidak hanya bermanfaat ketika menjadi guru, tetapi juga relevan untuk profesi lain yang membutuhkan keterampilan komunikasi, penyampaian materi, serta kemampuan membimbing dan mengelola kelompok. Karena itu, banyak lulusan pendidikan yang kemudian bekerja sebagai instruktur pelatihan, fasilitator pendidikan, tutor, konsultan pendidikan, hingga staf pengembangan sumber daya manusia (Human Resources Development/HRD).
Peluang Menjadi ASN Masih Terbuka
Meski memiliki banyak pilihan karier, profesi guru tetap menjadi salah satu tujuan utama lulusan jurusan pendidikan. Pemerintah masih secara rutin membuka formasi guru melalui seleksi Aparatur Sipil Negara (ASN) maupun Pegawai Pemerintah dengan Perjanjian Kerja (PPPK) untuk memenuhi kebutuhan tenaga pendidik di berbagai daerah.
Selain sekolah negeri, kebutuhan tenaga pendidik juga terus meningkat di sekolah swasta, madrasah, lembaga kursus, pusat pelatihan, hingga lembaga pendidikan nonformal. Hal ini menunjukkan bahwa profesi guru masih memiliki prospek yang cukup menjanjikan di masa depan.
Baca Juga:
Ingin Mengajar di Sekolah Islam? Jurusan PGMI Bisa Jadi Pilihan
Bagi lulusan yang ingin mengembangkan karier lebih lanjut, tersedia pula peluang untuk menjadi kepala sekolah, pengawas pendidikan, pengembang kurikulum, maupun akademisi melalui studi lanjutan di bidang pendidikan.
Pendidikan Tetap Menjadi Sektor Strategis
Pendidikan merupakan salah satu sektor yang memiliki peran penting dalam pembangunan bangsa. Kebutuhan akan tenaga pendidik dan tenaga profesional di bidang pendidikan diperkirakan akan terus meningkat seiring perkembangan jumlah peserta didik dan transformasi sistem pembelajaran.
Karena itu, memilih jurusan pendidikan tidak hanya berarti mempersiapkan diri menjadi guru, tetapi juga membuka kesempatan untuk berkarier di berbagai bidang yang berkaitan dengan pengembangan manusia dan pendidikan. Dengan bekal kompetensi yang diperoleh selama kuliah, lulusan pendidikan memiliki peluang untuk berkontribusi dalam menciptakan generasi yang lebih berkualitas sekaligus membangun karier yang beragam sesuai minat dan keahlian masing-masing.",Choirun Nisa,Aditya Novrian,2026-06-15 10:00:16,Pendidikan,https://cdn-jpr.jawapos.com/images/15/2026/06/14/seorang-guru-yang-sedang-menjelaskan-pelajaran-di-depan-kelas-sumber-skuling-KLYTP.webp,https://radarmalang.jawapos.com/pendidikan/2606150006/tak-hanya-jadi-guru-lulusan-jurusan-pendidikan-punya-peluang-karier-beragam,radar_malang
"Menggebrak! SMPN 4 Kota Malang Launching 55 Buku, Milik Kasek Berjudul Merancang Sekolah Kepemimpinan","MALANG – Gebrakan demi gebrakan seakan tak pernah surut dari SMPN 4 Kota Malang. Selain berkali-kali meraih prestasi di bidang akademik dan non-akademik yang terbaru SMPN 4 menggelar event yang tidak biasa, namanya Fastavalia Litera Expo pada Kamis (11/6). Festival Literasi dan Aksi (Fastavalia) Litera Expo ini diisi dengan berbagai kegiatan menarik terkait dunia literasi, mulai dari talk show kepenulisan ""Nulis Aja Dulu, Menerbitkan Buku Kemudian"" dengan  narasumber: (1) Rochima Firmadhonna, M.Pd, Penulis buku di berbagai penerbit dan pengurus Komunitas Saung Kanak dengan materi Langkah Pascamenulis, (2) Wawan Sulthon Fauzi, M.Pd (Direktur Utama Intrans Publishing) dengan materi Penerbitan Buku dan (3) Kholid Amrullah (Radar Malang) dengan materi “Cara Mengalahkan Rasa Malas dan Writer's Block"". Kegiatan lainnya yaitu bazaar kuliner, pameran karya literasi dan aksi (baca puisi, pantomim, mendongeng, pameran karya buku dan ensiklopedia), serta lomba mendongeng dan podcast untuk siswa SD se-Kota Malang.
Segudang kegiatan di Fastavalia-Litera Expo ini pun gelar launching program ""REMARK"" (Remaja Mengarang dan Berkarya). Program literasi ini harapannya banyak buku terbit tiap tahunnya dari siswa dan guru.
Kepala SMPN 4 Malang Dr. Pancayani Dinihari, M.Pd.  mengatakan, SMPN 4 sebagai sekolah yang dikenal dengan kelas-kelas peminatan ini ingin terus mengembangkan potensi-potensi yang ada pada anak didiknya. Terutama kompetensi membaca dan menulis. Membaca dengan Program Gembuk (Gemar Membaca Buku) dan Mengarang dengan program REMARK ini. ”Jangan menunggu menjadi hebat untuk menulis, tetapi menulislah agar menjadi hebat. Mulailah dari satu paragraf, satu halaman, lalu teruslah berkarya. Setiap tulisan yang selesai adalah sebuah prestasi yang patut dibanggakan,” terang Dini.
Bahkan menurut dia, dalam Fastavalia Litera Expo juga di-launching buku novel karya para siswa dan guru. Total ada 34 novel karya siswa yang siap di-launching, 18 buku antologi cerpen, buku karya Kepala sekolah dan beberapa guru. “Ini belum pernah ada lho, anak-anak me-launching novel dalam jumlah yang banyak. Selama ini yang ada kan nulis kumpulan cerpen lalu diterbitkan jadi buku,” jelas dia.
Para siswa lanjut Dini, sebenarnya  dipenuhi ide-ide kreatif dan imajinatif. Nah melalui menulis bisa menjadi salah satu wadah untuk menuangkan gagasan tersebut. Melalui kegiatan literasi siswa akan diajak memahami bahwa langkah terpenting adalah berani menulis terlebih dahulu. “Dan kami tidak hanya mendorong siswa untuk menulis, tetapi gurunya juga menulis,” ujarnya.
Melalui kegiatan menulis ini diharapkan mampu menumbuhkan rasa percaya diri siswa untuk mulai menulis tanpa beban. Kemudian mengedukasi para siswa mengenai langkah taktis pasca-menulis dan alur menerbitkan buku.
Fastavalia ini pun dilaksanakan di seluruh kelas-kelas peminatan. Misalnya, Kelas PPST menyelenggarakan Fastavalia Mindah Panggung, kelas Olah raga menyelenggarakan ""Fastavalia Trofeo Cup ARVEGATU"", kelas Tahfizd menyelenggarakan ""Fastavalia wisuda hafalan jus 29-30"", kelas Olimpiade menyelenggarakan Fastavalia  KAYUCERIA” (Kayutangan Cerita dan Historia), sedangkan kelas pramuka menyelenggarakan ""Fastavalia Latihan Gabungan"" dan Kelas Basket menyelenggarakan ""Fastavalia Couching Clinic "". Seluruh rangkaian Fastavalia Kelas Peminatan ditutup oleh event dari kelas LBJ menyelenggarakan Fastavalia Litera-Expo"" dengan kegiatan Gebyar Literasi yang meriah.(lid)",Kholid Amrullah,Kholid Amrullah,2026-06-15 06:28:43,Pendidikan,https://cdn-jpr.jawapos.com/images/15/2026/06/15/penuh-semangat-para-siswa-smpn-4-kota-malang-antusias-mengikuti-talkshow-kepenulisan-dalam-even-litera-expo-yang-digelar-kamis-116-RoDd0.webp,https://radarmalang.jawapos.com/pendidikan/2606150025/menggebrak-smpn-4-kota-malang-launching-55-buku-milik-kasek-berjudul-merancang-sekolah-kepemimpinan,radar_malang
XLSMART Tingkatkan Literasi Digital Generasi Muda Kota Batu melalui AXIS School Fest-Workshop X Jawa Pos Radar Malang,"KOTA BATU, RADAR MALANG
– XLSMART kembali menggelar acara AXIS School Fest-Workshop X Jawa Pos Radar Malang. Bertempat di Kota Batu, kali ini acara diikuti 200 siswa SMAN 2 Batu, Jumat lalu (12/6).
Menghadirkan edukasi tentang broadcasting, acara ini juga memberikan  pengalaman digital baru serta pembekalan untuk menjadi content creator yang kreatif dan bertanggung jawab.
Tak hanya itu, dalam acara ini XLSMART juga mengenalkan bagaimana konektivitas digital dapat mendukung proses produksi, distribusi, dan pengembangan konten di berbagai platform.
Head of Sales XLSMART Area Malang Jember, Yoyok Nurhadi mengatakan, kegiatan ini menjadi salah satu bentuk nyata bagaimana kekuatan jaringan dan layanan digital XLSMART dapat mendukung kebutuhan generasi muda. Terutama mereka yang aktif menggunakan internet. Baik untuk belajar, berkomunikasi, berkreasi, serta membuka peluang baru di dunia digital.
“Kami percaya sebagai perusahaan yang paling dicintai pelanggan, XLSMART harus diwujudkan melalui layanan yang relevan, jaringan yang andal, serta program yang memberi manfaat langsung bagi masyarakat. Termasuk para generasi muda,"" ujarnya.
Yoyok mengatakan network leadership tidak hanya berbicara mengenai perluasan jaringan dan teknologi, tetapi juga bagaimana konektivitas tersebut dapat mendukung generasi muda untuk berkembang.
Menurutnya, melalui AXIS School Fest-Workshop X Jawa Pos Radar Malang, XLSMART ingin mengajak pelajar memanfaatkan internet secara lebih produktif, kreatif, dan positif.
""Dengan dukungan jaringan yang terus kami perkuat, termasuk perluasan 5G Blanket secara bertahap, kami berharap semakin banyak anak muda Indonesia yang dapat melaju tanpa batas dalam mengembangkan potensi mereka,” beber Yoyok.
AXIS School Fest-Workshop X Jawa Pos Radar Malang kali ini juga diisi dengan
aktivitas edukatif dan interaktif. Mulai dari pengenalan dasar-dasar broadcasting, pemahaman proses produksi konten, teknik membangun ide kreatif, hingga cara menyampaikan pesan secara menarik kepada audiens.
Para peserta juga mendapatkan wawasan mengenai peran teknologi, jaringan, dan paket data dalam mendukung aktivitas kreatif seperti riset konten, pengambilan gambar, editing, publikasi, hingga interaksi dengan audiens secara real-time.
Melalui pendekatan ini, XLSMART tidak hanya memperkuat kualitas jaringan dan cakupan layanan, tetapi juga membangun kedekatan dengan pelanggan muda melalui program edukatif dan experimential. AXIS sebagai brand yang dekat dengan anak muda terus menghadirkan layanan data yang relevan, mudah diakses, dan sesuai dengan kebutuhan digital sehari-hari, mulai dari belajar online, streaming, gaming, media sosial, hingga pembuatan konten kreatif.
Program School Fest-Workshop X Jawa Pos Radar Malang juga menjadi bagian dari upaya XLSMART untuk memperluas dampak positif konektivitas di daerah. Dengan semakin kuatnya jaringan 4G dan pengembangan 5G Blanket di berbagai lwilayah, XLSMART berkomitmen untuk mendukung ekosistem digital yang lebih inklusif, mendorong literasi broadcasting dan kreativitas digital, serta menghadirkan pengalaman pelanggan yang semakin baik, terutama bagi generasi muda yang akan menjadi bagian penting dari masa depan ekonomi digital Indonesia.
Ke depan, XLSMART akan terus menghadirkan berbagai kegiatan yang menghubungkan kekuatan jaringan, inovasi layanan, dan kebutuhan masyarakat, khususnya generasi muda. Melalui semangat 'Bersama, Melaju Tanpa Batas', XLSMART berkomitmen menjadi perusahaan telekomunikasi yang semakin dekat dan paling dicintai pelanggan, sekaligus mendukung Indonesia yang semakin terkoneksi, kreatif, dan siap menghadapi masa depan digital.
PT XLSMART Telecom Sejahtera Tbk (XLSMART) memang terus memperkuat komitmennya dalam menghadirkan konektivitas yang lebih luas, stabil, dan relevan bagi pelanggan, sejalan dengan strategi network leadership dan perluasan 5G Blanket di berbagai wilayah Indonesia. Komitmen ini juga menjadi bagian dari aspirasi XLSMART untuk menjadi perusahaan telekomunikasi yang paling dicintai pelanggan, dengan menghadirkan layanan yang tidak hanya kuat secara jaringan, tetapi juga dekat dengan kebutuhan masyarakat.
Penguatan jaringan tersebut menjadi fondasi penting bagi XLSMART untuk menghadirkan pengalaman digital yang lebih baik, tidak hanya di kota-kota besar, tetapi juga di kawasan penyangga, area pendidikan, komunitas anak muda, serta wilayah dengan aktivitas digital yang terus berkembang.
Melalui jaringan yang semakin luas dan andal, XLSMART ingin memastikan konektivitas dapat memberikan manfaat nyata bagi pelanggan dalam belajar, berkreasi, memproduksi konten, serta mengakses peluang baru di industri digital. (bes)",A. Nugroho,A. Nugroho,2026-06-14 19:29:47,Pendidikan,https://cdn-jpr.jawapos.com/images/15/2026/06/14/inovatif-xlsmart-melalui-axis-school-fest-workshop-menghadirkan-edukasi-broadcasting-dan-pengalaman-digital-baru-untuk-200-siswa-sman-2-kota-batu-jumat-126-VC7Sk.webp,https://radarmalang.jawapos.com/pendidikan/2606140038/xlsmart-tingkatkan-literasi-digital-generasi-muda-kota-batu-melalui-axis-school-fest-workshop-x-jawa-pos-radar-malang,radar_malang
Wisudawan Terbaik UB Berinovasi dengan Pangan dan Teknologi Komputer,"MALANG KOTA, RADAR MALANG
- Di saat generasi muda lain berlomba- lomba memilih jurusan kedokteran, ekonomi, atau teknik, Nazwa Salsabila memilih jalan berbeda. Dia memantapkan diri mengambil jurusan peternakan. Itu karena, melihat pangan sebagai kebutuhan paling dasar manusia.
Pilihan tersebut rupanya berbuah manis. Nazwa tidak hanya berhasil lulus, tetapi juga dinobatkan sebagai wisudawan terbaik Fakultas Sains dan Teknologi Peternakan (FAST). ”Di saat banyak orang memilih kedokteran, ekonomi, teknik, atau informatika, saya justru tertarik pada peternakan. Kebetulan jurusan ini menjadi pilihan pertama saya karena pangan merupakan kebutuhan paling dasar manusia,” kata dia.
Menurutnya, secanggih apa pun perkembangan teknologi dan ekonomi, Masyarakat akan tetap membutuhkan makanan yang aman, bergizi, dan tersedia secara berkelanjutan. Selama menempuh studi di FAST, Perempuan kelahiran Bekasi ini belajar banyak tentang cara berkontribusi dalam menjaga ketahanan pangan. Khususnya pangan asal hewan.
Baca Juga:
FILKOM UB Raih Penghargaan The Sustainable Development Goals Award UB 2026
”Bagi saya, peternakan Adalah bidang yang sangat strategis karena berperan langsung dalam menyediakan pangan bergizi bagi masyarakat sekaligus mendukung ketahanan pangan nasional,” ujarnya. Ketertarikan tersebut kian berkembang melalui berbagai kegiatan akademik, penelitian, magang, dan tugas akhir. Nazwa sempat meneliti pengembangan produk pangan fungsional berbasis madu dan prebiotik. Kini, Nazwa telah mulai meniti karier dengan bekerja sebagai staf Quality Control (QC).
Sementara itu, Muhammad Aghid Alfayyadh ST wisudawan dari Program Studi Teknik Industri Fakultas Teknik Universitas Brawijaya (FT UB), berhasil menciptakan program komputer pencegah kelelahan mata sebagai topik skripsi. Hal itu mengantarkannya, jadi wisudawan terbaik dengan raihan Indeks Prestasi Kumulatif (IPK) 3,93. Ia dikukuhkan pada Wisuda UB Periode XX, Minggu, (14/6).
Baca Juga:
Jawab Kebutuhan Industri Masa Depan, Fakultas Vokasi Universitas Brawijaya Resmi Buka Program Studi Baru
Penelitian itu berangkat dari pengalaman pribadinya yang kerap mengalami kelelahan mata saat beraktivitas di depan layar. Melalui penelitian yang melibatkan mahasiswa Teknik Industri UB sebagai responden, Aghid menemukan bahwa factor yang paling berpengaruh terhadap kelelahan mata adalah jarak mata ke monitor dan kebiasaan istirahat mata.
Program yang dibuat oleh pemuda asal Kabupaten Tanah Datar, Sumatera Barat ini memiliki fitur deteksi jarak mata dengan monitor minimal 40 cm, serta alarm pengingat istirahat setiap penggunaan komputer selama 60 menit berturut-turut. ”Dari hasil uji coba terhadap responden, program inovatif ini terbukti berhasil menurunkan tingkat kelelahan mata hingga27 persen,” ujarnya.
(gp)",Galih R Prasetyo,A. Nugroho,2026-06-14 19:24:40,Pendidikan,https://cdn-jpr.jawapos.com/images/15/2026/06/14/nazwa-salsabila-mahasiswa-fakultas-sains-dan-teknologi-peternakan-dan-muhammad-aghid-alfayyadh-mahasiswa-teknik-industri-fakultas-teknik-nh31Z.webp,https://radarmalang.jawapos.com/pendidikan/2606140037/wisudawan-terbaik-ub-berinovasi-dengan-pangan-dan-teknologi-komputer,radar_malang
"Tiap Rombel Siswa Sekolah Rakyat Srigonco Malang Bertambah, Ini Detailnya","BANTUR, RADAR MALANG
- Sambil menunggu pembangunan Sekolah Rakyat (SR) Srigonco rampung, Pemkab Malang memproses seleksi calon siswa (casis). Dalam satu tahun, sekolah tersebut bakal menerima 270 siswa untuk tiga jenjang. Yakni SD, SMP, dan SMA.
Kepala Dinas Sosial (Dinsos) Kabupaten Malang Pantjaningsih Sri Redjeki mengatakan, jumlah siswa per rombongan belajar (rombel) bertambah.
Jika sebelumnya hanya 25 siswa dalam satu kelas, tahun ajaran saat ini bertambah menjadi 30 siswa.
Sampai Sabtu lalu (6/6), terdapat 361 anak yang masuk ke dalam daftar casis. Yakni 31 casis SD, 169 casis SMP, dan 161 casis SMA.
Baca Juga:
150 Siswa SDIT Insantama Malang Belajar Mitigasi Bencana Alam
“Kami mencoba merangking casis. Memang menurut data, semua yang terjaring sudah desil 1-2. Namun ada faktor lain yang kami pertimbangkan,” kata Pantja ditemui beberapa waktu lalu di gedung DPRD Kabupaten Malang.
Di antaranya kelengkapan orang tua, pendapatan keluarga dan jumlah tertanggung, serta kondisi fisik rumah.
Untuk diketahui, desil merupakan pengelompokan rumah tangga berdasarkan tingkat kesejahteraan ekonomi yang dibagi menjadi 10 kelompok. Desil 1 merupakan 10 persen rumah tangga paling miskin dan seterusnya. Penentuannya tidak hanya dari penghasilan, tetapi juga kondisi rumah, aset, pendidikan, pekerjaan, pengeluaran, dan indikator sosial-ekonomi lain.
Terkait kondisi fisik rumah, dia menyebut, akan dilaksanakan perangkingan berdasarkan hasil survei. Misalnya dengan memberi penilaian 1-10 berdasarkan kondisi rumahnya.
Baca Juga:
Ribuan Siswa Jalani UM PTKIN, 77 Peserta Tak Hadir
Penjaringan dilakukan setelah verifikasi lapangan oleh pendamping Program Keluarga Harapan (PKH). Setelah itu, ada dialog, dilanjutkan persetujuan dari orang tua atau wali calon siswa. Kemudian baru ditetapkan sebagai calon siswa (casis) SR.
Dia menyampaikan, berdasar data tersebut, ada 130.221 anak yang termasuk usia sekolah. Rinciannya, 64.707 anak aktif sekolah mulai jenjang TK-SMA dan 65.514 anak tidak aktif sekolah.
Sementara syarat usia untuk masuk SR jenjang SD yakni minimal 7 tahun dan maksimal 12 tahun. Sedangkan untuk jenjang SMP, maksimal 15 tahun dan sudah lulus SD/ sederajat. Bagi jenjang SMA, berusia maksimal 21 tahun dan lulus SMP/ sederajat. Kelulusan tersebut dibuktikan dengan terbitnya ijazah, Surat Keterangan Lulus (SKL), atau dokumen lain yang menyatakan kelulusan.
(yun/dan)",Indah Mei Yunita,A. Nugroho,2026-06-14 15:23:46,Pendidikan,https://cdn-jpr.jawapos.com/images/15/2026/06/14/pembelajaran-siswa-sekolah-rakyat-terintegrasi-47-malang-jenjang-sma-mengikuti-kegiatan-belajar-mengajar-2lxet.webp,https://radarmalang.jawapos.com/pendidikan/2606140029/tiap-rombel-siswa-sekolah-rakyat-srigonco-malang-bertambah-ini-detailnya,radar_malang
FILKOM UB Raih Penghargaan The Sustainable Development Goals Award UB 2026,"MALANG KOTA, RADAR MALANG
- Fakultas Ilmu Komputer Universitas Brawijaya
(FILKOM UB)
meraih Juara II dalam ajang The Sustainable Development Goals Award UB 2026 yang diselenggarakan Unit Pelaksana Teknis (UPT) Reputation Center Universitas Brawijaya.
Penghargaan tersebut diumumkan dalam rangkaian kegiatan International Conference on Sustainable Development Goals (SDGs) 2026 yang digelar secara hybrid di Auditorium Algoritma FILKOM UB, Kamis (11/6).
International Conference on SDGs merupakan forum yang diinisiasi UPT Reputation Center UB untuk mempromosikan penelitian lintas disiplin ilmu guna mendukung pembangunan berkelanjutan di tingkat global.
Kegiatan tersebut didukung oleh Lembaga Pengelola Dana Pendidikan (LPDP) atas nama Kementerian Pendidikan Tinggi, Sains, dan Teknologi Republik Indonesia melalui Program Enhancing Quality Education for International University Impacts and Recognition (EQUITY).
Sebanyak 345 peserta dari berbagai negara mengikuti konferensi tersebut. Dari jumlah itu, terdapat 311 presenter, sembilan presentasi poster ilmiah, serta 25 peneliti muda (young researchers) yang turut berpartisipasi.
Dalam perhelatan tersebut, panitia juga memberikan penghargaan kepada fakultas dan Sekolah Pascasarjana di lingkungan Universitas Brawijaya untuk kategori SDGs 1 hingga SDGs 17.
FILKOM UB berhasil meraih Juara II kategori SDG 08: Decent Work and Economic Growth (Pekerjaan Layak dan Pertumbuhan Ekonomi). Penghargaan tersebut diterima langsung oleh Dekan FILKOM UB,
Ir. Tri Astoto Kurniawan, S.T., M.T., Ph.D., IPM.
Dekan FILKOM UB menyampaikan apresiasi kepada seluruh sivitas akademika dan tenaga kependidikan yang telah berkontribusi dalam pencapaian tersebut.
“Capaian luar biasa ini adalah buah dari kerja keras dan komitmen kita bersama. Namun, di balik penghargaan ini, masih banyak pekerjaan rumah yang harus kita selesaikan. Kita tidak boleh cepat berpuas diri. Justru, momentum ini harus menjadi pelecut semangat untuk terus melakukan kegiatan pendidikan, penelitian, dan pengabdian kepada masyarakat yang berkorelasi langsung dengan pencapaian 17 poin SDGs secara keseluruhan,” ujarnya.
Menurutnya, penghargaan tersebut menjadi motivasi bagi FILKOM UB untuk terus memperkuat kontribusi dalam bidang pendidikan, penelitian, dan pengabdian kepada masyarakat yang selaras dengan tujuan pembangunan berkelanjutan.
Pencapaian ini sekaligus mempertegas komitmen FILKOM UB dalam mengintegrasikan keilmuan komputer dengan berbagai upaya mendukung pencapaian Sustainable Development Goals (SDGs). (roy/akb)",Kholid Amrullah,Kholid Amrullah,2026-06-14 12:54:40,Pendidikan,https://cdn-jpr.jawapos.com/images/15/2026/06/14/doc-psik-filkom-ub-ikKQg.webp,https://radarmalang.jawapos.com/pendidikan/2606140024/filkom-ub-raih-penghargaan-the-sustainable-development-goals-award-ub-2026,radar_malang
"Tampung 2.003 Pelajar dari Jalur Domisili, SPMB SMA/SMK Negeri di Malang Sisakan Kuota Segini","MALANG KOTA, RADAR MALANG
- Persaingan masuk SMA/SMK negeri jalur domisili cukup ketat. Dari 55.467 peminat yang mendaftar jalur domisili di SMA dan konsentrasi keahlian di SMK, hanya 2.003 pelajar yang diterima. Rinciannya terdiri dari 1.251 pelajar di SMA negeri dan 752 pelajar di jenjang SMK negeri.
Kini hanya tersisa 8.957 kuota untuk masuk SMK/SMK negeri. Yaitu 886 posisi dari jalur prestasi akademik SMA negeri. Serta, 4.778 posisi di jalur prestasi akademik SMK negeri. Untuk jalur prestasi hasil lomba, SMA negeri membuka 178 kuota dan SMK negeri membuka 373 kuota.
Baca Juga:
SMK Swasta di Kota Malang Optimistis Bisa Penuhi Pagu SPMB 2026
”Masih ada juga dari jalur afirmasi, jenjang SMA kami membuka 1.071 kursi dan jenjang SMK 1.120 kursi,” ujar Kasi SMA Cabang Dinas Pendidikan Kota Malang dan Kota Batu Asrofi. Terakhir untuk jalur mutasi porsinya lebih sedikit. Jenjang SMA membuka 178 kuota dan SMK untuk 373 siswa.
Asrofi menyebut, jalur domisili persaingannya sangat sengit karena menjadi pembuka pendaftaran. Baik pendaftar dengan nilai tinggi maupun rendah ikut bersaing. ”Contohnya di SMAN 9 Kota Malang, pendaftar domisili ada 1.230 pelajar, tapi yang diterima hanya 123 saja,” ujarnya.
Untuk jenjang SMA, proses seleksi memang mengedepankan nilai siswa. Meski di jalur domisili, pertimbangan utamanya yakni perbandingan nilai siswa dulu, baru jarak rumah dengan sekolah. Berbeda dengan seleksi jenjang SMK yang murni mempertimbangkan jarak dan usia pendaftar untuk jalur domisili.
Baca Juga:
Kuota Terbatas, 7.230 Pendaftar SPMB Jalur Domisili SD-SMP di Kota Malang Bakal Gugur
Perkiraan jalur lain yang cukup sengit yakni di prestasi akademik. Khususnya untuk jenjang SMA. Sebab pendaftar dengan nilai tinggi sebagian sudah terjaring melalui jalur domisili dengan nilai rata-rata akhir 80 ke atas. ”Mestinya untuk jalur prestasi akademik nanti rata-ratanya lebih tinggi dari sebelumnya ya,” lanjut Asrofi.
Sebagai contoh seleksi di SMAN 9 Kota Malang. Dari 123 pendaftar yang diterima jalur domisili, rata-rata nilai tertinggi 94.46 dengan jarak 2,3 kilometer. Serta nilai terendah 84.58 dengan jarak rumah 2 kilometer.
Untuk SMAN 1 Kota Malang, nilai tertinggi yang diterima jalur domisili yakni 94.18, meski jarak rumah pendaftar dengan sekolah mencapai 4,3 kilometer. Sementara nilai terendahnya 86.81 dengan jarak 1,1 kilometer.
Selanjutnya ada SMAN 8 Kota Malang, dengan nilai tertinggi 89.92 dan jarak rumah 1,2 kilometer. Sementara nilai terendah 84.16 dengan jarak rumah dengan sekolah mencapai 752 meter.
(aff/by)",Nahdiatul Affandiah,A. Nugroho,2026-06-14 11:10:31,Pendidikan,https://cdn-jpr.jawapos.com/images/15/2026/06/14/persaingan-ketat-siswa-siswi-sman-4-kota-malang-mulai-mempelajari-materi-untuk-ujian-akhir-sekolah-bulan-lalu-nahdiatul-affandiahradar-malang-ElQre.webp,https://radarmalang.jawapos.com/pendidikan/2606140022/tampung-2003-pelajar-dari-jalur-domisili-spmb-smasmk-negeri-di-malang-sisakan-kuota-segini,radar_malang
Masih Tersedia 5.000 Kuota di 75 SMP Swasta di Kota Malang,"MALANG KOTA, RADAR MALANG -
Hasil Seleksi Penerimaan Murid Baru (SPMB) jalur domisili jenjang SMP sudah diumumkan Jumat lalu (12/6). Hasilnya, dari 9.263 pendaftar, ada 2.939 pelajar yang diterima. Kini tersisa 4.421 kursi untuk masuk SMP negeri.
Selain SMP negeri, atau SMP swasta yang bisa menjadi opsi. Total ada 88 SMP swasta di Kota Malang. Dari total itu, sudah ada 13 SMP yang pagunya telah terpenuhi. ”Sekolah swasta yang pagunya belum terpenuhi masih lebih banyak, total ada 75 satuan pendidikan,” ujar Ketua Musyawarah Kerja Kepala Sekolah (MKKS) SMP Swasta Rudiyanto.
Baca Juga:
Hanya 22 Persen Lulusan SMP Tertampung di Sekolah Negeri, 31 Ribu Siswa Beralih ke Swasta
Total masih tersisa 5.000-an kursi di SMP swasta. Rudi menyebut bahwa SPMB tahun ini mencerminkan dinamika pilihan masyarakat yang cukup beragam. Ditambah karakteristik sekolah yang dituju makin beragam.
Di Kota Malang, banyak sekolah swasta menawarkan spesialisasi bidang yang cukup mendalam. Mulai dari program keagamaan, internasional, hingga keterampilan vokasi. Karena itu perlu pengelompokan data program unggulan masing-masing sekolah agar calon pendaftar leluasa memilih.
Rata-rata sekolah yang belum memenuhi pagu banyak mengambil sektor kewirausahaan sebagai spesialisasi. Ada juga yang fokus ke kurikulum internasional. Hingga pembelajaran berbasis agama seperti Tahfidz Quran.
Baca Juga:
SPMB Jalur Domisili, Warga Banyak Keluhkan Problem Koordinat Rumah di Google Maps
SPP yang disediakan juga beragam. Beberapa sekolah memilih tak mematok biaya bulanan untuk sekolahnya. Beberapa sekolah lain mematok harga tinggi karena berkiblat kurikulum luar negeri.
Rata-rata SPP yang ditawarkan di harga Rp 300 ribu hingga Rp 600 ribu. Namun ada juga yang tidak mematok SPP. Ada juga yang mematok uang bulanan hingga Rp 14 juta. ”Keberagaman spesialisasi dan jenis layanan yang diberikan sekolah itu menandai pendidikan di Kota Malang cukup maju,” lanjut Rudi.
Sebab masyarakat memiliki banyak pilihan sekolah untuk anak bagi orang tua yang tak ingin menyekolahkan anaknya di sekolah negeri. Dengan persaingan ketat itu, ekosistem sekolah swasta tentu makin sehat karena seluruh pihak mengusahakan pertumbuhan masing-masing lembaga.
(aff/by)",Nahdiatul Affandiah,A. Nugroho,2026-06-14 11:01:32,Pendidikan,https://cdn-jpr.jawapos.com/images/15/2026/06/14/optimistis-penuhi-pagu-siswa-siwi-smp-sriwedari-menyimak-pembelajaran-dari-salah-satu-guru-beberapa-waktu-lalu-nahdiatul-affandiahradar-malang-ZEx0D.webp,https://radarmalang.jawapos.com/pendidikan/2606140021/masih-tersedia-5000-kuota-di-75-smp-swasta-di-kota-malang,radar_malang
Ingin Mengajar di Sekolah Islam? Jurusan PGMI Bisa Jadi Pilihan,"MALANG, RADAR MALANG
– Bagi lulusan SMA yang tertarik menjadi guru di lingkungan pendidikan Islam, Pendidikan Guru Madrasah Ibtidaiyah (PGMI) dapat menjadi salah satu pilihan jurusan kuliah yang layak dipertimbangkan.
Jurusan ini dirancang untuk mempersiapkan calon guru yang mampu mengajarkan mata pelajaran umum sekaligus pendidikan agama Islam di tingkat Madrasah Ibtidaiyah.
Belajar Ilmu Umum dan Keagamaan
Menurut laman Guru Binar, mahasiswa PGMI akan mempelajari berbagai mata kuliah dasar seperti matematika, IPA, bahasa Indonesia, pendidikan kewarganegaraan, hingga pendidikan olahraga. Selain itu, mereka juga mendapatkan pembelajaran keislaman seperti ulumul Qur'an, ulumul hadis, aqidah akhlak, praktik ibadah, dan tahsin Al-Qur'an.
Baca Juga:
Kuota Terbatas, 7.230 Pendaftar SPMB Jalur Domisili SD-SMP di Kota Malang Bakal Gugur
Kombinasi ilmu tersebut membuat lulusan PGMI memiliki kompetensi yang sesuai dengan kebutuhan pendidikan dasar berbasis Islam.
Kebutuhan Guru Masih Tinggi
Jumlah Madrasah Ibtidaiyah di Indonesia yang mencapai puluhan ribu sekolah menjadi salah satu faktor yang membuat prospek lulusan PGMI cukup menjanjikan. Kebutuhan tenaga pendidik yang memahami ilmu umum sekaligus agama Islam masih terus diperlukan di berbagai daerah.
Tidak hanya menjadi guru kelas, lulusan PGMI juga berpeluang berkarier sebagai guru agama, pengajar di lembaga pendidikan Islam, maupun pembina kegiatan keagamaan.
Baca Juga:
Hari Pertama SPMB SMA/SMK, Warga Keluhkan Nilai TKA Tak Muncul di Website
Pilihan Karier yang Beragam
Selain dunia pendidikan formal, lulusan PGMI juga dapat berkiprah di lembaga sosial dan keagamaan. Kemampuan mengajar dan pemahaman keagamaan yang diperoleh selama kuliah menjadi bekal penting untuk berbagai profesi yang berhubungan dengan pendidikan masyarakat.
Karena itu, jurusan ini dinilai cocok bagi siswa yang ingin menggabungkan minat mengajar dengan ketertarikan pada bidang keislaman sekaligus dalam bidang pendidikan.",Choirun Nisa,Aditya Novrian,2026-06-13 10:00:26,Pendidikan,https://cdn-jpr.jawapos.com/images/15/2026/06/12/mahasiswa-universitas-islam-nusantara-mengajar-di-salah-satu-sekolah-madrasah-ibtidaiyah-sumber-fai-uninus-universitas-islam-nusantara-B5qVr.webp,https://radarmalang.jawapos.com/pendidikan/2606130016/ingin-mengajar-di-sekolah-islam-jurusan-pgmi-bisa-jadi-pilihan,radar_malang
SMK Swasta di Kota Malang Optimistis Bisa Penuhi Pagu SPMB 2026,"MALANG KOTA, RADAR MALANG
- Beberapa SMK swasta di Kota Malang masih berjuang untuk memenuhi kuota SPMB 2026 ini. Salah satunya yakni SMK Muhammadiyah 1 Kota Malang. Ketua Panitia SPMB 2026 SMK Muhammadiyah 1 Kota Malang Yanuar Yoseph Raja mengatakan, pihaknya membuka pendaftaran untuk dua gelombang.
Sistemnya tidak hanya menerima, namun juga ada seleksi di masing-masing gelombang. ”Untuk gelombang pertama kami menyebutnya dengan
good talent
. Berlangsung mulai 15 September 2025 sampai Januari 2026,” sebut Yanuar. Dalam gelombang pertama itu, pihaknya melihat siswa-siswi yang memiliki prestasi. Baik prestasi akademik maupun non-akademik.
Baca Juga:
Kuota SPMB di SMP Negeri Kota Malang Tersisa 4.421 Kursi, Ini Rincian Jalurnya
Pada prestasi akademik, beberapa kriteria murid yang dicari seperti memiliki nilai rapor baik. Hingga yang menguasai Tahfidz Alquran. Sementara prestasi non-akademik seperti seni dan olahraga.
Kemudian gelombang kedua dibuka dari Januari sampai sebelum masa pengenalan lingkungan sekolah (MPLS) atau pada 5 Juli mendatang. Untuk gelombang kedua disebut
excellent student
. ”Di jalur ini, kami melihat anak-anak yang memiliki prestasi rapor dengan ranking dari satu sampai 5,” sambung Yanuar.
Kuota yang dibuka di sana pada tahun ini masih sama seperti tahun lalu. Yakni 300 murid. ”Sampai sekarang sudah ada 183 anak yang mendaftar di tempat kami. Kemungkinan akan semakin banyak pada Juli sampai Agustus nanti,” kata Yanuar.
Baca Juga:
Wali Murid Keluhkan Urutan Jalur SPMB SMK Negeri di Kota Malang
Menurut dia, pada dua bulan tersebut biasanya masih ada yang mendaftar. Sebab sekarang kebanyakan masih fokus mencoba di jalur penerimaan SMA maupun SMK negeri. Ke depan, Yanuar berharap agar anak-anak yang bersekolah di SMA atau SMK sederajat semakin merata.
Sebab untuk saat ini rasio lulusan SMP tidak sebanding dengan banyaknya jumlah SMK. Belum lagi animo anak-anak yang ingin mendaftar ke SMA negeri maupun swasta. ”Di lapangan saya juga menjumpai SMK negeri sekarang sudah boleh presentasi di SMP. Padahal, sebelumnya hanya SMK swasta saja,” tutur Yanuar. Meski begitu pihaknya tetap optimistis tahun ini bisa mendapat banyak murid.
Terpisah, Kepala SMK Kartika IV-1 Sunari juga menyampaikan hal serupa. Untuk menggaet banyak murid, pihaknya sudah membuka pendaftaran sejak 2025. ”Kalau kami tahun ini membuka kuota untuk 150 murid. Nantinya disebar ke 5 kelas,” beber Sunari.
Kuota yang dibuka sama dengan tahun lalu. Dari ratusan siswa yang diterima, paling banyak mendaftar di Jurusan Tata Boga dan Jurusan Kecantikan. Selain membuka masa pendaftaran yang panjang, pihak sekolah juga rajin melakukan promosi di internet maupun secara langsung.
”Selama promosi, kami banyak menyampaikan program unggulan. Mulai dari kegiatan sekolah yang menggandeng mitra hingga prestasi yang diraih para murid yang sudah lebih dulu masuk,” terang Sunari.
(mel/by)",Nabila Amelia,A. Nugroho,2026-06-13 08:41:58,Pendidikan,https://cdn-jpr.jawapos.com/images/15/2026/06/13/ribuan-siswa-sudah-terdata-sejumlah-pelajar-smp-mendatangi-sman-4-malang-untuk-mengambil-pin-spmb-2026-awal-juni-lalu-7eoPH.webp,https://radarmalang.jawapos.com/pendidikan/2606130027/smk-swasta-di-kota-malang-optimistis-bisa-penuhi-pagu-spmb-2026,radar_malang
Wali Murid Keluhkan Urutan Jalur SPMB SMK Negeri di Kota Malang,"MALANG KOTA, RADAR MALANG
– Sebanyak 8.512 pelajar sudah mengakses
Personal Identification Number
(PIN) untuk mengikuti Seleksi Penerimaan Murid Baru (SPMB) jenjang SMA/SMK negeri tahun ini. Di jenjang SMA negeri Kota Malang, total kuota tahun ini sekitar 3.600 kursi. Sementara di jenjang SMK negeri, kuotanya mencapai 7.467 kursi.
Jumlah kuota SMK negeri lebih banyak lantaran tiap sekolah memiliki lebih dari empat konsentrasi keahlian. Contohnya di SMKN 4 Kota Malang, yang tahun ini membuka kuota untuk 882 kursi. Sebab, sekolah itu memiliki 8 konsentrasi keahlian sekaligus.
Untuk pembagian porsi jalur penerimaan, jenjang SMK lebih banyak menerima siswa dari jalur prestasi akademik. Porsinya mencapai 65 persen atau sekitar 4.846 siswa. Sementara jalur paling sedikit dari mutasi dan afirmasi. Masing-masing porsinya 5 persen atau sekitar 373 siswa.
Rofiah, salah satu wali murid asal Kecamatan Kedungkandang menyayangkan seleksi domisili menjadi jalur pertama yang dibuka. Menurut dia, lebih baik SPMB jenjang SMK diawali dari jalur prestasi akademik yang kuotanya paling banyak.
Sehingga semua pendaftar bertempur di jalur itu terlebih dahulu. “Baru jalur domisili bisa jadi alternatif bagi pendaftar yang tidak terlalu yakin dengan nilai yang dimiliki,” ujar dia.
Baca Juga:
Kuota SPMB di SMP Negeri Kota Malang Tersisa 4.421 Kursi, Ini Rincian Jalurnya
Alasannya karena jalur domisili hanya mempertimbangkan jarak sekolah dengan rumah dan usia pendaftar. Banyak kemungkinan siswa yang memiliki nilai tinggi dan rumahnya dekat sekolah bisa diterima jalur domisili. Padahal seharusnya nilai itu mampu bersaing di jalur prestasi akademik terlebih dahulu.
Menanggapi urutan pembukaan jalur pendaftaran itu, Panitia SPMB SMA/SMK Cabang Dinas Pendidikan Kota Malang dan Kota Batu Hendra Setiawan menuturkan bahwa orang tua tak perlu khawatir. Sebab daya tampung jenjang SMK Negeri cukup tinggi. “Kalau merasa nilai anaknya mampu bersaing di jalur prestasi akademik, tinggal daftar saja sesuai tanggalnya dan kesempatan diterima semakin besar,” ujarnya.
Masalah lain yang kerap terjadi dalam pendaftaran jenjang SMK Negeri adalah pendaftar yang lupa mencantumkan surat keterangan sehat. Padahal, syarat itu wajib ada saat pengambilan PIN. Namun banyak pendaftar yang belum melengkapinya hingga kebingungan saat hari pendaftaran. Sebab, akunnya tidak bisa diakses.
Baca Juga:
Keluhkan Nilai TKA Tak Muncul di Website SPMB
“Dalam sehari setidaknya ada 5 sampai 6 pendaftar yang melaporkan kejadian itu,” ujar Hendra. Untungnya verifikasi kesehatan bisa dilaporkan ke SPMB Provinsi untuk meminta solusi. Kini pihaknya masih menunggu beberapa pendaftar yang belum bisa mengakses SPMB karena halangan tersebut.
Melihat terbatasnya siswa yang mengakses PIN dan kuota SMK negeri yang cukup banyak, Hendra melihat ada potensi kuotanya tak bakal terpenuhi. Untuk itu pihaknya kemungkinan besar bakal membuka sesi pemenuhan kuota. Namun kepastian itu bakal diumumkan setelah daftar ulang jalur prestasi akademik usai.
(aff/by)",Nahdiatul Affandiah,A. Nugroho,2026-06-13 08:31:50,Pendidikan,https://cdn-jpr.jawapos.com/images/15/2026/06/13/masih-berjalan-salah-satu-warga-bersama-putrinya-konsultasi-ke-panitia-spmb-di-kantor-cabdin-kota-malang-kota-batu-kamis-lalu-116-nahdiatul-affandiahradar-malang-YCS19.webp,https://radarmalang.jawapos.com/pendidikan/2606130026/wali-murid-keluhkan-urutan-jalur-spmb-smk-negeri-di-kota-malang,radar_malang
"Kuota SPMB di SMP Negeri Kota Malang Tersisa 4.421 Kursi, Ini Rincian Jalurnya","MALANG KOTA, RADAR MALANG
– Pendaftaran masuk SMP negeri jalur domisili sudah diumumkan kemarin (12/6). Dari 9.263 pendaftar, tercatat ada 2.939 pelajar yang diterima. Saat ini, pendaftaran ke SMP negeri menyisakan jalur mutasi, afirmasi, dan prestasi.
Tiga jalur itu hanya bisa menampung 4.421 pelajar lagi. Yakni dari jalur afirmasi sebanyak 1.840 kursi, serta jalur prestasi akademik dan non-akademik membuka 1.475 posisi. Paling sedikit dari jalur mutasi sebanyak 365 kursi.
Paling banyak sisa kuota ada di jalur afirmasi. Jalur itu dikhususkan bagi masyarakat yang tidak mampu secara finansial dan penyandang disabilitas. Pagunya 25 persen, dengan pembagian 20 persen untuk pendaftaran yang tidak mampu secara ekonomi. Sementara 5 persennya untuk penyandang disabilitas.
”Bukti yang harus dilampirkan seperti Kartu Indonesia Pintar (KIP) atau Kartu Disabilitas dari Kementerian Sosial,” ujar Kepala Bidang (Kabid) Pendidikan Dasar dan Menengah Dinas Pendidikan dan Kebudayaan Kota Malang Muflikh Adhim. Pendaftarannya dibuka mulai 15 sampai 17 Juni mendatang. Kemudian disusul pengumuman seleksi pada 19 Juni.
Perkiraan jalur yang persaingannya ketat ada di prestasi akademik. Tahun ini hanya 1.475 kuota yang dibuka. Melibatkan nilai dari rata-rata rapor dan TKA (Tes Kemampuan Akademik). Khusus jalur prestasi akademik, rata-rata rapor pendaftar minimal 85,00. Itu dilihat dari rapor kelas 4 sampai 6. Bobot nilai rapor itu cukup ringan, hanya 25 persen saja.
”Paling berat bobotnya di nilai TKA kalau untuk prestasi akademik, totalnya sampai 75 persen,” lanjut Adhim. Jadi perhitungannya 0,25 untuk rata-rata nilai rapor dan 0,75 untuk nilai TKA. Apabila ada pendaftar yang memiliki hasil nilai akhir sama, maka yang diterima adalah pendaftar dengan TKA lebih tinggi.
Urutannya bakal dilihat dari nilai Matematika dulu baru nilai Bahasa Indonesia. Apabila keduanya sama, baru diprioritaskan pendaftar yang jarak rumahnya dekat dengan sekolah. Jalur prestasi akademik itu bakal dibuka pada 22 sampai 24 Juni mendatang.
Apabila dari rangkaian jalur seleksi itu masih menyisakan kuota, Adhim bakal membuka perpanjangan pendaftaran. Biasanya siswa dari luar domisili Kota Malang baru diizinkan mendaftar juga. Namun jadwalnya bisa dipastikan setelah pendaftaran jalur mutasi berakhir.
(aff/by)",Nahdiatul Affandiah,A. Nugroho,2026-06-13 07:56:14,Pendidikan,https://cdn-jpr.jawapos.com/images/15/2026/06/13/ilistrasi-siswa-smp-di-malang-Sd77W.webp,https://radarmalang.jawapos.com/pendidikan/2606130023/kuota-spmb-di-smp-negeri-kota-malang-tersisa-4421-kursi-ini-rincian-jalurnya,radar_malang
"Wali Murid Protes, Jalur Domisili SMA Negeri Dinilai Lebih Mirip Jalur Prestasi","MALANG KOTA, RADAR MALANG
– Jalur domisili dalam Seleksi Penerimaan Murid Baru (SPMB) SMA Negeri di Kota Malang menuai keluhan dari sejumlah wali murid. Pasalnya, seleksi yang seharusnya mempertimbangkan kedekatan tempat tinggal dengan sekolah kini lebih banyak ditentukan oleh nilai akademik siswa.
Perubahan skema tersebut membuat persaingan masuk SMA negeri semakin ketat. Dari lima jalur penerimaan yang dibuka tahun ini, hampir seluruhnya menempatkan capaian akademik sebagai faktor utama penilaian, termasuk pada jalur domisili.
“Sejak tahap pertama jalur domisili dibuka, nilai para pendaftar tinggi-tinggi. Banyak yang akhirnya minder melihat persaingan yang ada,” ujar Lita, wali murid asal Kecamatan Lowokwaru.
Baca Juga:
Hari Pertama SPMB SMA/SMK, Warga Keluhkan Nilai TKA Tak Muncul di Website
Nilai Akademik Jadi Faktor Pertama Seleksi
Pada jalur domisili tahun ini, sistem seleksi menggunakan komposisi 40 persen nilai Tes Kemampuan Akademik (TKA) dan 60 persen nilai rapor. Setelah itu, baru mempertimbangkan jarak rumah dengan sekolah tujuan.
Jika masih terdapat nilai yang sama, faktor usia menjadi penentu berikutnya. Pendaftar yang lebih tua akan mendapatkan prioritas dibanding peserta lain.
Kebijakan tersebut membuat sebagian wali murid menilai fungsi jalur domisili mengalami pergeseran. Sebab, kedekatan lokasi tempat tinggal tidak lagi menjadi pertimbangan utama dalam proses seleksi.
Baca Juga:
Aturan KK SPMB Jenjang SMA/SMK Dikeluhkan, Siswa Diasuh Keluarga di Kota Malang Gagal Daftar Sekolah Negeri
Wali Murid Menilai Mirip Jalur Prestasi
Menurut Lita, apabila seleksi lebih banyak bertumpu pada capaian akademik, maka mekanismenya dinilai tidak jauh berbeda dengan jalur prestasi.
Dia berpendapat siswa dengan nilai akademik tinggi seharusnya bersaing lebih dahulu melalui jalur prestasi. Dengan demikian, jalur domisili dapat memberikan peluang lebih besar bagi siswa yang tinggal di sekitar sekolah namun memiliki nilai rata-rata.
“Kalau dari awal yang dilihat nilai, seharusnya pendaftar dengan nilai tinggi masuk jalur prestasi akademik. Jadi jalur domisili benar-benar mempertimbangkan kedekatan tempat tinggal,” katanya.
Menurutnya, sistem yang berlaku saat ini membuat banyak orang tua kesulitan memprediksi peluang anak mereka diterima di sekolah tujuan meski lokasi rumah relatif dekat.
Persaingan Masuk SMA Negeri Semakin Ketat
Penerapan formula baru dalam SPMB 2026 membuat persaingan masuk SMA Negeri di Kota Malang semakin kompetitif. Selain harus memenuhi syarat administrasi domisili, calon peserta didik juga dituntut memiliki nilai rapor dan TKA yang tinggi agar mampu bersaing.
Kondisi tersebut membuat sejumlah wali murid mulai aktif berkonsultasi ke Cabang Dinas Pendidikan (Cabdin) Wilayah Kota Malang untuk memahami mekanisme seleksi yang diterapkan tahun ini.
Mereka berharap evaluasi dapat dilakukan pada pelaksanaan SPMB berikutnya agar tujuan awal jalur domisili sebagai akses pendidikan bagi warga sekitar sekolah tetap terjaga tanpa mengabaikan aspek pemerataan kesempatan belajar.",Nahdiatul Affandiah,Aditya Novrian,2026-06-12 19:35:00,Pendidikan,https://cdn-jpr.jawapos.com/images/15/2026/06/12/wali-murid-mendatangi-kantor-cabdin-kota-malang-untuk-konsultasi-spmb-darmonoradar-malang-VtFyz.webp,https://radarmalang.jawapos.com/pendidikan/2606120059/wali-murid-protes-jalur-domisili-sma-negeri-dinilai-lebih-mirip-jalur-prestasi,radar_malang
"Kuota Terbatas, 7.230 Pendaftar SPMB Jalur Domisili SD-SMP di Kota Malang Bakal Gugur","MALANG KOTA, RADAR MALANG – Pendaftaran Seleksi Penerimaan Murid Baru (SPMB) jalur domisili jenjang SD dan SMP sudah ditutup pada Rabu malam (10/6). Dipastikan ada 7.230 pendaftar yang bakal gugur. Jumlah itu diketahui dari perbandingan total pendaftar dan kuota yang tersedia.
Total ada 16.987 pendaftar yang mengincar penerimaan jalur alamat terdekat dengan sekolah tersebut. Sementara kuota yang tersedia hanya 9.757 kursi saja. Jalur domisili memang mendominasi kuota SPMB. Terutama untuk jenjang SD.
Kuotanya mencapai 80 persen, atau ada 6.818 kursi yang tersedia di jenjang SD. Sementara jenjang SMP, tahun ini menerima 2.939 pelajar dari jalur domisili. Persaingan paling ketat ada di jenjang SMP. Sebab kuotanya hanya 40 persen.
”Kurang lebih sekitar 6.324 pendaftar (SMP) nanti yang tertolak,” ujar Kasi Pendidikan Dasar dan Menengah Dinas Pendidikan dan Kebudayaan Kota Malang Muflikh Adhim. Keketatan persaingan itu juga terlihat dari jarak rumah pendaftar.
Mayoritas rumah pendaftar yang tidak terdepak berjarak 800 meter dari sekolah. Meski begitu, ada beberapa sekolah yang jangkauan rumah dengan pendaftar lebih jauh. Seperti di SMPN 25. Jarak rumah pendaftar yang paling jauh dari sekolah sekitar 2,2 kilometer.
Biasanya, sekolah dengan pendaftar yang jauh itu bergantung pada kepadatan penduduk. Seperti di SMPN 28 Kota Malang di Kelurahan Polehan. Jarak paling jauh yang daftar sekitar 400 meter saja. Artinya, banyak anak di usia SMP yang bermukim di sekitar sekolah.
Untuk jenjang SD, seluruh rangkaian SPMB sudah ditutup. Baik melalui jalur domisili, afirmasi, maupun mutasi. Untuk jalur afirmasi, total ada 323 pendaftar dengan pagu 1.226 pelajar. Sementara jalur mutasi ada 283 pendaftar dari pagu 524 pelajar.
Pengumuman penerimaan dari tiga jalur itu bakal disiarkan hari ini (12/6). Lalu pendaftar diberi kesempatan daftar ulang dalam waktu dua hari. Mulai hari ini 12 Juni sampai 13 Juni.
”Untuk itu tiap pendaftar harus memperhatikan pemberitahuan dari akun masing-masing agar tidak ketinggalan informasi kalau sewaktu-waktu diminta mengunggah data,” pungkas Adhim.
(aff/by)",Nahdiatul Affandiah,Bayu Mulya Putra,2026-06-12 18:01:53,Pendidikan,https://cdn-jpr.jawapos.com/images/15/2026/06/11/tanya-tanya-sejumlah-wali-murid-mendatangi-posko-spmb-di-kantor-disdikbud-kota-malang-senin-lalu-86-nahdiatul-affandiahradar-malang-wlret.webp,https://radarmalang.jawapos.com/pendidikan/2606120011/kuota-terbatas-7230-pendaftar-spmb-jalur-domisili-sd-smp-di-kota-malang-bakal-gugur,radar_malang
"Hari Pertama SPMB SMA/SMK, Warga Keluhkan Nilai TKA Tak Muncul di Website ","MALANG KOTA, RADAR MALANG - Puluhan warga mendatangi Kantor Cabang Dinas Pendidikan Kota Malang dan Kota Batu, kemarin (11/6). Mereka melaporkan beberapa kendala dalam Seleksi Penerimaan Murid Baru (SPMB) jenjang SMA/SMK yang dimulai kemarin (11/6).
Contohnya nilai Tes Kemampuan Akademik (TKA) yang tak keluar. Juga kendala sistem SPMB yang terus menolak pendaftar. Salah satu pendaftar bernama Rivenda Aurelia mengaku sudah tuntas mengikuti TKA di sekolahnya. Namun nilai miliknya tak kunjung keluar. Padahal punya teman seangkatannya sudah terdata nilai TKA-nya.
Pelajar asal SMP Kartika itu sempat melapor ke sekolah. Dan, belum mendapat kejelasan hingga pengambilan PIN SPMB, beberapa waktu lalu. ”Ternyata setelah diruntut datanya, NISN (Nomor Induk Siswa Nasional) saya ada dua,” ujar pendaftar yang membidik SMKN 2 Malang itu.
Alhasil, nilai TKA miliknya tersangkut di NISN lama. Sementara saat sekolah menginput data SPMB, yang digunakan NISN baru. Ketidakcocokan data itu dikonfirmasi Panitia SPMB Cabdin Kota Malang Kota Batu Hendra Setiawan.
Pihaknya tidak memiliki kewenangan mengubah NISN karena masalah itu terjadi di jenjang SMP. Namun kasus tersebut sudah dilaporkan kepada panitia SPMB pusat untuk meminta arahan. Selain kasus NISN
double
seperti milik Rivenda, ada sekitar 5 sampai 6 siswa yang nilai TKA-nya tidak muncul.
Akibatnya, nilai yang terbaca data hanya hasil rapor saja. ”Karena sistem otomatis membagi porsi nilai rapor dan TKA, yang nilai TKA-nya nol jadi mendapat rata-rata rendah,” ujar Hendra. Padahal tahun ini SPMB tingkat SMA/SMK pertimbangan terbesarnya memakai hasil rata-rata rapor dan TKA.
Itu berlaku untuk semua jalur. Baik domisili, afirmasi, mutasi, prestasi akademik, dan prestasi non-akademik. Alhasil, Hendra melaporkan kasus itu kepada panitia pusat dan berharap paling lambat besok sudah tertangani.
Di tempat lain, Kepala Bidang (Kabid) Pendidikan Dasar dan Menengah Dinas Pendidikan dan Kebudayaan (Disdikbud) Kota Malang Muflikh Adhim mengonfirmasi adanya nilai TKA siswa SMP/MTs yang belum keluar.
Padahal sejak nilai diumumkan pada 26 Mei lalu, pihaknya terus mendesak Pusat Data dan Teknologi Informasi (Pusdatin) yang bertanggung jawab mengelola nilai TKA.
”Kami tidak memiliki wewenang untuk menginput data TKA, jadi bisanya bantu
follow-up
saja,” ujar Adhim. Terkait kasus NISN salah satu siswa yang
double
, Adhim mengaku belum mendapat laporan.
Namun pihaknya bisa membantu apabila sekolah melapor. Mengingat waktu pendaftaran makin terbatas, Adhim berharap problem nilai TKA yang tak kunjung keluar bisa segera selesai.
(aff/by)",Nahdiatul Affandiah,Bayu Mulya Putra,2026-06-12 16:06:11,Pendidikan,https://cdn-jpr.jawapos.com/images/15/2026/06/11/problem-di-sistem-dua-pendaftar-mengadukan-nilai-tka-yang-tak-muncul-kepada-panitia-spmb-di-kantor-cabdin-kota-malang-kota-batu-kemarin-116-darmonoradar-malang-1BjsA.webp,https://radarmalang.jawapos.com/pendidikan/2606120009/hari-pertama-spmb-smasmk-warga-keluhkan-nilai-tka-tak-muncul-di-website,radar_malang
"Cek Revitalisasi, Direktur Jenderal Pendidikan Menengah dan Pendidikan Khusus Berkunjung ke SMKN 12 Malang ","Kunjungan tersebut merupakan bagian dari proses pengecekan langsung hasil pembangunan fisik dan pengembangan ekosistem revitalisasi SMK.
Dalam kunjungan ke SMKN 12 Malang ini, Direktur Jenderal Pendidikan Menengah dan Pendidikan Khusus melakukan peninjauan hasil pembangunan fisik Ruang Praktik Siswa (RPS) dan Ruang Kelas Baru (RKB) Konsentrasi Keahlian Produksi Film. Hal tersebut berkaitan langsung dengan pemenuhan fasilitas pembelajaran yang lebih modern.
Direktur Jenderal Pendidikan Menengah dan Pendidikan Khusus Tatang Muttaqin SSos MEd PhD yang hadir langsung dalam kunjungan tersebut mengatakan proses revitalisasi ini harus terus dilanjutkan. Didampingi oleh Kepala Balai Besar Pengembangan Penjaminan Mutu Pendidikan Vokasi Bidang Otomotif dan Elektronika (BBPPMPV BOE) Dr Anwar Sidarta SSi MSi dan Kasi SMK Cabang Dinas wilayah Kota Malang dan Kota Batu Frenky Minggaryana Dwi Putra SSn MM, Tatang mengecek sejumlah pembangunan yang dilakukan di SMK ini.
""Revitalisasi di SMK tidak boleh berhenti pada pembangunan ruangan baru. Fokus utamanya adalah membangun ekosistem pembelajaran aman dan nyaman untuk mendongkrak kreativitas murid,"" tegas Tatang.
Di sela kunjungannya, para tamu undangan juga berkesempatan menyaksikan film 'JUMPRITAN'. Film ini merupakan hasil karya pembelajaran berbasis proyek (project based learning) siswa SMKN 12 Malang. Tepatnya para murid yang memilih konsentrasi keahlian Produksi Film. Film ini sendiri menjadi bukti nyata penguatan ekosistem belajar yang adaptif di SMKN 12 Malang dengan berkolaborasi dengan mitra industri.
Acara kemudian dilanjutkan dengan peninjauan pembelajaran Teaching Factory (TeFa) di beberapa konsentrasi keahlian. Mulai dari kuliner, di mana para tamu ikut menikmati hidangan yang sudah dibuat dan disiapkan langsung oleh para murid. Hingga peninjauan Sistem Penerimaan Murid Baru (SPMB), Pelaksanaan Sertifikasi Bahasa Asing, serta Skema Bahasa Inggris menggunakan ujian berstandar internasional TOEIC (Test of English for International Communication).
Kepala SMKN 12 Malang Joko Santoso, SPd MT sangat bersyukur dan terima kasih atas kunjungan lembaga pusat ke sekolahnya.
Menurutnya, keberadaan SMK sangatlah penting. Apalagi jika ditunjang fasilitas yang memadai dan lengkap.
""Transformasi fasilitas SMK diarahkan agar para siswa dapat mempraktikkan langsung ilmu teori mereka hingga menjadi produk nyata yang bernilai ekonomi,"" tandasnya.
Menurutnya, revitalisasi di SMK memang dirancang sedemikian rupa agar bisa bermanfaat secara maksimal. ""Karena itu, kompetensi yang diajarkan di dalam kelas selalu selaras dengan dinamika kebutuhan pasar industri modern,"" tutupnya.
(bes)",A. Nugroho,A. Nugroho,2026-06-12 15:07:25,Pendidikan,https://cdn-jpr.jawapos.com/images/15/2026/06/12/terbaik-direktur-jenderal-pendidikan-menengah-dan-pendidikan-khusus-tatang-muttaqin-ssos-med-phd-tengah-berfoto-dengan-produk-hasil-karya-siswi-smkn-12-malang-kamis-116-Xr4Ok.webp,https://radarmalang.jawapos.com/pendidikan/2606120046/cek-revitalisasi-direktur-jenderal-pendidikan-menengah-dan-pendidikan-khusus-berkunjung-ke-smkn-12-malang,radar_malang
150 Siswa SDIT Insantama Malang Belajar Mitigasi Bencana Alam,"MALANG KOTA, RADAR MALANG
- Kemampuan siswa menghadapi keadaan darurat seperti bencana alam terus dipupuk. 150 siswa SDIT Insantama Malang bersemangat mengikuti pelatihan mitigasi bencana kemarin (11/6). Dengan suasana ceria, mereka belajar menghadapi situasi darurat, seperti saat terjadi banjir atau terjadi gempa.
Ratusan siswa itu langsung belajar kepada Badan Penanggulangan Bencana Daerah (BPBD) Kota Malang. Dalam acara itu, mereka dikenalkan apa arti bencana, visualisasi gempa, dan banjir, hingga langkah apa saja yang harus dilakukan saat terjadi bencana.
Baca Juga:
Pemkot Malang Mulai Siapkan Mitigasi Bencana Kebakaran untuk Antisipasi Ancaman Musim Kemarau
Rinta Juniawati bersama 22 anggota Komite Sekolah yang memiliki ide dan merancang pelatihan kemarin. Pengenalan jenis bencana dan cara memitigasi itu dimaksudkan untuk mengisi waktu luang siswa setelah ujian. ”Pelatihan itu kami gelar untuk membentuk karakter anak yang tidak mudah panik saat terjadi situasi darurat,” ujar Rinta.
Menurutnya, acara kemarin merupakan rangkaian program orang tua mengajar. Sebuah program bonding antara anak dan orang tua agar pendidikan di lingkungan SDIT Insantama makin sempurna. Pendidikan yang berkelanjutan baik di sekolah maupun saat siswa berada di rumah.
”Sebelumnya, mereka juga menerima cara mitigasi dan penanganan kebakaran,” lanjut Rinta. Namun itu diadakan pada hari terpisah agar fokus anak-anak tidak buyar. Sebab dalam masa pertumbuhan, informasi harus disampaikan kepada anak secara perlahan dan menyeluruh.
Baca Juga:
Tugu Tirta Perkuat Mitigasi Dampak Proyek Drainase Soekarno - Hatta di Kota Malang
Acara itu menjadi agenda tahunan di SDIT Insantama. Itu menyusul, terbukti efektif mendukung ekosistem pendidikan yang merata.
(aff/gp)",Nahdiatul Affandiah,A. Nugroho,2026-06-12 14:49:55,Pendidikan,https://cdn-jpr.jawapos.com/images/15/2026/06/12/meriah-keseruan-siswa-sdit-insantama-malang-mengikuti-pelatihan-mitigasi-bencana-bersama-bpbd-kota-malang-kemarin-116-tj9Zo.webp,https://radarmalang.jawapos.com/pendidikan/2606120044/150-siswa-sdit-insantama-malang-belajar-mitigasi-bencana-alam,radar_malang
7.230 Pendaftar Jalur Domisili SDSMP Bakal Gugur,"MALANG KOTA, RADAR MALANG
– Pendaftaran Seleksi Penerimaan Murid Baru (SPMB) jalur domisili jenjang SD dan SMP sudah ditutup pada Rabu malam (10/6). Dipastikan ada 7.230 pendaftar yang bakal gugur. Jumlah itu di ketahui dari perbandingan total pendaftar dan kuota yang tersedia.
Total ada 16.987 pendaftar yang mengincar penerimaan jalur alamat terdekat dengan sekolah tersebut.
Baca Juga:
Keluhkan Nilai TKA Tak Muncul di Website SPMB
Sementara kuota yang tersedia hanya 9.757 kursi saja. Jalur domisili memang mendominasi kuota SPMB. Terutama untuk jenjang SD.
Kuotanya mencapai 80 persen, atau ada 6.818 kursi yang tersedia di jenjang SD. Sementara jenjang SMP, tahun ini menerima 2.939 pelajar dari jalur domisili. Persaingan paling ketat ada di jenjang SMP. Sebab kuotanya hanya 40 persen.
”Kurang lebih sekitar 6.324 pendaftar (SMP) yang nanti tertolak,” ujar Kasi Pendidikan Dasar dan Menengah Dinas Pendidikan dan Kebudayaan Kota Malang Muflikh Adhim. Keketatan persaingan itu juga terlihat dari jarak rumah pendaftar.
Baca Juga:
Hari Kedua SPMB di Kota Malang, Batasan Usia Banyak Dikhawatirkan Orang Tua Pelajar
Mayoritas rumah pendaftar yang tidak terdepak berjarak 800 meter dari sekolah. Meski begitu, ada beberapa sekolah yang jangkauan rumah dengan pendaftar lebih jauh. Seperti di SMPN 25. Jarak rumah pendaftar yang paling jauh dari sekolah sekitar 2,2 kilometer.
Biasanya, sekolah dengan pendaftar yang jauh itu bergantung pada kepadatan penduduk. Seperti di SMPN 28 Kota Malang di Kelurahan Polehan. Jarak paling jauh yang daftar sekitar 400 meter saja. Artinya, banyak anak di usia SMP yang bermukim di sekitar sekolah. Untuk jenjang SD, seluruh rangkaian SPMB sudah di tutup. Baik melalui jalur domisili, afirmasi, maupun mutasi. Untuk jalur afirmasi, total ada 323 pendaftar dengan pagu 1.226 pelajar.
Sementara jalur mutasi ada 283 pendaftar dari pagu 524 pelajar. Pengumuman penerimaan dari tiga jalur itu bakal disiarkan hari ini (12/6). Lalu pendaftar diberi kesempatan daftar ulang dalam waktu dua hari. Mulai hari ini 12 Juni sampai 13 Juni. ”Untuk itu tiap pendaftar harus memperhatikan pemberita huan dari akun masing-masing agar tidak ketinggalan informasi kalau sewaktu-waktu diminta mengunggah data, ,” pungkas Adhim.
(aff/by)",Nahdiatul Affandiah,A. Nugroho,2026-06-12 14:35:53,Pendidikan,https://cdn-jpr.jawapos.com/images/15/2026/06/12/ilustrasi-pendaftaran-sekolah-freepik-ox52S.webp,https://radarmalang.jawapos.com/pendidikan/2606120040/7230-pendaftar-jalur-domisili-sdsmp-bakal-gugur,radar_malang
Keluhkan Nilai TKA Tak Muncul di Website SPMB,"MALANG KOTA, RADAR MALANG
- Puluhan warga mendatangi Kantor Cabang Dinas Pendidikan Kota Malang dan Kota Batu, kemarin (11/6). Mereka melaporkan beberapa kendala dalam Seleksi Penerimaan Murid Baru (SPMB) jenjang SMA/SMK yang dimulai kemarin (11/6).
Contohnya yakni nilai Tes Kemampuan Akademik (TKA) yang tak keluar.
Baca Juga:
Pakar Pendidikan dari UM Dukung TKA Jadi Syarat Jalur Prestasi Akademik SPMB
Juga kendala sistem SPMB yang terus menolak pendaftar. Salah satu pendaftar bernama Rivenda Aurelia mengaku sudah tuntas mengikuti TKA di sekolahnya. Namun nilai miliknya tak kunjung keluar. Padahal punya teman seangkatannya sudah terdata nilai TKAnya.
Pelajar asal SMP Kartika itu sempat melapor ke sekolah. Dan, belum mendapat kejelasan hingga pengambilan PIN SPMB, beberapa waktu lalu. ”Ternyata setelah diruntut datanya, NISN (Nomor Induk Siswa Nasional) saya ada dua,” ujar pendaftar yang membidik SMKN 2 Malang itu.
Alhasil, nilai TKA miliknya tersangkut di NISN lama. Sementara saat sekolah menginput data SPMB, yang digunakan NISN baru. Ketidak cocokan data itu dikonfirmasi Panitia SPMB Cabdin Kota Malang Kota Batu Hendra Setiawan.
Baca Juga:
Pendaftar di Malang Bisa Mendaftar SPMB SMA/SMK Mulai Hari Ini
Pihaknya tidak memiliki kewenangan mengubah NISN karena masalah itu terjadi di jenjang SMP. Namun kasus tersebut sudah dilaporkan kepada panitia SPMB pusat untuk meminta arahan. Selain kasus NISN double seperti milik Rivenda, ada sekitar 5 sampai 6 siswa yang nilai TKAnya tidak muncul.
Akibatnya, nilai yang terbaca data hanya hasil rapor saja. ”Karena sistem otomatis membagi porsi nilai rapor dan TKA, yang nilai TKAnya nol jadi mendapat rata-rata rendah,” ujar Hendra. Padahal tahun ini SPMB tingkat SMA/SMK pertimbangan terbesarnya memakai hasil rata-rata rapor dan TKA.
Itu berlaku untuk semua jalur. Baik domisili, afirmasi, mutasi, prestasi akademik, dan prestasi nonakademik. Alhasil, Hendra melaporkan kasus itu kepada panitia pusat dan berharap paling lambat besok sudah tertangani.
Di tempat lain, Kepala Bidang (Kabid) Pendidikan Dasar dan Menengah Dinas Pendidikan dan Kebudayaan (Disdikbud) Kota Malang Muflikh Adhim mengonfirmasi adanya nilai TKA siswa SMP/MTs yang belum keluar. Padahal sejak nilai diumumkan pada 26 Mei lalu, pihaknya terus mendesak Pusat Data dan Teknologi Informasi (Pusdatin) yang bertanggung jawab mengelola nilai TKA.
”Kami tidak memiliki wewenang untuk menginput data TKA, jadi bisanya bantu follow up saja,” ujar Adhim. Terkait kasus NISN salah satu siswa yang double, Adhim mengaku belum mendapat laporan. Namun pihaknya bisa membantu apabila sekolah melapor. Mengingat waktu pendaftaran makin terbatas, Adhim berharap problem nilai TKA yang tak kunjung keluar bisa segera selesai.
Di sisi lain, beberapa SMA swasta yang sudah membuka pendaftaran murid baru lebih dulu terus bergerak sampai sekarang. Salah satunya yakni SMA Kristen Santa Maria Malang. Di sana, pendaftaran mulai dibuka Agustus 2025. Sampai sekarang, pendaftaran masih berlangsung. Rencananya pendaftaran ditutup akhir Juli 2026.
Waka Kesiswaan SMA Kristen Santa Maria Malang Francisca Currie Oktavianie mengungkapkan, sama seperti tahun-tahun sebelumnya, pihaknya membuka sebanyak 4 sampai 5 kelas. ”Kalau ditotal ada 120150 pelajar yang bisa kami terima,” ungkapnya.
Francisca menyebut, jumlah siswa yang diterima cendrung stabil selama dua tahun ter akhir. Meski demikian, ada sedikit penurunan dibanding 2024 lalu. Untuk menarik minat calon siswa maupun siswi, pihaknya rutin melakukan promosi.
Di sisi lain, ada pula sekolah-sekolah yang sudah menutup pendaftaran penerimaan murid baru. Seperti SMA Katolik St Albertus (Dempo).
Kepala SMA Dempo Antonius Sumardi mengatakan, pihaknya membuka pendaftaran sejak tahun 2025 lalu. Namun sekarang sudah ditutup.
Sebab pada 9 Juli 2026, kegiatan pengenalan sekolah rencananya sudah dilaksanakan. ”Kami menerima 400 murid untuk kelas 10 pada tahun ajaran 2026/2027,” beber Antonius. Menurut dia, jumlah yang diterima tahun ini lebih banyak dibanding tahun 2025. Tahun lalu, jumlahnya ada 378 murid.
(aff/mel/by)",Nabila Amelia,A. Nugroho,2026-06-12 13:52:08,Pendidikan,https://cdn-jpr.jawapos.com/images/15/2026/06/12/problem-di-sistem-dua-pendaftar-mengadukan-nilai-tka-yang-tak-muncul-kepada-panitia-spmb-di-kantor-cabdin-kota-malang-kota-batu-kemarin-116-AYila.webp,https://radarmalang.jawapos.com/pendidikan/2606120034/keluhkan-nilai-tka-tak-muncul-di-website-spmb,radar_malang
