title,subtitle,author,published_date,content,url
"Dorong Sertifikasi Halal di Sekolah dan Madrasah, LPH Unira Malang Gandeng LP Ma’arif Kabupaten Malang","Mayoritas Muslim, Minim Jaminan Halal? Ini Upaya LPH Unira Malang di Lingkungan Sekolah dan Madrasah",Kontributor,19 April 2026,"Malang, SeputarMalang.Com – Indonesia adalah salah satu negara berpenduduk yang hampir mayoritas masyarakatnya beragama Islam. Aturan dan sendi-sendi nafas kehidupan masyarakatnya tentu menganut dan berlandaskan pada ajaran agama Islam itu sendiri, diantara diwujudkan melalui sistem jaminan halal pada berbagai produk yang beredar di masyarakat tanpa terkecuali makanan dan minuman. Hal ini diperkuat dengan adanya regulasi dari pemerintah dan beberapa Lembaga serta institusi terkait lainnya seperti Majelis Ulama Indonesia (MUI), Kementerian Agama, Badan Penyelenggara Jaminan Produk Halal (BPJPH), Lembaga Pemeriksa Halal (LPH).
Diantara Lembaga yang turut berperan serta aktif mendukung kebijakan halal tersebut diantaranya adalah Lembaga Pemeriksa Halal (LPH) Universitas Islam Raden Rahmat (Unira) Malang yang diketuai oleh Dr. Ir. Dyah Pitaloka, M.P.
Sabtu (18/04/2026), bertempat dikantor LP Maarif Kabupaten Malang, LPH Unira Malang melakukan kegiatan bertajuk sosialisasi Halal dan Thoyib kepada Sekolah dan Madrasah dibawah naungan LP Maarif Kabupaten Malang. Kegiatan ini terselenggara atas kerja sama LPH UNIRA Malang dengan LP Maarif terkait dengan kebijakan pemerintah yang menyasar Lembaga pendidikan melalui program “makan bergizi gratis”.
Pada kegiatan ini menghadirkan dua narasumber yakni Prof. Dr. Ir. H. Muhammad Bisri, MS, IPU mantan rektor Universitas Brawijaya dan pengasuh PP. Bahrul Maghfiroh kota Malang sekaligus inisiator sertifikasi halal di Indonesia dan Prof. Dr. H. Abdul Malik Karim Amrullah, M.Pd.I ketua Maarif Kabupaten Malang dan juga guru besar di Universitas Islam Negeri Maulana Malik Ibrahim Malang (UIN Maliki).
Pada kegiatan tersebut Prof. Bisri menjelaskan bahwa Masyarakat Indonesia hampir mayoritas masyarakatnya beragama Islam, tapi potensi tersebut tidak dibarengi dengan jaminan produk halal yang beredar dimasyarakat luas. Hal ini berbanding terbalik seperti dinegara-negara diluar negeri salah satunya adalah Jepang, beliau juga menambahkan bahwa salah satu problem dan juga penyakit yang beredar dimasyarakat adalah berasal dari makanan dan minuman yang kita konsumsi berasal dari sumber yang tidak halal serta akan berpengeruh terhadap diri yang mengkonsumsinya.
Kegiatan ini disambut baik dan hangat oleh para peserta yang hadir, bahkan beberapa peserta mendukung dan menghendaki proses sertifikasi halal tersebut agar mudah diakses dan didampingi ditengah kehidupan sosial Masyarakat, terutama dilingkungan sekolah dan madrasah yang berada dibawah naungan LP Maarif Kabupaten Malang.",https://seputarmalang.com/pendidikan/seputar-kampus/berita-kampus/dorong-sertifikasi-halal-di-sekolah-dan-madrasah-lph-unira-malang-gandeng-lp-maarif-kabupaten-malang/2833/
Prestasi Gemilang! SMKN 8 Kota Malang Raih Juara di LKS Dikmen Jatim ke-XXXIV,Siswa SMKN 8 Kota Malang Torehkan Prestasi Gemilang di Bidang Mechatronics dan Web Technologies,Abe,10 April 2026,"Surabaya, SeputarMalang.Com – Kamis Malam (9/04/2026), Khofifah Indar Parawansa Gubernur Jawa Timur resmi menutup Lomba Kompetensi Siswa (LKS) Pendidikan Menengah (Dikmen) Jawa Timur ke-XXXIV tahun 2026 di SMKN 12 Surabaya,.
Dalam kesempatan penutupan tersebut, Khofifah menegaskan LKS bukan sekadar ajang lomba, melainkan instrumen penting untuk menjaring dan memetakan kompetensi siswa, sekaligus mendorong lahirnya talenta unggul untuk Indonesia kedepan.
Sementara itu, prestasi membanggakan kembali dicatatkan oleh siswa Sekolah Menengah Kejuruan Negeri (SMKN) 8 Kota Malang dalam ajang kompetisi bidang keahlian. Dua bidang unggulan yang prestisius, yakni Mechatronics dan Web Technologies , berhasil mengantarkan para siswa meraih juara dan mengharumkan nama sekolah di level regional.
Pada bidang Mechatronics , tim siswa SMKN 8 Kota Malang berhasil meraih Juara 2. Tim ini terdiri dari M. Royyan Prastiya (XII ELIN B) dan Bahirrah Qurrota A’yun (XII METRO B) yang menunjukkan kemampuan teknis dan kolaborasi yang solid dalam menghadapi tantangan lomba. Keberhasilan ini tidak lepas dari bimbingan intensif yang diberikan oleh pembimbing mereka, Sholhan Fatahuddin, S.Pd., yang turut mengawal proses persiapan hingga pelaksanaan lomba.
Prestasi gemilang diraih pada bidang Web Technologies. Foreno Faisal Fahri, siswa kelas XII RPL A, sukses meraih Juara 1 berkat kemampuan unggul dalam pengembangan teknologi web, kreativitas desain, serta ketepatan solusi yang dihadirkan dalam kompetisi tersebut. Prestasi ini tidak lepas peran pembimbing Danang Dwi Gusti Fajar Yanto, S.Kom., yang memberikan arahan teknis dan detail dalam penguatan kapasitas peserta didik. Dan sebagai informasi juara 1 akan dipersiapkan untuk mewakili ke lomba tingkat nasional.
Kepala SMKN 8 Kota Malang, Drs. Suryanto, M.Pd, mengungkapkan  rasa syukur bahwa prestasi di LKS Dikmen Jawa Timur kali ini menjadi bukti nyata bahwa SMK Negeri 8 Kota Malang mampu mencetak generasi muda yang kompeten, adaptif, dan siap bersaing di era digital dan industri berbasis teknologi.
“Selain itu, prestasi ini juga mencerminkan keberhasilan proses pembelajaran berbasis praktik yang diterapkan di lingkungan sekolah,” ungkapnya.
Masih menurut Drs. Suryanto, M.Pd, pihak sekolah menyampaikan apresiasi atas kerja keras para siswa dan guru pembimbing khususnya yang telah berkontribusi dalam mengharumkan nama sekolah. Prestasi ini diharapkan dapat menjadi motivasi bagi seluruh siswa untuk terus meningkatkan kompetensi/kemampuan dan berani berkompetisi di berbagai ajang, baik di tingkat Regional maupun Nasional bahkan Internasional.
Dengan raihan ini, SMK Negeri 8 Kota Malang semakin memperkuat posisinya sebagai salah satu sekolah vokasi unggulan di Jawa Timur yang tidak hanya fokus pada pembelajaran, tetapi juga pada pencapaian prestasi dan kesiapan lulusan dalam menghadapi tantangan dunia kerja dan industri [abe].",https://seputarmalang.com/pendidikan/seputar-halokes/berita-sekolah/prestasi-gemilang-smkn-8-kota-malang-raih-juara-di-lks-dikmen-jatim-ke-xxxiv/2799/
"Prestasi Membanggakan, 16 Siswa SMKN 8 Kota Malang Lolos SNBP PTN",Paradigma Pendidikan Vokasi di SMK 8 Kota Malang Semakin Berkembang,Kontributor,3 April 2026,"Malang, SeputarMalang.Com – Sekolah Menegah Kejuruan Negeri (SMKN) 8 Kota Malang kembali mencatatkan prestasi membanggakan pada tahun 2026 ini.
Informasi yang diberikan Humas Sekolah, Kamis (2/04/2026), sebanyak 16 peserta didik SMKN 8 Kota Malang berhasil lolos Seleksi Nasional Berdasarkan Prestasi (SNBP) dan diterima di berbagai perguruan tinggi negeri (PTN) ternama.
Beberapa PTN tersebut adalah Universitas Brawijaya (UB), Politeknik Negeri Malang (Polinema) dan Politeknik Elektronika Surabaya (PENS),
Keberhasilan ini menjadi bukti bahwa siswa SMK mampu bersaing secara akademik di jalur prestasi nasional. SNBP sendiri merupakan salah satu jalur seleksi masuk PTN yang menitikberatkan pada nilai rapor, prestasi akademik, serta portofolio siswa selama menempuh pendidikan di sekolah.
Kepala SMKN 8 Kota Malang, Drs. Suryanto, M.Pd menyampaikan rasa syukur mendalam dan apresiasi atas capaian para siswa tersebut. Menurutnya, keberhasilan ini tidak terlepas dari kerja keras siswa, dukungan orang tua, serta komitmen guru dalam membimbing proses belajar secara konsisten.
“Ini adalah hasil dari ikhtiar bersama. Kami bangga karena siswa SMK mampu menunjukkan kualitasnya dan diterima di PTN favorit melalui jalur prestasi,” ujarnya.
Ketua Komite Sekolah SMKN 8 Kota Malang, Dr. Abdillah Ubaidi, SE.MM menambahkan bahwa keberhasilan ini juga menunjukkan paradigma pendidikan vokasi semakin berkembang. SMK tidak lagi dipandang hanya sebagai jalur siap kerja, tetapi juga sebagai jalur yang membuka peluang luas untuk melanjutkan pendidikan tinggi.
Dukungan dari berbagai pihak, termasuk dunia industri, wali murid dan alumni, turut memperkuat ekosistem pendidikan di SMKN yang berada di Teluk Pacitan, Arjosari, Blimbing, Kota Malang. Kolaborasi ini diharapkan mampu menciptakan lulusan yang tidak hanya kompeten secara teknis, tetapi juga memiliki daya saing akademik.
Dengan capaian 16 siswa yang lolos SNBP tahun ini, SMKN 8 Kota Malang optimistis dapat terus meningkatkan prestasi di tahun-tahun mendatang. Sekolah juga berkomitmen untuk terus mendorong siswa agar berani bermimpi dan meraih kesempatan terbaik dalam pendidikan.
Berikut 16 Siswa SMKN 8 Malang yang Lolos SNPB PTN
Faahimah Sekar (SI Pendidikan Teknologi Informasi, UB), Adinda Fathimah (04 Teknik Elektronika, Polinema), Vanessa Zilan (D3 Elektronika, Polinema), Azerus Ezhar ($1 Teknologi Informasi, UB), Fandi Ahmad Z. (D4 Teknik Informatika, Polinema), Kyara Anriva (SI Teknologi Informasi, UB), Andrea Wahyu (D3 Teknkil Elektronika, Polinema), Sahfira N. (D3 Teknologi Informasi, UB), Maura Virgina (D3 Teknologi Informasi, UB), Raza Omar Izyan (D4 Teknologi Rekayasa Internet, PENS), Armitha Dwi M. (D4 Teknik Informarika, Polinema), Dewi Putri A. (D4 Akuntansi Manajemen, Polinema), Gilang Angger P. (SI PendidikanTeknologi Informasi, UB), Foreno Faisal F. (S1 Teknik Komputer, UB), Marcell Brian A. (S1 Teknik Komputer, UB), Moh. Sabaruddin (D4 Teknik Elektronika. Polinema).",https://seputarmalang.com/pendidikan/seputar-halokes/berita-sekolah/prestasi-membanggakan-16-siswa-smkn-8-kota-malang-lolos-snbp-ptn/2793/
Fapet UB Kupas Tuntas Peluang Karier Industri Lewat Bedah Buku Legalitas Usaha,,Kontributor,18 Maret 2026,"Malang, SeputarMalang.Com – Mahasiswa masa kini dituntut tidak hanya piawai dalam urusan akademis di laboratorium, tetapi juga harus memiliki pemahaman mendalam mengenai regulasi untuk bisa bersaing di dunia kerja yang semakin kompetitif. Hal ini mengemuka dalam acara Kuliah Tamu dan Bedah Buku bertajuk “Legalitas Usaha untuk UMKM Pangan” yang diselenggarakan di Gedung Fakultas Peternakan (Fapet) Universitas Brawijaya pada Senin, 2 Maret 2026.
Acara ini menghadirkan dua tokoh sentral yang juga merupakan penulis dari buku tersebut. Pertama adalah Anik A. Handayani, S.Pt., seorang Dosen Praktisi sekaligus Konsultan Bisnis dan Legalitas. Narasumber kedua adalah Dr. Ir. Agus Susilo, S.Pt., M.P., IPM, ASEAN Eng., yang menjabat sebagai Wakil Dekan II Fakultas Peternakan Universitas Brawijaya. Kolaborasi keduanya memberikan perspektif yang komprehensif antara dunia akademik dan praktik industri bagi sekitar 40 mahasiswa jurusan Teknologi Hasil Ternak yang hadir.
Dalam pemaparannya, Dr. Ir. Agus Susilo menekankan bahwa industri pengolahan hasil ternak memiliki banyak titik kritis yang bersinggungan langsung dengan persyaratan hukum dan keamanan pangan. “Dunia industri tidak hanya membutuhkan tenaga kerja yang terampil dan mumpuni, tetapi juga memahami tentang mikrobiologi dan mampu menjadi tim internal yang berhubungan dengan persyaratan legalitas,” tegasnya. Beliau menambahkan bahwa literasi legalitas kini menjadi bagian dari kompetensi profesional yang sangat dicari oleh perusahaan-perusahaan besar.

Sementara itu, Anik A Handayani menjelaskan bahwa buku terbitan UB Press ini dirancang sebagai “buku saku” praktis. Tujuannya agar mahasiswa memiliki bekal nyata saat lulus nanti, terutama karena banyak perusahaan membutuhkan tenaga kerja yang mengerti wawasan pengolahan pangan aman sesuai regulasi.
Melalui bedah buku ini, mahasiswa diajak untuk melihat bahwa pemahaman legalitas bukanlah sekadar beban administrasi, melainkan peluang karier yang menjanjikan. Antusiasme peserta terlihat dalam sesi tanya jawab interaktif yang membahas tuntas kaitan antara teknologi pangan dengan kepatuhan hukum.",https://seputarmalang.com/pendidikan/seputar-kampus/fapet-ub-kupas-tuntas-peluang-karier-industri-lewat-bedah-buku-legalitas-usaha/2777/
Unira Malang Hadirkan Menko Zulhas dalam Kuliah Umum Ketahanan Pangan,Menko Zulhas: Bangsa Kuat Dimulai dari Ketahanan Pangan,Abe,24 Februari 2026,"Malang, SeputarMalang.Com – Menteri Koordinator Bidang Pangan Kabinet Merah Putih, Dr. (HC) Zulkifli Hasan, SE.MM, hadir sebagai narasumber utama dalam kuliah umum, Selasa (24/02/2025).
“Ketahanan Pangan dan Kebangsaan sebagai Strategi Integratif Menuju Kedaulatan dan Stabilitas Nasional” menjadi tema Kuliah umum yang berlangsung di Aula KH. Moch. Said, Kampus 1 Universitas Islam Raden Rahmat (Unira) Malang
Di hadapan sivitas akademika Unira Malang, perwakilan Forkompinda Kabupaten Malang dan stakeholder Bidang Pangan, Menko Bidang Pangan menyampaikan gagasan strategis politik kebangsaan pemerintah Prabowo dalam ketahanan pangan.
Dalam paparannya, Zulkifli Hasan menegaskan bahwa ketahanan pangan bukan sekadar isu produksi dan distribusi, tetapi menyangkut kedaulatan bangsa dan untuk menjadi negara maju.
“China tahun 1980-an ekonominya dibawah Indonesia, namun sekarang kemajuan ekonomi China jauh melesat. Kita tertinggal jauh dengan mereka, dan Pemerintahan Prabowo bekerja keras untuk mengejar ini,” urai Zulhas, sapaan akrabnya
Menko Zulhas menguraikan bahwa Bangsa yang kuat adalah bangsa yang mampu memenuhi kebutuhan pangannya sendiri. Ketahanan pangan adalah fondasi stabilitas nasional. Menko Bidang Pangan mengemban ini, jadi Menko ini ada di Pemerintahan Prabowo harus bermanfaat, kalau tidak buat apa ada Kementeriaan ini ada” tegasnya.
Masih menurut Menko Zulhas, peran strategis Koperasi Desa/Kelurahan Merah Putih (KDKMP) sebagai garda terdepan ekonomi kerakyatan.  Dan desa menjadi episentrum ekonomi kerakyatan. Secara khusus, beliau memberikan apresiasi tinggi kepada jajaran TNI, mulai dari Dandim hingga Babinsa.
“Terima kasih kepada para prajurit TNI yang turun langsung mendirikan gerai dan gudang KDKMP di desa-desa. Ini adalah bentuk nyata sinergi pertahanan dan ketahanan pangan dan konteks politik kebangsaan,” sapa Menko Zulhas kepada TNI/ Polri yang hadir.
Sementara itu, Rektor Unira Malang, H. Imron Rosyadi Hamid, SE.MM.,PhD.  menyambut hangat kunjungan ini dan melaporkan kontribusi nyata kampus melalui Program KKN-Tematik (KKN-T) 2025. Program tersebut fokus pada penguatan ekosistem social enterprise desa dan diversifikasi pangan lokal.
“KKN-T 2025 meninggalkan jejak digital, legasi kampus dalam turut aktif dalam menyukseskan progam ketahanan pangan nasional,” tegas Gus IRH sapaan karibnya.
Gus IRH juga berharap Kuliah Umum ini menjadi forum strategis untuk mempertemukan perspektif kebijakan nasional dengan kontribusi akademik dalam menjawab tantangan pangan Nasional.
“Langkah ini adalah komitmen Unira Malang untuk mendukung target swasembada pangan nasional sekaligus merespons tantangan krisis pangan global melalui inovasi dari kampus,” pungkas Gus IRH. [aud]",https://seputarmalang.com/pendidikan/seputar-kampus/agenda-kampus/unira-malang-hadirkan-menko-pangan-dalam-kuliah-umum-ketahanan-pangan/2689/
Peneliti China Dalami Isu Pemberdayaan Pekerja Migran di Malang Raya,,Sam Idoeb,15 Februari 2026,"Malang, SeputarMalang.com – Para relawan pendamping pekerja migran yang pernah tergabung dalam Komunitas Relawan Pekerja Migran Indonesia (Kawan PMI) Malang Raya menghadiri Diskusi Riset tentang Keluarga Migran Indonesia dan Program Pemberdayaan pada Sabtu (14/02/2026) di Universitas Brawijaya. Riset ini dikepalai oleh Shen Xin, dosen dan peneliti dari Institute of Political Science and National Governance, Central China Normal University, Wuhan, China.
Dalam undangannya kepada relawan pekerja migran, Shen Xin mengatakan bahwa sesi ini bertujuan untuk memfasilitasi diskusi mendalam mengenai pengalaman, tantangan, dan perspektif pekerja migran Indonesia beserta keluarganya, dengan fokus khusus pada program pemberdayaan berbasis komunitas di Indonesia.

Yin Kaijun yang mendampingi Shen Xin memimpin diskusi dengan memberikan pertanyaan kepada masing-masing relawan yang hadir. Pria yang sudah fasih berbahasa Indonesia ini mendalami peran masing-masing relawan dalam kaitannya dengan pelindungan dan pemberdayaan pekerja migran di Malang Raya.
Abu Hanifah sebagai mantan Ketua Kawan PMI Malang Raya menyampaikan bahwa pemberdayaan purna PMI dan keluarga PMI dalam bidang ekonomi saat ini mayoritas masih mengandalkan pribadi masing-masing pelaku.
“Tergantung dari orangnya masing-masing. Beberapa ada yang membuka usaha atau aktivitas ekonomi. Kalau PMI masih di luar negeri, biasanya dikelola keluarga. Dananya dikirim. Namun memang ada yang berhasil dan ada yang tidak. Biasanya yang tidak berhasil usahanya, akan kembali lagi ke luar negeri,” ujarnya. “Kalau dari pemerintah saat ini bantuan pemberdayaan yang dikhususkan untuk pekerja migran masih sangat terbatas. Padahal pekerja migran Indonesia ini memberikan kontribusi yang sangat besar untuk devisa,” sambungnya lagi.

Sucipto yang merupakan mantan pengurus Kawan PMI Jawa Timur menambahkan bahwa permasalahan pekerja migran itu sangat rumit dan kompleks. Mulai saat persiapan, keberangkatan, hingga kembali ke tanah air.
Sucipto menjelaskan, “Hingga saat ini permasalahan pekerja migran atau buruh migran Indonesia masih sangat banyak. Khususnya bagi pekerja nonformal. Masalah itu ada saat di dalam negeri hingga luar negeri. Kawan PMI sebagai komunitas bentukan pemerintah hanya bisa membantu pekerja migran untuk masalah di dalam negeri. Itu pun dalam kapasitas yang terbatas, di mana maksimal hanya bisa melaporkan jika terjadi kasus. Karena itu kami juga bergerak dalam naungan organisasi LSM agar lebih bebas membantu kawan-kawan pekerja migran kita.”
“Kami sering mendapatkan informasi permasalahan yang melanda pekerja migran ini dari grup-grup WhatsApp, media sosial, dan laporan teman-teman PMI yang ada di luar negeri. Dalam penanganan kasus yang menimpa PMI kita, kami juga sering bekerja sama dengan organisasi relawan lainnya,” ungkap pria yang juga merupakan pengurus organisasi Pertakina ini.
Selain Abu Hanifah dan Sucipto, relawan yang hadir dalam diskusi kali ini adalah Budi Susilo, Agus Wibowo, dan Ninon Marlina. Diskusi berlangsung hangat sembari menikmati produk olahan kopi yang dibawa tim relawan sebagai salah satu contoh produk hasil pendampingan pemberdayaan UMKM pekerja migran.
Relasi antara pihak peneliti Central China Normal University dan relawan pekerja migran ini tidak bisa dilepaskan dari peran Ayu Kusumastuti, dosen Sosiologi Universitas Brawijaya yang ikut mendampingi tim peneliti selama berada di Kota Malang. Ayu menjadi penghubung bagi tim peneliti dan relawan, dan juga menyediakan lokasi diskusi di gedung A, lantai 3, Fakultas Ilmu Sosial dan Ilmu Politik Departemen Sosiologi, Universitas Brawijaya.
Meski Kawan PMI di seluruh Indonesia sudah tidak dilanjutkan masa tugasnya, namun banyak dari relawan bekas Kawan PMI yang masih membantu permasalahan yang dialami oleh pekerja migran Indonesia. Hal ini didasarkan atas kepedulian terhadap sesama meski harus dilaksanakan dengan kemampuan seadanya dan dana swadaya. Relawan berharap pemerintah dapat terus meningkatkan kepedulian terhadap permasalahan yang dihadapi pekerja migran Indonesia dan juga menambah program-program pemberdayaan ekonomi bagi purna dan keluarga PMI.",https://seputarmalang.com/pekerja-migran/peneliti-china-dalami-isu-pemberdayaan-pekerja-migran-di-malang-raya/2665/
Gebyar Penutupan KKN-T 2026 Unira Malang Gelar Expo Loka Wisata,Unira Malang Tutup KKN-T Berbasis Desa Wisata dengan Expo 15 Destinasi Unggulan,admin smc,14 Februari 2026,"Malang, SeputarMalang.Com – Loka Wisata menjadi titel Gebyar Penutupan KKN-T  2026 Universitas Islam Raden Rahmat (Unira) Malang Berbasis Desa Wisata.
Loka Wisata di adakan di Hal KH. Moch. Said Unira Malang, Sabtu (14/02/2026), dengan konsep expo program Kelompok KKN-T yang mempromosikan desa wisata di 15 desa.
Dr. Ratna Fajarwati Meditama, MPd. dari Lembaga Penelitian dan Pengabdian Masyarakat (LPPM) Unira Malang mengatakan bahwa Loka Wisata secara terminologi merujuk pada suatu tempat atau kawasan yang dijadikan tujuan rekreasi dan pariwisata.
“Tema Loka Wisata, Mewujudkan Desa Wisata yang Mengintegrasikan Pelestarian Alam, Pemberdayaan Budaya, dan Penguatan Nilai-Nilai Religius untuk Pembangunan Berkelanjutan. Dan Mahasiswa di Lokasi KKN-T melakukan pendampingan untuk revitalisasi destinasi sebagai unggulan desa wisata setempat selama 30 hari,” ujar Kak Fajar.
Acara penutupan berlangsung khidmat dan penuh apresiasi atas capaian mahasiswa selama live-in di desa. Sejak awal penempatan, mahasiswa Unira Malang hadir bukan sekadar menjalankan kewajiban akademik, melainkan menjadi mitra kolaboratif desa dalam memperkuat ekosistem wisata berbasis potensi lokal.
Disela-sela acara Abdillah, Kepala LPPM Unira mengatakan bahwa model live-in memungkinkan mahasiswa berbaur dengan masyarakat, memahami dinamika sosial, sekaligus merancang program yang responsif terhadap kebutuhan riil desa terkait desa wisata.
“Desa wisata tidak hanya tentang destinasi, tetapi tentang ekosistem. Ada pelestarian alam, penguatan budaya, tata kelola kelembagaan, hingga nilai religius yang menjadi identitas sosial masyarakat. Mahasiswa hadir dan belajar untuk merajut semuanya dalam satu benang pembangunan berkelanjutan,” ujar Abe, sapaan akrabnya.
Masih menurut Abe, Selama pelaksanaan KKN, mahasiswa menginisiasi berbagai program tematik. Pada aspek pelestarian alam, kelompok KKN melakukan pemetaan potensi ekologis, penataan jalur wisata ramah lingkungan, kampanye kebersihan berbasis komunitas, serta edukasi pengelolaan sampah terpadu dan digitalisasi pemasaran destinasi wisata.
H. Imron Rosyadi Hamid, SE.,Msi, PhD, Rektor Unira Malang dalam sambutannya menegaskan bahwa tema KKN-T 2026 Berbasis Desa Wisata selaras dengan komitmen kampus untuk menjadi perguruan tinggi yang berdampak.
“Mahasiswa harus mampu menghadirkan solusi. Desa wisata yang berkelanjutan tidak bisa dibangun secara parsial. Harus ada integrasi antara alam, budaya, dan religiusitas sebagai fondasi moralnya,” tegas Gus IRH, sapaan karibnya.
Gus IRH juga mengapresiasi dukungan pemerintah daerah dan perangkat desa yang telah membuka ruang kolaborasi. Sinergi antar stakeholder – pemerintah, akademisi, pelaku usaha, komunitas, dan media – dinilai menjadi kunci keberhasilan program. Pendekatan pentahelix ini memungkinkan desa wisata bergerak secara sistemik dan tidak berjalan sendiri.
Penutupan KKN juga diisi dengan pemaparan capaian tiap kelompok sekaligus penjurian stand expo, penayangan video dokumentasi kegiatan. Dan beberapa desa bahkan menyatakan komitmen untuk melanjutkan program yang telah dirintis bersama mahasiswa, terutama pada aspek digital marketing dan penguatan kelembagaan pengelolaan destinasi wisata.
Sebagai informasi, Loka Wisata juga sebagai ajang apreasi Unira Malang kepada mahasiswa KKN-T kali ini. Beberapa apresiasi tersebut, Kategori Ketua kelompok terbaik, DPL (Dosen Pendamping Lapangan)terbaik, Kelompok Terbaik 1,2 dan 3, Stand  terbaik 1,2,3, Video terviral, Video terbaik 1,2,3.
Hebonya peserta saat disampaikan pemenang oleh MC, plus terhibur dengan penampilan live music dari Kroncamsong.
Loka Wisata sebagai acara puncak rangkaian KKN-T Semester Ganjil 2025/2026 yang dimulai sejak awal Desember 2025, ditutup dengan doa oleh Dr. Hasan Bisri, yang juga Wakil Rektor 3.
Hadir pula dalam acara ini semua wakil rektor, Dr. (Cand.) Sinollah,S.Sos, MAB. (Wakil Rektor 1), R. Hesti Setyodyah Lestari, M.Psi., Psikolog (Wakil Rektor 2), Dr.H. Hasan Bisri, MPd (Wakil Rektor 3), Dr. A. Rafik Maulana, MPd. (Wakil Rektor 4), Dekan, Kaprodi di lingkungan Unira, DPL dan Timlas LPPM Unira Malang. [aud]",https://seputarmalang.com/pendidikan/seputar-kampus/berita-kampus/gebyar-penutupan-kkn-t-2026-unira-malang-gelar-expo-loka-wisata/2659/
Penguatan Program SIKAP Berbasis Green Religion: Unira Malang Dampingi SLB BC Kepanjen,"Kolaborasi UNIRA dan SLB BC Kepanjen Sukseskan Program SIKAP: Edukasi Lingkungan, Life Skill, dan Kewirausahaan Sejak Dini",Kontributor,10 Februari 2026,"Malang, SeputarMalang.Com – Universitas Islam Raden Rahmat (Unira) Malang melalui Lembaga Penelitian dan Pengabdian kepada Masyarakat (LPPM) terus menguatkan Program SIKAP berbasis Green Religion di SLB BC Kepanjen dengan mengintegrasikan pembelajaran mendalam, Senin (9/2/2026).
Program SIKAP merupakan program yang digagas oleh Pemerintah Provinsi Jawa Timur untuk memberdayakan lahan sekolah agar lebih produktif, dan pelaksanaannya di SLB BC Kepanjen ini merupakan keberlanjutan dari kegiatan pengabdian kepada masyarakat yang dilaksanakan oleh Tim Universitas Islam Raden Rahmat.
Pembelajaran dilaksanakan di kebun sekolah berbasis Green Religion yang memanfaatkan rooftop sekolah dengan menggunakan galon bekas sebagai media tanam, sebagai upaya nyata mengurangi limbah plastik sekaligus mengoptimalkan ruang terbatas di lingkungan sekolah. Kebun rooftop ini ditanami berbagai sayuran produktif, seperti sawi, tomat, cabai, gambas, dan kangkung, yang dirawat langsung oleh siswa sebagai bagian dari proses pembelajaran yang kontekstual dan bermakna.
Melalui kebun rooftop tersebut, siswa terlibat langsung dalam kegiatan panen sayuran, salah satunya tomat. Dalam proses panen, siswa belajar membedakan warna tomat untuk menentukan tingkat kematangan yang siap dipetik. Kegiatan dilanjutkan dengan menimbang hasil panen, membandingkan ukuran sayuran, serta mengemasnya. Aktivitas ini menjadi media pembelajaran numerasi yang konkret dan menyenangkan. Selanjutnya, hasil panen dijual kepada para guru dan wali murid sehingga siswa dapat belajar mengenal nilai mata uang dan transaksi sederhana secara langsung.
Nanik Ulfa, MPd, Pendamping deep learning dari LPPM Unira Malang, menyampaikan bahwa kegiatan ini merupakan bagian dari pendampingan berkelanjutan yang dilakukan Unira Malang di sekolah mitra.
“Kegiatan ini adalah kelanjutan dari program pengabdian kepada masyarakat yang kami lakukan. Melalui Program SIKAP berbasis Green Religion, kami ingin memastikan siswa tidak hanya belajar menanam dan memanen, tetapi juga memahami nilai menjaga ciptaan Allah serta memiliki keterampilan hidup yang bermanfaat,” ujarnya.
Kepala SLB BC Kepanjen, Ibu Yulia Esti Mulyani, menyampaikan apresiasi atas konsistensi pendampingan yang diberikan oleh Unira Malang.
“Program ini sangat membantu sekolah dalam mengoptimalkan lahan yang terbatas. Anak-anak belajar dengan antusias, sekaligus memahami pentingnya kepedulian terhadap lingkungan dan kemandirian,” tuturnya.
Program SIKAP di SLB BC Kepanjen dikoordinatori oleh Bapak Hamzah yang secara aktif mendampingi pelaksanaan kegiatan di sekolah. Antusiasme dan dukungan juga datang dari para wali murid yang turut terlibat dalam kegiatan jual beli hasil panen.
Salah satu wali murid mengungkapkan dukungannya terhadap program tersebut.
“Kami melihat anak-anak belajar dengan gembira dan lebih percaya diri. Program ini sangat bermanfaat dan kami berharap dapat terus dilaksanakan secara berkelanjutan,” ungkapnya.
Melalui kegiatan ini, Unira Malang bersama SLB BC Kepanjen berkomitmen mendukung keberhasilan Program SIKAP sebagai program strategis Pemerintah Provinsi Jawa Timur.",https://seputarmalang.com/pendidikan/seputar-kampus/agenda-kampus/penguatan-program-sikap-berbasis-green-religion-unira-malang-malang-malang-dampingi-slb-bc-kepanjen/2638/
Trial By The Public Opinion,"Prinsip Trial by The Press, Sudah Bergeser Jauh",Wahyu Eko Setiawan,3 Februari 2026,"SeputarMalang.Com – Di era yang semakin menonjolkan prinsip-prinsip No Viral No Justice , masyarakat ( public ) semakin mudah tergiring opininya dengan media massa. Bahkan akun media sosial seorang tokoh yang sudah dipandang sebagai seorang influencer , seringkali lebih mudah dipercaya sebagai satu-satunya sumber utama informasi atau pemberitaan. Prinsip Trial by The Press , sudah bergeser jauh. Yang dulunya hanya digerakkan oleh kalangan press / media massa berpengaruh, saat ini bisa digerakkan oleh perorangan/ individu melalui akun media sosialnya. Lantas, apa dampaknya dengan manajemen reputasi Perguruan Tinggi?
Banyak data-data yang bisa kita temukan terkait semakin rendahnya minat baca yang mendalam dari generasi muda saat ini. Sebaliknya, budaya membaca secara “ scanning ” semakin tumbuh subur. Seiring dengan bertumbuhnya budaya menikmati kilasan-kilasan informasi yang disajikan secara membanjir di berbagai platform media sosial. Maka, tidak heran jika saat ini generasi muda kita kesulitan untuk membaca, memahami, mencerna dan menggunakan nalar secara kritis serta sehat. Jika generasi mudanya kesulitan membaca, memahami, dan menalar, maka persoalannya bukan sekadar pendidikan—melainkan masa depan peradaban itu sendiri. Lantas, apa peran Perguruan Tinggi saat ini? Dan bagaimana Pers Rilis bisa kita jadikan stimulan untuk membangun nalar kritis dan sehat?
Fenomena Trial by the Public Opinion sudah sangat sering kita lihat. Bahkan semakin menggejala terjadi di mana-mana. Masyarakat ( public )  begitu mudahnya dipengaruhi, didistraksi/ dipecah belah dan diarahkan pemikirannya berdasarkan asumsi atau opini yang sudah dimanipulasi oleh pihak-pihak tertentu. Dampak negatifnya, pada akhirnya semakin merugikan masyarakat lebih luas. Ketidak percayaan publik terhadap berbagai informasi yang disajikan, menjadi tantangan yang lebih serius bagi semua organisasi dan instansi untuk membangun manajemen reputasinya.
Oleh karena itu, merancang dan mengeksekusi sebuah Pers Rilis, sudah tidak bisa lagi hanya sekedar Standar Operasional Prosedur (SOP) atau rutinitas tugas biasa saja. Karena Pers Rilis yang sudah “dipersenjatai” dengan sebaik-baiknya, justru menjadi media yang sangat strategis dan powerful untuk melawan segala bentuk Trial by the Public Opinion ataupun Trial by The Press . Sehingga, manajemen krisis dan manajemen reputasi, bisa dikembangkan dengan sebaik-baiknya. Bukankah mencegah sangat lebih baik daripada mengobati? Dan, langkah antisipasi melalui Pers Rilis yang komprehensif, di masa depan justru menjadi jaring penyelamatan ketika dinamika krisis datang menerjang.
Tantangannya sekarang adalah bagaimana merumuskan dan mengeksekusi rangkaian Pers Rilis bagi organisasi atau instansi, untuk bisa mempublikasikan Pers Rilis yang mampu menjadi jaring penyelamatan dari berbagai bentuk pola-pola Trial by the Public Opinion atau Trial by the Press ? Karena tidak semua data yang ada, bisa diolah menjadi amunisi Pers Rilis yang mampu menangkal praktik-praktik Trial by the Public Opinion . Sisi urgensi dan target jangkauan Pers Rilis yang benar-benar tersegmentasi, juga harus dipertimbangkan dengan sebaik-baiknya.
Tim SMC Pro saat ini sedang mengembangkan pola-pola publikasi Pers Rilis yang benar-benar berdampak positif. Bukan hanya untuk upaya merespons atau reaksioner ketika menghadapi manajemen krisis. Tetapi juga sebagai upaya menyebarkan Jaring Penyelamatan ketika menghadapi dinamika yang benar-benar mempertaruhkan reputasi organisasi, instansi dan institusi yang sedang diterjang badai gelombang Trial by the Public Opinion . Parameternya bukan hanya sekedar menghitung seberapa banyak frekuensi Pers Rilis disebarkan. Juga bukan hanya sekedar berhitung seberapa banyak kanal media massa yang menyebarkan. Lebih jauh dari itu, juga harus bisa diukur dampak psikologis massa ( public ) yang ditimbulkan oleh terbitnya sebuah Pers Rilis dari Tim SMC Pro. Serta beberapa parameter yang lebih mendalam lagi lainnya.",https://seputarmalang.com/opini/trial-by-the-public-opinion/2603/
"Peringati Isra Mikraj di Desa Selorejo, KKNT 14 UNIRA Malang Hadirkan Alumni AKSI Indosiar",,Kontributor,26 Januari 2026,"Malang, SeputarMalang.Com – Kelompok Kuliah Kerja Nyata Tematik (KKNT) 14 Universitas Islam Raden Rahmat (UNIRA) Malang berhasil menyelenggarakan peringatan Isra Mikraj Nabi Muhammad saw. pada Senin malam (19/01/2026). Kegiatan yang dipusatkan di musala Al-Hidayah RT 11, Desa Selorejo tersebut menghadirkan Ustaz Muhammad Shoniful Hadi, S.Pd., penceramah nasional yang dikenal sebagai alumni AKSI Indosiar 2022.
Mengangkat tema “Meneladani Ajaran Isra Mi’raj untuk Membentuk Generasi Berakhlak Mulia” , acara ini tidak hanya menjadi sarana penguatan nilai-nilai spiritual, tetapi juga menjadi wadah mempererat hubungan antara mahasiswa KKNT dan masyarakat Desa Selorejo.
Dalam sambutannya, Ketua KKNT 14 UNIRA Malang, Muhammad Iklil Zamzami Fauzi, menyampaikan bahwa kegiatan tersebut merupakan bagian dari upaya mahasiswa untuk lebih dekat dan menyatu dengan masyarakat setempat.
“Kehadiran kami di sini ingin belajar langsung dari masyarakat. Melalui peringatan Isra Mikraj, kami berharap silaturahmi antara mahasiswa KKNT UNIRA dan warga Desa Selorejo semakin erat, serta kita bisa bersama-sama memetik hikmah dari perjalanan suci Rasulullah,” ungkap Iklil.
Ustaz Muhammad Shoniful Hadi menyampaikan ceramah dengan gaya yang ringan, komunikatif, dan mudah diterima jamaah, namun tetap mengandung pesan mendalam. Ia membuka tausiah dengan ajakan untuk meningkatkan kualitas ibadah di bulan Rajab melalui memperbanyak istigfar dan selawat.
Dalam penyampaiannya, Ustaz Shoniful menyoroti fenomena pergeseran budaya generasi muda yang dinilai lebih dekat dengan tren media sosial seperti TikTok dibandingkan dengan pemahaman terhadap identitas keislaman, salah satunya penanggalan Hijriah. Ia juga menjelaskan keterkaitan budaya Jawa dengan ajaran Islam, salah satunya melalui makna filosofis kue apem yang berasal dari kata Afwun sebagai simbol permohonan ampun.
Pesan yang paling menyentuh disampaikan ketika beliau membahas tentang salat. Ia menegaskan bahwa hubungan manusia dengan Allah sejatinya jauh lebih sederhana dibandingkan hubungan antar sesama.
“Salat itu sebenarnya mudah, manusianya sendiri yang sering mempersulit. Maka jangan pernah berhenti salat meski merasa masih suka bermaksiat, karena boleh jadi di salah satu salatmu, hidayah Allah itu turun,” tutur Ustaz Shoniful.
Meski sempat dihadapkan pada kendala cuaca, rangkaian acara tetap berlangsung dengan khidmat dan dihadiri oleh banyak jamaah. Ketua Pelaksana kegiatan, Muhammad Baihaqi, mengungkapkan rasa syukur atas terselenggaranya acara dengan lancar.
“Alhamdulillah, warga sangat antusias datang meski cuaca sore tadi sempat hujan. Acara berjalan dengan lancar dan kami sangat berterima kasih atas sambutan hangat dari masyarakat RT 11 Selorejo,” pungkas Baihaqi saat diwawancarai usai acara.
Acara peringatan Isra Mikraj tersebut ditutup dengan doa bersama yang dipimpin oleh penceramah. Doa dipanjatkan sebagai bentuk harapan agar seluruh jamaah senantiasa diberi keberkahan, keistikamahan dalam beribadah, serta keselamatan bagi masyarakat Desa Selorejo dan mahasiswa KKNT 14 UNIRA Malang selama menjalankan aktivitas dan pengabdian.",https://seputarmalang.com/pendidikan/seputar-kampus/berita-kampus/peringati-isra-mikraj-di-desa-selorejo-kknt-14-unira-malang-hadirkan-alumni-aksi-indosiar/2584/
Hijrah sebagai Perjalanan Spiritualitas dan Perubahan Sosial,,Abdillah,16 Juni 2026,"SeputarMalang.Com – Tahun Baru Hijriyah mengajak untuk menengok ke dalam diri. Tahun baru ini bukan sekadar pergantian angka dalam kalender atawa almanak, melainkan momentum perenungan tentang makna hijrah, perubahan, dan pembaruan kehidupan.
Sedikit flasback , Kalender Hijriyah bertitik awal dari peristiwa hijrah Nabi Muhammad SAW dan para sahabat dari Makkah ke Madinah pada tahun 622 Masehi.
Secara historikal, hijrah saat itu merupakan peristiwa transformasi besar yang mengubah umat Islam dari komunitas kecil yang tertindas menjadi masyarakat yang mandiri, berdaya, dan mampu membangun tatanan sosial masyarakat madani.
Dari sejarah tersebut, mari mengambil makna hijrah sesungguhnya. Adalah melampaui konteks perpindahan geografis. Hijrah merupakan perpindahan cara berpikir, cara hidup, dan cara memandang masa depan.
Hijrah adalah keberanian meninggalkan keadaan yang buruk menuju keadaan yang lebih baik. Dus, hijrah berkaitan dengan perjuangan, pengorbanan, dan pembaruan diri.
Artinya, hijrah bukan sekadar soal ekspresi simbolik dan manifestasi keberagamaan yang dinampak-nampakkan, melainkan transformasi moral.
Sebagai ekspresi lahiran wa batinan upaya memetieskan narasi hoaks menuju literasi cerdas, mereduksi kemalasan menuju produktivitas, mencuaikan kebencian menuju kasih sayang, menghindari korupsi menuju kejujuran, memencilkan egoisme menuju kepedulian sosial.
Hijrah adalah perjalanan yang tidak pernah selesai. Entitas yang bukan tujuan, melainkan proses. Karena setiap manusia harus selalu berada dalam perjalanan menuju versi dirinya yang lebih baik.
Sebagaimana air yang terus mengalir mencari muara, demikian pula kehidupan manusia yang senantiasa bergerak menuju kesempurnaan yang hanya dimiliki oleh Allah SWT.
Dan sejatinya, manusia dipandang sebagai makhluk yang harus selalu berada dalam perjalanan spiritual untuk menemukan jati diri dan mendekat kepada Sang Khalik.
Eling lan Waspada dan Kesadaran Perubahan
Dalam tradisi spiritual Jawa, prinsip menemukan jati diri ini dapat ditemukan dalam konsep eling lan waspada . Eling berarti kesadaran diri terhadap asal-usul, tujuan hidup, dan hubungan manusia dengan Sang Khalik. Sementara waspada berarti kemampuan membaca perubahan dan tantangan yang ada di sekitar.
Kedua nilai tersebut secara subtantif sejalan dengan prinsip manajemen strategis yang menuntut refleksi internal sekaligus kemampuan membaca lingkungan eksternal.
Karenanya, spiritualitas Jawa dan konsep hijrah (Islam) sama-sama mengajarkan pentingnya keseimbangan antara refleksi batin dan tindakan nyata dalam bentuk kata dan laku.
Di dunia modern, konsep hijrah memiliki relevansi yang kuat dengan teori perubahan, change management . Dalam ilmu manajemen, organisasi yang mampu bertahan bukanlah organisasi yang paling besar, melainkan yang paling adaptif terhadap perubahan lingkungan (Kotter, 1996). Pun demikian dalam konteks manajemen diri, self-management .
Pada era digital saat ini, tantangan perubahan hadir dalam bentuk yang berbeda. Revolusi teknologi, kecerdasan buatan, perubahan pola kerja, dan ketidakpastian ekonomi global menuntut individu maupun organisasi untuk terus beradaptasi.
Pada lingkungan sosial yang terdigitalisasi, tantangan terbesar era kecerdasan buatan dan otomasi bukanlah mengelola perubahan, melainkan mampu menciptakan perubahan itu sendiri.
Dalam konteks ini, spirit hijrah menjadi sungguh relevan. Karena hijrah membudayakan keberanian, meninggalkan pola lama yang tidak lagi efektif menuju cara baru yang lebih produktif dan bermakna.
Namun demikian, manajemen modern juga mengingatkan bahwa perubahan yang berhasil harus dimulai dari kesadaran internal. Dalam The 7 Habits of Highly Effective People , karya Stephen Covey (1989) menegaskan bahwa perubahan yang berkelanjutan berawal dari private victory sebelum menghasilkan public victory .
Gagasan ini selaras dengan sabdaNya dalam QS. Ar-Ra’d ayat 11, “Sesungguhnya Allah tidak merubah keadaan sesuatu kaum sehingga mereka merubah keadaan yang ada pada diri mereka sendiri.”
Pesan langit tersebut menegaskan bahwa perubahan sosial dimulai dari perubahan diri sendiri. Dengan kata lain, hijrah merupakan proses self-management yang menjadi fondasi bagi perubahan yang lebih luas.
Bagi organisasi, institusi bisnis dan non-bisnis, komunitas, maupun individu, Tahun Baru Hijriyah dapat dimaknai sebagai momentum melakukan muhasabah. Sebagaimana institusi bisnis melakukan evaluasi tahunan terhadap capaian dan targetnya.
Momentum tahu baru hijriyah, sabagai vocal point untuk mengevaluasi perjalanan hidup. Apa yang perlu dipertahankan, diperbaiki, atau ditinggalkan. Dalam bahasa manajemen, proses ini dikenal sebagai continuous improvement , perbaikan berkelanjutan (Deming, 1986).
Makna hijrah tidak hanya relevan dalam ranah spiritual, tetapi juga dalam kehidupan profesional dan organisasi modern. Hijrah mengajarkan bahwa perubahan membutuhkan visi, keberanian, disiplin, dan komitmen.
Nilai inti dari hijrah adalah arketipe kehidupan manusia yang senantiasa bergerak menuju kesempurnaan yang hanya dimiliki oleh Allah SWT.
Nilai tersebut menjadi fondasi bagi individu yang tangguh, organisasi yang adaptif, dan masyarakat yang mampu menghadapi tantangan kehidupan masa depan tanpa kehilangan akar moral dan budaya. Akhirnya, Wallahu a’lam bish-shawab .",https://seputarmalang.com/opini/hijrah-sebagai-perjalanan-spiritualitas-dan-perubahan-sosial/2897/
Kepala Bakorwil Malang Dampingi Gubernur Jatim Sidak Pasar Klojen,Kehadiran Pemerintah Provinsi Jawa Timur di Pasar Tradisional Merupakan Bagian dari Upaya Menjaga Keterjangkauan Harga Bahan Pokok di Malang Raya,Kontributor,29 Mei 2026,"Malang, SeputarMalang.Com – Pemerintah Provinsi Jawa Timur terus memperkuat langkah konkret dalam menjaga stabilitas harga dan ketersediaan bahan kebutuhan pokok di pasar tradisional. Upaya tersebut ditunjukkan melalui inspeksi mendadak (sidak) yang dilakukan Gubernur Jawa Timur Khofifah Indar Parawansa di Pasar Klojen, Jum’at (29/5/2026).
Dalam kegiatan tersebut, Kepala Bakorwil Malang Asep Kusdinar turut mendampingi Gubernur untuk memastikan kondisi riil harga serta distribusi bahan pokok di pasar tradisional Kota Malang tetap terkendali menjelang libur panjang dan Hari Raya Iduladha.
Sidak dilakukan dengan meninjau langsung lapak-lapak pedagang sekaligus berdialog dengan masyarakat dan pelaku usaha pasar. Dari hasil pemantauan ditemukan adanya keterbatasan stok beras medium SPHP dan Minyakita di sejumlah kios pasar. Kondisi tersebut menjadi perhatian serius Pemerintah Provinsi Jawa Timur untuk segera dilakukan langkah koordinatif bersama pihak terkait, termasuk Bulog dan pemerintah daerah.
Kepala Bakorwil Malang Asep, menyampaikan bahwa kehadiran Pemerintah Provinsi Jawa Timur di pasar tradisional merupakan bagian dari upaya menjaga keterjangkauan harga sekaligus memastikan distribusi bahan pokok berjalan lancar di wilayah Malang Raya.
“Bakorwil Malang mendukung penuh langkah cepat Ibu Gubernur dalam memastikan stabilitas harga bahan kebutuhan pokok di pasar tradisional. Pasar rakyat menjadi salah satu indikator penting kondisi ekonomi masyarakat, sehingga pengawasan distribusi dan ketersediaan stok harus terus diperkuat melalui kolaborasi lintas sektor,” ujarnya.
Menurutnya, koordinasi dan gotong royong antar pemangku kepentingan menjadi kunci dalam mengantisipasi potensi inflasi daerah, terutama pada komoditas strategis seperti beras, minyak goreng, cabai, dan bawang merah.
Dalam sidak tersebut, Gubernur Khofifah juga memantau perkembangan harga sejumlah komoditas pangan yang mengalami fluktuasi. Pemerintah Provinsi Jawa Timur terus mendorong langkah mitigatif melalui penguatan distribusi, kerja sama antar daerah (KAD), serta pengendalian pasokan agar daya beli masyarakat tetap terjaga.
Bakorwil Malang menegaskan komitmennya untuk terus bersinergi bersama Pemerintah Kabupaten/Kota, instansi vertikal, dan stakeholder terkait dalam menjaga stabilitas ekonomi wilayah, khususnya melalui penguatan pengawasan distribusi bahan pokok serta pemetaan dinamika harga di pasar tradisional.
Langkah ini diharapkan mampu memberikan rasa aman dan solusi kepada masyarakat terhadap ketersediaan kebutuhan pokok sekaligus menjaga stabilitas inflasi daerah di wilayah Malang Raya.",https://seputarmalang.com/lokasi/jawa-timur/kepala-bakorwil-malang-dampingi-gubernur-jatim-sidak-pasar-klojen/2889/
"Spiritualitas Jawa, Idul Kurban, dan Tradisi Sufistik",,Abdillah,26 Mei 2026,"SeputarMalang.Com – Penyembelihan hewan menjadi ritual yang senantiasa hadir dalam merayakan Idul Adha. Ini tidak lepas dari penamaan ‘Id al-Adha, secara harfiah berarti “Hari Raya Penyembelihan Hewan Kurban”.
Penamaan lainnya, ‘Id al-Fida’ , “Hari Raya Penebusan/Pengorbanan”, merujuk pada kisah Nabi Ibrahim dan Nabi Ismail. Karenanya populer juga dengan sebutan Idul Kurban.
Dari kisah tersebut, ada momentum spiritual untuk membaca kembali hubungan manusia dengan Allah, sesama, dan dirinya sendiri. Sehingga Idul Kurban tidak berhenti pada dimensi syariat, tetapi juga menyentuh wilayah batin.
Ihwal wilayah batin yang dimaksud adalah tentang laku pengorbanan, pengendalian diri, serta upaya mengendalikan hawa nafsu demi mencapai kemuliaan jiwa.
Dalam spiritualitas Jawa dikenal konsep “lelaku” atau perjalanan batin. Manusia dipandang tidak cukup hanya menjalankan ritual lahiriah, tetapi juga harus menempuh jalan penyucian batin. Karenanya, Idul Kurban dalam perspektif spiritualitas Jawa bukan semata menyembelih hewan, melainkan juga “menyembelih” sifat tamak, angkara, kesombongan, dan egoisme yang bersemayam dalam diri manusia.
Sungguh menarik, jalan spiritual jawa sesungguhnya telah diwariskan secara sangat cerdas oleh para Wali Songo. Alm. Agus Sunyoto dalam buku Atlas Wali Songo menjelaskan bahwa para wali menyebarkan Islam melalui pendekatan budaya dan spiritualitas yang halus, tanpa merusak tradisi masyarakat Nusantara (Jawa). Mereka “tidak mengusik agama dan kepercayaan mereka, tapi memperkuatnya dengan cara yang islami.”
Di titik inilah, Idul Kurban menemukan relevansinya dengan ajaran tasawuf yang diwariskan para ulama Nusantara. Yang banyak terinsersi kitab Al-Hikam, mahakarya di bidang tasawuf karya Syekh Ibnu Atha’illah as-Sakandari.
Kitab tersebut tidak hanya dibaca sebagai teks keagamaan, tetapi juga menjadi panduan pembentukan jiwa sufi yang mengajarkan keikhlasan, tawakal, dan kesadaran bahwa manusia sejatinya hanyalah hamba.
Tradisi Sufistik
Legasi tradisi Nusantara, Idul Kurban berasimilasi dan berkembang menjadi ruang sosial dan spiritual sekaligus. Ada tradisi berbagi, grebeg . kenduri, hingga gotong royong yang memperlihatkan bahwa kurban bukan hanya hubungan vertikal kepada Allah, tetapi juga implementasi solidaritas horizontal kepada sesama manusia. Nilai inilah yang sebenarnya menjadi inti ajaran tasawuf, tradisi sufistik. Senatiasa mendekat kepada Allah dengan memuliakan manusia dan makhluk lainnya.
Ibnu Athaillah mengingatkan bahwa amal bukan terletak pada banyaknya tindakan, tetapi pada kualitas kehadiran hati kepada Allah.
Sungguh, subtantsi pesan profetik ini sangat kontekstual dengan Idul Kurban. Sebab di tengah modernitas dan era gadget , kurban sering kali terjebak dalam simbol sosial dan pencitraan semata. Nilai spiritualnya perlahan memudar oleh budaya seremonial dan konsumsi audio-visual media sosial.
Padahal, dalam tradisi sufistik, kurban justru mengajarkan “penghilangan diri.” Semakin seseorang dekat kepada Allah, semakin kecil egonya. Spiritualitas Jawa mengenalnya dengan istilah andhap asor , rendah hati, tidak menonjolkan diri. Dalam konteks ini, Idul Kurban bukan panggung untuk menunjukkan kemampuan memberi, tetapi ruang sunyi untuk melatih keikhlasan dan empati sosial.
Kitab Al-Hikam mengajarkan bahwa tanda hati yang hidup adalah tumbuhnya kasih sayang dan hilangnya keangkuhan. Maka seseorang yang rajin beribadah tetapi masih merendahkan orang lain, sejatinya belum selesai dengan perjalanan spiritualnya.
Dus, dalam konteks Idul Kurban sejatinya pengorbanan terbesar justru sering kali bukan harta, melainkan ego diri sendiri.
Hidup di zaman ketika manusia mudah merasa paling benar, paling saleh, dan paling suci. Media sosial memperlihatkan bagaimana agama sering dipakai untuk kompetisi moral dan penghakiman publik. Di tengah situasi seperti ini, tradisi sufistik menawarkan jalan teduh.
Yaitu,  menepi sejenak untuk mengolah batin, dan belajar memahami hidup dengan penuh kebijaksanaan.
Idul Kurban akhirnya mengajarkan satu hal penting. Manusia yang besar bukanlah manusia yang banyak memiliki, tetapi manusia yang mampu melepaskan. Kisah Nabi Ibrahim menjadi teladan karena mampu mengorbankan apa yang paling dicintainya demi ketaatan kepada Allah. Dalam bahasa spiritual Jawa, itulah bentuk “ menang tanpa ngasorake ”, menang melawan diri sendiri tanpa merendahkan orang lain.
Karena itu, Idul Kurban semestinya tidak hanya dirayakan di masjid dan lapangan, tetapi juga di dalam batin manusia. Sebab hewan kurban hanya disembelih sekali dalam setahun, sementara hawa nafsu harus terus dikendalikan sepanjang hidup.
Sebagai penutup, refleksi Idul Kurban dalam spiritualitas Jawa mengajarkan bahwa lelaku perjalanan menuju Tuhan bukan hanya soal ritual lahiriah, tetapi juga perjuangan menaklukkan ego dan membersihkan hati.
Jalan inilah yang diwariskan para wali dan para sufi sebagai tradisi sufistik yang menghadirkan agama sebagai sumber kasih sayang, keteduhan, dan kebijaksanaan hidup. Dalam tradisi tasawuf, pengorbanan sejati bukan hanya memberi apa yang dimiliki, tetapi melepaskan keterikatan diri dari kesombongan dan hawa nafsu.
Imam Abu Hasan Asy-Syadzili pernah berpesan, “Janganlah langkahmu tertunda karena dosa-dosamu, sebab bisa jadi satu penyesalan yang tulus lebih dekat kepada Allah daripada banyak amal yang membuatmu sombong.”
Dan Pesan tersebut menjadi pengingat bahwa Idul Kurban sejatinya bukan tentang siapa yang paling banyak berkurban, melainkan siapa yang paling ikhlas membersihkan batinnya di hadapan Allah. Akhirnya, Wallahu a’lam bish-shawab .",https://seputarmalang.com/opini/idul-kurban-dan-tradisi-sufistik/2884/
Bakorwil Malang Perkuat Sinergi Pembangunan Kewilayahan Berkelanjutan melalui Green Forestry dan Green Economy,Bakorwil Malang Mendorong Pengembangan Ekonomi Hijau Melalui Program VESTAWIL.ID.,Wahyu Eko Setiawan,25 Mei 2026,"Malang, SeputarMalang.Com – Badan Koordinasi Wilayah (Bakorwil) III Malang Pemerintah Provinsi Jawa Timur terus memperkuat komitmennya dalam mendukung solusi urusan pembangunan dan pemerintahan melalui penguatan sinergi pembangunan kewilayahan berkelanjutan berbasis pelestarian lingkungan dan pengembangan ekonomi hijau.
Komitmen tersebut disampaikan dalam kegiatan Webinar ASN Kampus Satelit Tahun 2026 bertema “Sinergi Pembangunan Kewilayahan Berkelanjutan dan Pelestarian Kehutanan dalam Mewujudkan Green Forestry dan Green Economy di Wilayah Kerja Bakorwil III Malang” yang disampaikan langsung oleh Kepala Bakorwil Malang, Asep Kusdinar, Senin (25/5/2026).
Dalam paparannya, Asep menegaskan bahwa Bakorwil memiliki peran strategis sebagai simpul koordinasi pembangunan daerah melalui fungsi koordinasi, sinkronisasi, fasilitasi, monitoring dan evaluasi, pembinaan dan pengawasan, serta mendukung prioritas Gubernur Jawa Timur di wilayah kerja masing-masing.
Menurutnya, wilayah kerja Bakorwil Malang yang meliputi sembilan Kabupaten/Kota memiliki posisi strategis sebagai pusat pertumbuhan ekonomi, kawasan industri, pertanian, pariwisata, sekaligus penyangga lingkungan hidup di Jawa Timur. Namun demikian, wilayah tersebut juga menghadapi tantangan pembangunan berkelanjutan yang cukup kompleks seperti peningkatan timbulan sampah, degradasi kawasan hutan, tekanan terhadap Daerah Aliran Sungai (DAS) Brantas, hingga dampak perubahan iklim yang memicu banjir dan longsor.
“Bakorwil hadir untuk memperkuat solusi urusan pembangunan dan pemerintahan melalui semangat gotong royong. Tantangan pembangunan saat ini membutuhkan koordinasi, kolaborasi, sinergi, dan orkestrasi lintas sektor agar pembangunan berjalan lebih terintegrasi dan berkelanjutan,” ujar Asep.
Ia menjelaskan, sejumlah isu strategis kewilayahan yang menjadi perhatian Bakorwil Malang meliputi penguatan reformasi kehutanan dan pelestarian lingkungan, pengelolaan sampah regional dan pengendalian pencemaran lingkungan, pengembangan green economy berbasis UMKM, serta penguatan sinergi kewilayahan dan stabilitas ekonomi daerah.
Sebagai langkah konkret, Bakorwil Malang telah memfasilitasi berbagai program strategis, di antaranya Workshop Reformasi Kehutanan Menuju Indonesia Emas 2045, penguatan forum kebijakan subsektor kehutanan berbasis data dan keberlanjutan lingkungan, fasilitasi percepatan pengembangan TPA/TPST Regional Blitar Raya, serta pendampingan sertifikasi halal bagi 100 UMKM di Malang Raya.
Selain itu, Bakorwil Malang juga aktif melaksanakan koordinasi dan fasilitasi penyusunan Kesepakatan Bersama (KSB), Perjanjian Kerja Sama (PKS), penanganan kebencanaan kawasan Bromo Tengger Semeru, sinkronisasi batas wilayah, hingga fasilitasi penyelesaian konflik pengelolaan destinasi wisata Tumpak Sewu antara Kabupaten Lumajang dan Kabupaten Malang.
Dalam mendukung penguatan ekonomi hijau dan kepedulian lingkungan, Bakorwil Malang turut menyelenggarakan Lomba Inovasi Blue Green Pengelolaan Lingkungan Hidup se-Wilker Bakorwil Malang yang diikuti 110 peserta, serta mendorong pengembangan ekonomi hijau melalui program VESTAWIL.ID.
Asep menambahkan bahwa keberhasilan pembangunan kewilayahan tidak dapat dilakukan secara parsial, melainkan membutuhkan keterlibatan aktif seluruh pemangku kepentingan, mulai dari pemerintah daerah, dunia usaha, akademisi, komunitas, hingga masyarakat.
“Penguatan sinergi antar wilayah dan lintas sektor menjadi fondasi penting dalam mewujudkan pembangunan yang adaptif, berdaya saing, dan berwawasan lingkungan sehingga tercipta keseimbangan antara pertumbuhan ekonomi, pelestarian kehutanan, dan kesejahteraan masyarakat,” pungkasnya.",https://seputarmalang.com/lokasi/jawa-timur/bakorwil-malang-perkuat-sinergi-pembangunan-kewilayahan-berkelanjutan-melalui-green-forestry-dan-green-economy/2881/
Kolaborasi PP An-Nur 1 dan Unira Malang Dorong Inovasi Pertanian Santri,"Bangun Kemandirian Santri, PP An-Nur 1 dan Unira Malang Gelar Pelatihan Santripreneur Agro",Abe,23 Mei 2026,"Malang, SeputarMalang.Com – Pondok Pesantren (PP) An-Nur 1 Bululawang, Kabupaten Malang bekerja sama dengan Lembaga Penelitian dan Pengabdian Masyarakat (LPPM) Universitas Islam Raden Rahmat (Unira) Malang menggelar kegiatan Pelatihan Santripreneur Agro ,
Kegiatan yang dirancang bagai upaya membangun kemandirian ekonomi santri melalui penguatan keterampilan agribisnis dan kewirausahaan. Pelatihan berlangsung di PP An-Nur 1 Bululawang ini mengambil tajuk “Membanngun Kemandirian Sabtri Melalui Inovasi Pertanian dan Kewirausahaan”, Sabtu (23/5/2026)
Kegiatan yang berlangsung di lingkungan pesantren tersebut diikuti para santri dengan antusias. Pelatihan ini menjadi bagian dari komitmen pesantren dalam membekali santri yang tidak hanya unggul dalam ilmu agama, tetapi juga memiliki kemampuan adaptif terhadap perkembangan ekonomi dan sosial masyarakat.
Pengasuh Pondok Pesantren An-Nur 1 Bululawang, Dr. Hj. Erna Faridhatul Ulfah, M.Si., menyampaikan bahwa program santripreneur menjadi langkah strategis untuk mencetak santri yang mandiri dan produktif.
“Lewat program santripreneur kami ingin membekali santri An-Nur 1 dengan keterampilan agrobisnis dan mindset kewirausahaan agar mandiri secara ekonomi. Santri sebagai generasi muda yang tidak hanya dibekali ilmu agama, tetapi juga nilai-nilai kemandirian, kedisiplinan, dan kepedulian terhadap masyarakat,” ujar Umik Erna, sapaan akrabnya.
Masih menurut Umik Erna, sebagai bagian dari ikhtiar bersama dalam konteks pembangunan ekonomi berkelanjutan. Program ini menggadeng Unira Malang dalam kegiatan tridharma kampus.
Abdillah, dari LPPM Unira Malang dalam paparannya sangat mengapresiasi program yang digagas pihak PP. An-Nur 1 Bululawang, Bekal mindset pertanian dan kewirausahaan adalah bekal strategis bagi pribadi santri.
“Pertanian berkelanjutan saat ini menjadi sektor penting yang harus dikenalkan kepada generasi muda. Khususnya santri. Demikian juga tekait entrepreneurship , karena menjadi trigger dalam pertumbuhan ekonomi”, ungkap Abe sapaan karibnya.
Dalam paparannya Abe, motivasi kenapa harus mengambil peran entrepreneurship. Kemandirian, inovasi dan keberkahan adalah kunci Santripreneur sukses dan handal.  Dan santri memiliki peluang besar menjadi agen perubahan dalam pengembangan pertanian yang ramah lingkungan sekaligus bernilai ekonomi.
“kolaborasi dengan pesantren merupakan bagian dari pengabdian perguruan tinggi kepada masyarakat sekaligus bentuk dukungan terhadap penguatan ekonomi berbasis pesantren” imbuh Abe.
Dr. Astrid Ika Paramitha, MP., penemu genetik melon hitam, tim riset LPPM Unira Malang menambahkan bahwa melalui pelatihan Santripreneur Agro, peserta mendapatkan materi secara praktikal terkait pembibitan sampai perawatan tanaman melon.
“Hari ini santri mendapatkan praktik langsung mengenai teknik budidaya tanaman melon sebagai salah satu komoditas pertanian bernilai ekonomi tinggi. Meliputi proses pembibitan, pemilihan media tanam, teknik penanaman, hingga perawatan tanaman agar mampu menghasilkan buah berkualitas baik dan memiliki daya jual tinggi,” tutur Acid sapaan akrabnya.
Ditambahkan Acid, hari ini juga diperkenalkan pada metode perawatan tanaman melon pada fase pertumbuhan dewasa, mulai dari pengaturan nutrisi, penyiraman, pemangkasan, hingga pengendalian hama dan penyakit tanaman.
“Melalui praktik tersebut, para santri diharapkan mampu memahami proses budidaya secara menyeluruh sehingga dapat menjadi bekal keterampilan usaha pertanian mandiri berbasis pesantren” imbuh Acid.
Sebelum acara pelatihan, PP. An-Nur 1 Bululawang dan LPPM Unira teken Nota Kesepakatan terkait program Santripreneur Agro sebagai katalis tridharma dosen dan mahasiswa Unira Malang. [aud]",https://seputarmalang.com/pendidikan/seputar-kampus/berita-kampus/bangun-kemandirian-santri-pp-an-nur-1-dan-unira-malang-gelar-pelatihan-santripreneur-agro/2874/
